,country,year,life_expectancy,bmi_male,bmi_female,gdp,population
0,Afghanistan,2015,62.659,22.59727899,24.10689909,566.881129708434,33753499.0
1,Afghanistan,2014,62.545,22.51238634,23.97913537,626.512929086139,32716210.0
2,Afghanistan,2013,62.417,22.42778543,23.85132667,638.73318101404,31541209.0
3,Afghanistan,2012,61.923,22.3438711,23.72296541,653.417474910283,30466479.0
4,Afghanistan,2011,61.419,22.26185019,23.59478507,608.738850364613,29249157.0
5,Afghanistan,2010,60.851,22.18156918,23.4669499,562.499221552971,28189672.0
6,Afghanistan,2009,60.364,22.1029582,23.33914778,453.387385142577,27385307.0
7,Afghanistan,2008,59.852,22.02480215,23.21112543,382.533807216693,26427199.0
8,Afghanistan,2007,59.111,21.94726997,23.08330994,376.318299640418,25903301.0
9,Afghanistan,2006,58.684,21.86935021,22.9553998,274.01539233406,25442944.0
10,Afghanistan,2005,58.361,21.79068685,22.82747585,254.115276010485,24411191.0
11,Afghanistan,2004,57.944,21.71044689,22.69821087,221.830530720307,23553551.0
12,Afghanistan,2003,57.344,21.6282274,22.56762969,199.643226536823,22645130.0
13,Afghanistan,2002,56.454,21.54346323,22.43556899,182.174038211707,21000256.0
14,Afghanistan,2001,55.798,21.45684626,22.30232938,142.903364432457,19688632.0
15,Afghanistan,2000,55.298,21.36950574,22.16827048,180.188369406647,19542982.0
16,Albania,2015,78.644,27.06083759,26.42865202,3952.80357364813,2880703.0
17,Albania,2014,78.407,26.94717003,26.34766264,4578.63320812155,2889104.0
18,Albania,2013,78.123,26.83524213,26.26513652,4413.06338346821,2895092.0
19,Albania,2012,78.064,26.72517754,26.18105126,4247.63134315945,2900401.0
20,Albania,2011,78.092,26.61704145,26.09548179,4437.14116097061,2905195.0
21,Albania,2010,77.936,26.50991056,26.00860063,4094.34968570481,2913021.0
22,Albania,2009,77.781,26.40341746,25.92028605,4114.13403283023,2927519.0
23,Albania,2008,77.653,26.29694754,25.83062046,4370.53971639449,2947314.0
24,Albania,2007,77.549,26.19041371,25.73993422,3595.03829536404,2970017.0
25,Albania,2006,76.816,26.08452347,25.64939312,2972.74362094736,2992547.0
26,Albania,2005,76.621,25.97969087,25.55949893,2673.78781583529,3011487.0
27,Albania,2004,76.376,25.87671391,25.47139033,2373.58129170055,3026939.0
28,Albania,2003,76.142,25.77613126,25.38501211,1846.12012081207,3039616.0
29,Albania,2002,75.89,25.67802931,25.30132794,1425.12421860142,3051010.0
30,Albania,2001,75.639,25.58343886,25.22123109,1281.6598256178,3060173.0
31,Albania,2000,75.404,25.49308165,25.1455318,1126.68334010717,3089027.0
32,Algeria,2015,75.622,24.77725397,26.48940865,4741.49977033558,39543154.0
33,Algeria,2014,75.11,24.68790379,26.41581674,6164.64469897525,38760168.0
34,Algeria,2013,74.615,24.59774192,26.34157601,6044.67490330703,38000626.0
35,Algeria,2012,74.202,24.50780301,26.26686537,6096.09001549263,37260563.0
36,Algeria,2011,74.123,24.41764774,26.19187722,5974.57008682611,36543541.0
37,Algeria,2010,73.808,24.32793414,26.11620574,4958.2593791361,35856344.0
38,Algeria,2009,73.62,24.23944194,26.0394614,4270.85845146029,35196037.0
39,Algeria,2008,72.941,24.15330378,25.96225333,5217.99182157355,34569592.0
40,Algeria,2007,72.602,24.07101123,25.8857349,4192.66316915541,33983827.0
41,Algeria,2006,72.334,23.99328618,25.81148101,3681.29098817798,33435080.0
42,Algeria,2005,72.061,23.91810353,25.73647115,3248.09981432319,32956690.0
43,Algeria,2004,71.762,23.84326152,25.65845032,2827.22716459299,32510186.0
44,Algeria,2003,71.287,23.76777048,25.57613535,2292.31758148495,32055883.0
45,Algeria,2002,71.23,23.69203495,25.48981753,1945.19192868032,31624696.0
46,Algeria,2001,70.823,23.61528689,25.39901118,1904.21555356782,31200985.0
47,Algeria,2000,70.478,23.53687812,25.30447714,1780.37606280604,30774621.0
48,Angola,2015,60.655,22.36461265,24.26281086,3217.33924005417,28127721.0
49,Angola,2014,60.04,22.29213236,24.14683339,5011.9844274536,27128337.0
50,Angola,2013,59.307,22.2192578,24.02957213,5061.34925297484,26147002.0
51,Angola,2012,58.623,22.14630885,23.91079829,5083.82687346735,25188292.0
52,Angola,2011,57.596,22.07261159,23.79088,4608.15516572683,24259111.0
53,Angola,2010,56.726,21.99831533,23.66906729,3586.66369358621,23364185.0
54,Angola,2009,55.752,21.92239025,23.54575066,3123.69888517374,22507674.0
55,Angola,2008,54.633,21.84431603,23.41990446,4081.71750626182,21691522.0
56,Angola,2007,53.642,21.76357357,23.29149275,3121.34872503374,20909684.0
57,Angola,2006,52.369,21.68047209,23.16068557,2597.9635866386,20162340.0
58,Angola,2005,51.57,21.59569525,23.02749401,1900.72380923794,19450959.0
59,Angola,2004,50.592,21.50967157,22.89166386,1254.696118613,18771125.0
60,Angola,2003,49.617,21.42245528,22.75282697,982.805587449171,18124342.0
61,Angola,2002,47.386,21.3350444,22.61166962,872.657631363509,17516139.0
62,Angola,2001,46.59,21.24756836,22.46918349,527.46411051877,16941587.0
63,Angola,2000,46.024,21.16084534,22.32578877,556.884252978488,16394062.0
64,Antigua and Barbuda,2015,77.913,25.73584965,27.83193368,15985.5411386971,89941.0
65,Antigua and Barbuda,2014,77.858,25.64770011,27.70417115,15451.4952444039,89236.0
66,Antigua and Barbuda,2013,77.583,25.56026357,27.57779116,14977.0718321065,88497.0
67,Antigua and Barbuda,2012,77.35,25.47325038,27.4531326,15136.8411091932,87674.0
68,Antigua and Barbuda,2011,77.104,25.38662689,27.33090943,14774.0321811278,86729.0
69,Antigua and Barbuda,2010,76.82,25.30013302,27.21114185,15149.7235026029,85695.0
70,Antigua and Barbuda,2009,76.669,25.21528378,27.09447063,16401.0273315405,84534.0
71,Antigua and Barbuda,2008,76.41,25.13068316,26.97965693,18708.9733545632,83251.0
72,Antigua and Barbuda,2007,76.131,25.04595771,26.86621801,18134.2664845884,82016.0
73,Antigua and Barbuda,2006,75.765,24.96114369,26.75385925,16114.075630733,80895.0
74,Antigua and Barbuda,2005,75.825,24.8760207,26.64225826,14319.8839952274,79869.0
75,Antigua and Barbuda,2004,75.672,24.79065097,26.53042452,12999.347379454,78941.0
76,Antigua and Barbuda,2003,75.478,24.70516501,26.41798147,12141.6017362223,78075.0
77,Antigua and Barbuda,2002,75.536,24.61931782,26.30400042,11632.7338414261,77195.0
78,Antigua and Barbuda,2001,75.078,24.53339668,26.18812157,11513.6759799884,76215.0
79,Antigua and Barbuda,2000,74.606,24.44679745,26.07013147,11998.559081365,75055.0
80,Argentina,2015,76.76,27.91578809,27.68492003,13789.060424772,43131966.0
81,Argentina,2014,76.755,27.81400675,27.57044021,12334.7982453893,42669500.0
82,Argentina,2013,76.491,27.71254199,27.45616573,13080.2547323367,42202935.0
83,Argentina,2012,76.467,27.61173296,27.34260352,13082.664325572,41733271.0
84,Argentina,2011,76.124,27.51136877,27.23051401,12848.7391514568,41261490.0
85,Argentina,2010,75.721,27.41184965,27.11978401,10385.9644319555,40788453.0
86,Argentina,2009,75.936,27.31384462,27.01147867,8184.38988923991,40684338.0
87,Argentina,2008,75.641,27.21775047,26.90576784,8977.50685093365,40273769.0
88,Argentina,2007,75.006,27.12365834,26.80227865,7210.59554755899,39876111.0
89,Argentina,2006,75.433,27.03195549,26.70105892,5890.97800169795,39476851.0
90,Argentina,2005,75.139,26.94258322,26.60187492,5086.62776073134,39070501.0
91,Argentina,2004,74.855,26.85531503,26.50427027,4258.16026060875,38668796.0
92,Argentina,2003,74.08,26.77056476,26.4081143,3333.15290388997,38278164.0
93,Argentina,2002,74.408,26.68877122,26.31268096,2579.48876933284,37885028.0
94,Argentina,2001,74.186,26.60954902,26.2172565,7168.97587232911,37480493.0
95,Argentina,2000,73.926,26.53225733,26.12089903,7666.51783423783,37070774.0
96,Armenia,2015,74.436,25.66860041,27.16630128,3666.14182210905,2878595.0
97,Armenia,2014,74.058,25.59390227,27.13858176,4017.22991449473,2889930.0
98,Armenia,2013,73.676,25.5187466,27.11057826,3833.15707396348,2901385.0
99,Armenia,2012,73.454,25.44413903,27.08245289,3643.71540108565,2914421.0
100,Armenia,2011,73.305,25.36943051,27.05501892,3462.68177840431,2928976.0
101,Armenia,2010,73.16,25.29518116,27.02811812,3143.0294799683,2946293.0
102,Armenia,2009,72.813,25.22144389,27.00159083,2917.36624185176,2964296.0
103,Armenia,2008,72.398,25.1485833,26.9752496,3908.94906011431,2983421.0
104,Armenia,2007,72.327,25.07773205,26.94960671,3064.27996263859,3004393.0
105,Armenia,2006,71.987,25.01064842,26.92522762,2109.5263835731,3026486.0
106,Armenia,2005,71.792,24.94667285,26.90066127,1608.16340758242,3047246.0
107,Armenia,2004,71.421,24.88577716,26.876057,1166.63820390025,3065745.0
108,Armenia,2003,71.436,24.82819509,26.8506307,910.171261745184,3084102.0
109,Armenia,2002,71.018,24.77370756,26.82492515,765.31617768154,3105037.0
110,Armenia,2001,70.932,24.72215127,26.7982709,676.150011307766,3133133.0
111,Armenia,2000,70.624,24.67270532,26.77134728,603.298025247115,3168523.0
112,Australia,2015,82.4,27.68325796,26.84056032,56758.8692027821,23815995.0
113,Australia,2014,82.3,27.64853378,26.80777765,62558.2438786332,23475686.0
114,Australia,2013,82.1487804878049,27.61457686,26.77426041,68198.4193446869,23128129.0
115,Australia,2012,82.0463414634146,27.58035331,26.74014113,68078.0442283168,22733465.0
116,Australia,2011,81.8951219512195,27.54400091,26.70499149,62609.6607161044,22340024.0
117,Australia,2010,81.6951219512195,27.50275149,26.66711169,52147.0241942843,22031750.0
118,Australia,2009,81.5439024390244,27.45540122,26.62498723,42816.5674002829,21691653.0
119,Australia,2008,81.3951219512195,27.40079481,26.5779324,49701.2817843335,21249199.0
120,Australia,2007,81.2926829268293,27.33976952,26.52678718,41051.6120652288,20827622.0
121,Australia,2006,81.0414634146342,27.2726828,26.47090095,36595.7071548423,20450966.0
122,Australia,2005,80.8414634146341,27.19953392,26.40959844,34479.7679298388,20176844.0
123,Australia,2004,80.490243902439,27.1205661,26.34179733,30836.7306824685,19932722.0
124,Australia,2003,80.2390243902439,27.03637391,26.26713732,23718.1338501868,19720737.0
125,Australia,2002,79.9365853658537,26.94766763,26.18538142,20301.8431713256,19495210.0
126,Australia,2001,79.6341463414634,26.85500948,26.09588791,19695.7297379144,19274701.0
127,Australia,2000,79.2341463414634,26.75915697,25.99865493,21870.4159669594,19028802.0
128,Austria,2015,81.190243902439,26.64113411,24.72908597,44195.8175947748,8642699.0
129,Austria,2014,81.490243902439,26.61050389,24.70916912,51786.3771747905,8546356.0
130,Austria,2013,81.1365853658537,26.57962094,24.68958006,50731.1272541847,8479823.0
131,Austria,2012,80.9365853658537,26.54817731,24.66988466,48564.9173350875,8429991.0
132,Austria,2011,80.9829268292683,26.5142204,24.65037876,51442.2762464407,8391643.0
133,Austria,2010,80.5804878048781,26.47593121,24.62981348,46903.7615854343,8363404.0
134,Austria,2009,80.3317073170732,26.43261235,24.60766751,48153.3240199631,8343323.0
135,Austria,2008,80.4317073170732,26.38398586,24.58378624,51919.9835754226,8321496.0
136,Austria,2007,80.1804878048781,26.33048229,24.55850102,46915.3374004507,8295487.0
137,Austria,2006,79.8804878048781,26.27162676,24.53212694,40669.3269586152,8268641.0
138,Austria,2005,79.3317073170732,26.20799436,24.50469282,38417.4577857677,8227829.0
139,Austria,2004,79.1804878048781,26.14106197,24.4760779,36889.2335135194,8171966.0
140,Austria,2003,78.6317073170732,26.07096634,24.44575118,32294.0488606559,8121423.0
141,Austria,2002,78.6780487804878,25.99945474,24.41354045,26527.5930910347,8081957.0
142,Austria,2001,78.5756097560976,25.92680698,24.37969441,24558.7636778868,8042293.0
143,Austria,2000,78.1268292682927,25.85309272,24.34425163,24625.6007227434,8011566.0
144,Azerbaijan,2015,71.451,26.15012541,28.03896677,5500.50364628486,9649341.0
145,Azerbaijan,2014,71.116,26.05366527,27.92423282,7890.84028062087,9535079.0
146,Azerbaijan,2013,70.881,25.95707542,27.80928321,7875.34536661549,9416801.0
147,Azerbaijan,2012,70.36,25.86109173,27.69440509,7495.86527658099,9295784.0
148,Azerbaijan,2011,69.984,25.7659835,27.58058705,7189.81869211976,9173082.0
149,Azerbaijan,2010,69.529,25.67171465,27.46836705,5843.5337683582,9054332.0
150,Azerbaijan,2009,69.356,25.57920155,27.35756534,4950.39949009423,8947243.0
151,Azerbaijan,2008,68.811,25.48874622,27.2477363,5574.46810432575,8763400.0
152,Azerbaijan,2007,68.603,25.40147811,27.13988801,3851.33015175141,8581300.0
153,Azerbaijan,2006,68.165,25.31885368,27.03432481,2472.95725732287,8484550.0
154,Azerbaijan,2005,67.562,25.24063321,26.93099267,1578.36733030667,8391850.0
155,Azerbaijan,2004,67.346,25.16685401,26.82967147,1045.0136328106,8306500.0
156,Azerbaijan,2003,66.756,25.09753608,26.72984143,883.692580745256,8234100.0
157,Azerbaijan,2002,66.239,25.03249653,26.63190583,763.108895463487,8171950.0
158,Azerbaijan,2001,65.51,24.97175866,26.53625512,703.670998584686,8111200.0
159,Azerbaijan,2000,64.891,24.91521572,26.44345969,655.097249579917,8048600.0
160,Bahamas,2015,73.104,27.20071868,28.98006353,29722.4068429349,392697.0
161,Bahamas,2014,73.366,27.11556605,28.90039988,28201.556802208,389131.0
162,Bahamas,2013,73.024,27.0307908,28.82070021,26956.5668352133,385650.0
163,Bahamas,2012,72.753,26.94575003,28.74124195,28059.6553953426,382061.0
164,Bahamas,2011,72.564,26.86076803,28.66262274,26644.9265775896,377950.0
165,Bahamas,2010,72.731,26.77495958,28.58429393,27046.6576651879,373272.0
166,Bahamas,2009,72.579,26.68968506,28.50720825,27120.6905452145,368057.0
167,Bahamas,2008,72.667,26.60435646,28.43041633,29013.6302870767,362795.0
168,Bahamas,2007,72.678,26.5188088,28.35371561,29687.865215033,357666.0
169,Bahamas,2006,72.855,26.43299118,28.27661232,28829.8493750425,352664.0
170,Bahamas,2005,72.765,26.34651217,28.1987715,28280.870835298,347804.0
171,Bahamas,2004,72.478,26.25947439,28.11999791,26393.4139538137,343089.0
172,Bahamas,2003,72.402,26.17198935,28.03958275,26204.8804986853,338490.0
173,Bahamas,2002,72.232,26.08391878,27.95709679,26590.1401788013,334002.0
174,Bahamas,2001,72.11,25.9956005,27.87207619,25234.1441512502,329626.0
175,Bahamas,2000,72.041,25.90684293,27.78427553,24849.6064784902,325014.0
176,Bahrain,2015,79.405,24.90852026,24.86205092,22850.6653959938,1362142.0
177,Bahrain,2014,79.328,24.92193451,24.93238925,25464.760097715,1311134.0
178,Bahrain,2013,79.246,24.93493344,25.00378655,25790.7303121382,1261673.0
179,Bahrain,2012,79.081,24.94899742,25.07664172,25102.726348527,1224939.0
180,Bahrain,2011,78.89,24.96405741,25.15117742,23741.5574626702,1212077.0
181,Bahrain,2010,78.748,24.98097512,25.2277311,21186.8143292279,1213645.0
182,Bahrain,2009,78.461,25.00079089,25.30616772,19448.1832553789,1179453.0
183,Bahrain,2008,78.084,25.02393736,25.38680752,23155.821449155,1110343.0
184,Bahrain,2007,77.634,25.05184782,25.47106999,20883.5480311994,1040532.0
185,Bahrain,2006,77.156,25.08672074,25.56047499,19057.7989047138,970981.0
186,Bahrain,2005,76.931,25.12443766,25.65173977,17705.235163895,901921.0
187,Bahrain,2004,76.56,25.16191555,25.74099636,15777.9636408956,833451.0
188,Bahrain,2003,76.337,25.19680549,25.82565343,14230.29675298,778256.0
189,Bahrain,2002,76.088,25.22787405,25.90534397,12819.9959353139,748324.0
190,Bahrain,2001,75.908,25.25353021,25.97891591,12291.8326130535,730257.0
191,Bahrain,2000,75.496,25.27161869,26.04603503,12738.7741181575,711442.0
192,Bangladesh,2015,70.491,21.33982943,21.9154566,1236.4354555046,157830000.0
193,Bangladesh,2014,69.986,21.27846663,21.77680112,1108.52251321179,155961299.0
194,Bangladesh,2013,69.565,21.21733836,21.63675373,973.828617573534,154030139.0
195,Bangladesh,2012,69.554,21.15780745,21.49569345,876.521652869848,152090649.0
196,Bangladesh,2011,68.809,21.10096178,21.3545334,856.178832752419,150211005.0
197,Bangladesh,2010,68.638,21.04835649,21.21348621,776.835743954765,148391139.0
198,Bangladesh,2009,67.403,20.99858388,21.07281816,698.503078776717,146706810.0
199,Bangladesh,2008,67.051,20.95016191,20.93185493,630.148307727773,145421318.0
200,Bangladesh,2007,66.714,20.90281325,20.7919544,552.337247034842,144135934.0
201,Bangladesh,2006,67.241,20.85571766,20.65243052,503.374634487573,142628831.0
202,Bangladesh,2005,67.299,20.80824431,20.51385598,493.043250641143,140912590.0
203,Bangladesh,2004,67.187,20.75911506,20.37559198,469.116458369252,138789725.0
204,Bangladesh,2003,66.824,20.70742962,20.23676759,440.714404819588,136503206.0
205,Bangladesh,2002,66.612,20.65275625,20.09717296,407.96296761642,134139826.0
206,Bangladesh,2001,66.135,20.59534515,19.95645468,410.048540904043,131670484.0
207,Bangladesh,2000,65.779,20.53623664,19.8167321,413.100185264402,129193327.0
208,Barbados,2015,76.65,26.42875441,29.31793589,17040.4176091311,278083.0
209,Barbados,2014,76.476,26.3431166,29.22583736,16980.0270637458,277493.0
210,Barbados,2013,76.275,26.25786642,29.13420705,16952.1344337493,276865.0
211,Barbados,2012,76.099,26.17306853,29.04329649,16736.9218347773,276197.0
212,Barbados,2011,75.917,26.08818463,28.95415874,16924.066921731,275486.0
213,Barbados,2010,75.712,26.00340329,28.86626693,16507.4305360907,274711.0
214,Barbados,2009,75.678,25.91984977,28.78049442,16314.6692184915,273791.0
215,Barbados,2008,75.447,25.83676395,28.69593896,17570.7829148862,272635.0
216,Barbados,2007,75.342,25.75368806,28.61244512,17225.5343643624,271444.0
217,Barbados,2006,75.068,25.67105345,28.52934351,15595.1683461218,270425.0
218,Barbados,2005,74.89,25.58851429,28.44618917,14173.7513776686,269477.0
219,Barbados,2004,74.727,25.50578832,28.3626038,12828.4389489954,268505.0
220,Barbados,2003,74.472,25.42257778,28.27789586,11998.1756941147,267499.0
221,Barbados,2002,74.366,25.33960597,28.19132568,11658.629036798,266455.0
222,Barbados,2001,74.247,25.25683191,28.10251275,11510.0404330443,265377.0
223,Barbados,2000,74.089,25.17457935,28.01071849,11560.2459031879,264657.0
224,Belarus,2015,73.6243902439025,26.56296535,26.88713317,5967.06856034227,9461076.0
225,Belarus,2014,72.9707317073171,26.49580622,26.86057472,8341.29014337961,9448515.0
226,Belarus,2013,72.4707317073171,26.42808234,26.83260729,7998.0802045456,9443211.0
227,Belarus,2012,71.9658536585366,26.36030413,26.8031218,6953.21591683101,9446836.0
228,Belarus,2011,70.5536585365854,26.29205543,26.77234537,6527.6593428786,9461643.0
229,Belarus,2010,70.4048780487805,26.22234747,26.73927384,6034.67885177216,9483836.0
230,Belarus,2009,70.4073170731707,26.15060901,26.70345155,5352.48809190697,9504583.0
231,Belarus,2008,70.4560975609756,26.07456211,26.66391077,6376.17569162063,9527985.0
232,Belarus,2007,70.2073170731707,25.99394454,26.61998288,4735.48107556066,9560953.0
233,Belarus,2006,69.4048780487805,25.9086844,26.57182841,3848.22350300163,9604924.0
234,Belarus,2005,68.8512195121951,25.82049267,26.51944138,3126.07176665248,9663915.0
235,Belarus,2004,68.9560975609756,25.72989904,26.46273395,2378.33700470129,9730146.0
236,Belarus,2003,68.5536585365854,25.63780334,26.40277265,1819.52653114699,9796749.0
237,Belarus,2002,68.0560975609756,25.5455979,26.34063696,1479.38066337175,9865548.0
238,Belarus,2001,68.5073170731707,25.45567982,26.2781847,1244.37318523431,9928549.0
239,Belarus,2000,68.9121951219512,25.36859083,26.21624752,1276.28038121269,9979610.0
240,Belgium,2015,80.9926829268293,26.77505168,25.72039764,41008.296719472,11274196.0
241,Belgium,2014,81.2878048780488,26.74927066,25.69092483,47764.0715120833,11209057.0
242,Belgium,2013,80.5878048780488,26.72327028,25.66182883,46757.9518559598,11159407.0
243,Belgium,2012,80.3853658536585,26.69536739,25.632974,44670.5606845101,11106932.0
244,Belgium,2011,80.5853658536585,26.6639898,25.60461821,47410.5669277464,11038264.0
245,Belgium,2010,80.1829268292683,26.62776006,25.57577412,44184.946353964,10895586.0
246,Belgium,2009,80.0341463414634,26.58627211,25.54599395,44760.2912443709,10796493.0
247,Belgium,2008,79.6804878048781,26.53938042,25.51494208,48303.397956286,10709973.0
248,Belgium,2007,79.7829268292683,26.48765835,25.48365047,44319.165448813,10625700.0
249,Belgium,2006,79.380487804878,26.43071931,25.45246355,38705.1067959147,10547958.0
250,Belgium,2005,78.9804878048781,26.36921457,25.42170193,36809.7013403619,10478617.0
251,Belgium,2004,78.8780487804878,26.30471505,25.39146586,35429.4077933344,10421137.0
252,Belgium,2003,78.1292682926829,26.23813002,25.361573,30655.2092679024,10376133.0
253,Belgium,2002,78.0756097560976,26.17050996,25.3319264,25006.191397109,10332785.0
254,Belgium,2001,77.9731707317073,26.10244422,25.30261431,23015.0712632462,10286570.0
255,Belgium,2000,77.7219512195122,26.03457879,25.27369012,23098.8865077401,10251250.0
256,Belize,2015,73.187,27.53950567,30.62962794,6098.60007958976,359871.0
257,Belize,2014,73.311,27.44771399,30.50745281,6031.54840210944,352335.0
258,Belize,2013,73.666,27.35620914,30.38575477,5865.47090174488,344688.0
259,Belize,2012,73.245,27.26489629,30.2648549,5635.52152550234,337059.0
260,Belize,2011,72.651,27.17332015,30.14507373,5519.3390084833,329538.0
261,Belize,2010,72.272,27.08136286,30.02664019,5399.06209583265,322106.0
262,Belize,2009,71.819,26.99023834,29.91000447,5352.09598732755,314171.0
263,Belize,2008,71.151,26.89946947,29.79436535,5665.96623188559,305671.0
264,Belize,2007,70.655,26.80831439,29.67896385,5717.9296198322,297173.0
265,Belize,2006,70.093,26.7163438,29.56380837,5486.83143439175,288729.0
266,Belize,2005,69.376,26.6235108,29.44783731,5236.36542558777,280375.0
267,Belize,2004,69.227,26.52890649,29.33018434,5123.59621428164,272128.0
268,Belize,2003,68.909,26.43252733,29.21034671,4937.08990506267,263998.0
269,Belize,2002,68.752,26.3344862,29.08780679,4844.22857447243,255987.0
270,Belize,2001,68.357,26.23492839,28.96199228,4708.29493729742,248100.0
271,Belize,2000,68.564,26.13409606,28.8324643,4720.16821801746,240406.0
272,Benin,2015,59.377,22.63234042,24.4658024,1041.65252312918,10932783.0
273,Benin,2014,59.125,22.59805057,24.35131929,1251.50476511083,10614844.0
274,Benin,2013,58.965,22.5637992,24.23619791,1214.29556540248,10308730.0
275,Benin,2012,58.716,22.52999177,24.12017079,1112.56953619685,10014078.0
276,Benin,2011,58.462,22.49446362,24.00230106,1099.4143107361,9726380.0
277,Benin,2010,58.363,22.4546351,23.88114081,1009.48949478478,9445710.0
278,Benin,2009,57.956,22.41043997,23.7567054,1061.71835954714,9172514.0
279,Benin,2008,57.869,22.35983705,23.62836573,1098.94667867138,8906469.0
280,Benin,2007,57.675,22.30236316,23.49548793,944.6431721273,8647761.0
281,Benin,2006,57.456,22.23887001,23.35782754,837.132002451152,8402631.0
282,Benin,2005,57.125,22.17056904,23.21613502,805.904685277445,8149419.0
283,Benin,2004,56.826,22.09840653,23.07058626,784.119075060929,7894554.0
284,Benin,2003,56.738,22.02235217,22.92022506,698.408777315146,7659208.0
285,Benin,2002,56.606,21.94384029,22.76593351,564.379057652491,7431783.0
286,Benin,2001,56.66,21.86430019,22.60886142,508.34744771123,7212041.0
287,Benin,2000,56.578,21.78360858,22.44973106,502.997981069672,6998023.0
288,Bhutan,2015,70.343,23.5086725,24.44809243,2899.22829354394,743274.0
289,Bhutan,2014,70.049,23.42196599,24.32759309,2793.93130333726,736357.0
290,Bhutan,2013,69.707,23.33465569,24.20553306,2624.76519363139,728889.0
291,Bhutan,2012,69.326,23.24715558,24.08179616,2689.79286575487,721145.0
292,Bhutan,2011,68.881,23.15983592,23.95704228,2717.44994790904,713331.0
293,Bhutan,2010,68.43,23.07279101,23.83069068,2371.97209032796,705516.0
294,Bhutan,2009,67.897,22.98506631,23.70255912,1908.24964779322,697678.0
295,Bhutan,2008,67.499,22.89530892,23.57188132,1910.17421799781,689737.0
296,Bhutan,2007,66.954,22.80415295,23.43873807,1842.34473471043,681614.0
297,Bhutan,2006,66.362,22.71006493,23.30253729,1400.46917764144,673260.0
298,Bhutan,2005,65.805,22.6126262,23.16318659,1297.09206558744,663323.0
299,Bhutan,2004,65.268,22.51039443,23.01921866,1131.32103433499,649991.0
300,Bhutan,2003,64.696,22.40540417,22.87272825,1027.27339100676,634627.0
301,Bhutan,2002,64.078,22.29767487,22.72359418,903.557177647466,619048.0
302,Bhutan,2001,63.444,22.1881506,22.57244461,822.417545612991,603234.0
303,Bhutan,2000,62.01,22.07747199,22.42031408,784.618402708544,587207.0
304,Bolivia (Plurinational State of),2015,67.318,25.31401264,27.79510888,2975.64881143063,11090085.0
305,Bolivia (Plurinational State of),2014,67.163,25.20572542,27.66156174,3022.46288443562,10916987.0
306,Bolivia (Plurinational State of),2013,67.021,25.09742201,27.52700216,2853.79716191598,10743349.0
307,Bolivia (Plurinational State of),2012,66.705,24.98892496,27.39225354,2562.46678423329,10569697.0
308,Bolivia (Plurinational State of),2011,66.534,24.88035731,27.25781606,2304.98246161085,10396246.0
309,Bolivia (Plurinational State of),2010,66.162,24.77222097,27.12397011,1922.05857050664,10223270.0
310,Bolivia (Plurinational State of),2009,65.88,24.66498041,26.99168131,1725.14628617645,10051317.0
311,Bolivia (Plurinational State of),2008,65.446,24.55880018,26.86061806,1687.57849715048,9880593.0
312,Bolivia (Plurinational State of),2007,65.027,24.45412244,26.73132245,1351.03518185564,9711152.0
313,Bolivia (Plurinational State of),2006,64.779,24.35139811,26.60347197,1200.06804203621,9542663.0
314,Bolivia (Plurinational State of),2005,64.386,24.25026724,26.47650481,1018.31372502967,9377388.0
315,Bolivia (Plurinational State of),2004,64.004,24.15093156,26.35024939,951.951622939377,9216279.0
316,Bolivia (Plurinational State of),2003,63.635,24.05320354,26.22369612,892.355341638943,9057378.0
317,Bolivia (Plurinational State of),2002,63.306,23.95743283,26.09576313,888.198576030752,8900583.0
318,Bolivia (Plurinational State of),2001,62.843,23.86288728,25.96548722,930.875684294239,8746084.0
319,Bolivia (Plurinational State of),2000,62.346,23.76895716,25.83240823,977.329417675872,8592656.0
320,Bosnia and Herzegovina,2015,76.182,26.43731882,25.28791462,4654.60862038896,3524324.0
321,Bosnia and Herzegovina,2014,75.659,26.34591726,25.23629401,5196.97008415107,3571068.0
322,Bosnia and Herzegovina,2013,76.33,26.25735447,25.18542067,5025.24175294061,3617559.0
323,Bosnia and Herzegovina,2012,77.191,26.17228275,25.13574787,4688.34582317708,3674374.0
324,Bosnia and Herzegovina,2011,77.007,26.09049398,25.08707929,4980.90468838995,3743142.0
325,Bosnia and Herzegovina,2010,77.073,26.0109357,25.03924592,4506.93235205533,3811088.0
326,Bosnia and Herzegovina,2009,76.976,25.93282694,24.99242357,4542.31167332328,3877750.0
327,Bosnia and Herzegovina,2008,76.838,25.85443759,24.94536858,4846.79094117894,3943392.0
328,Bosnia and Herzegovina,2007,76.161,25.7751911,24.89810603,3936.93174748389,4007876.0
329,Bosnia and Herzegovina,2006,76.247,25.6956657,24.85145617,3170.17478337184,4058086.0
330,Bosnia and Herzegovina,2005,75.42,25.6164318,24.80543314,2741.08017482431,4094297.0
331,Bosnia and Herzegovina,2004,76.133,25.53782012,24.76038933,2451.57730128439,4142860.0
332,Bosnia and Herzegovina,2003,75.782,25.46060931,24.71660071,2031.40248331495,4183757.0
333,Bosnia and Herzegovina,2002,74.612,25.38481812,24.67418907,1602.5640389208,4198410.0
334,Bosnia and Herzegovina,2001,75.06,25.3105924,24.6336357,1382.7674599413,4194932.0
335,Bosnia and Herzegovina,2000,74.496,25.23821322,24.59512436,1332.21021661547,4179350.0
336,Botswana,2015,63.818,22.59010931,26.26568877,5869.73757890628,2305171.0
337,Botswana,2014,62.608,22.54718393,26.23442103,6844.03324966349,2260376.0
338,Botswana,2013,61.996,22.50443925,26.20301737,6436.60331866558,2217278.0
339,Botswana,2012,60.8,22.46207715,26.1714911,6392.98734736839,2175425.0
340,Botswana,2011,60.53,22.41919057,26.13910111,7080.77864262565,2134037.0
341,Botswana,2010,60.013,22.37570906,26.10551926,6041.73205119653,2091664.0
342,Botswana,2009,58.279,22.33101204,26.0701608,4938.24990584092,2048997.0
343,Botswana,2008,57.121,22.28239256,26.03175218,5345.84875177376,2007320.0
344,Botswana,2007,55.732,22.22826942,25.9898509,5372.34073174354,1966977.0
345,Botswana,2006,53.918,22.1698176,25.94469962,5142.91383354359,1928704.0
346,Botswana,2005,52.61,22.10770929,25.89593001,5240.316159068,1892807.0
347,Botswana,2004,51.617,22.04303312,25.84280786,4818.21310297023,1859085.0
348,Botswana,2003,50.947,21.97702502,25.78546236,4111.73808510941,1826863.0
349,Botswana,2002,50.632,21.90985561,25.72389452,3029.78836233973,1795130.0
350,Botswana,2001,50.676,21.840112,25.65780648,3115.6789995428,1761930.0
351,Botswana,2000,51.011,21.76729165,25.58636498,3351.6965168531,1726985.0
352,Brazil,2015,74.332,26.33917967,26.90829736,8783.2154236384,205188205.0
353,Brazil,2014,74.306,26.20689236,26.77741486,12071.4044637296,203459650.0
354,Brazil,2013,73.918,26.075243,26.64692278,12258.5657091866,201721767.0
355,Brazil,2012,73.552,25.94513057,26.51745477,12327.5131013057,199977707.0
356,Brazil,2011,73.343,25.81635176,26.39036706,13200.5562348789,198185302.0
357,Brazil,2010,73.182,25.68976399,26.26620868,11249.2918904352,196353492.0
358,Brazil,2009,72.948,25.56615686,26.14616675,8569.90254736072,194517549.0
359,Brazil,2008,72.715,25.44585493,26.03117051,8801.75787553359,192672317.0
360,Brazil,2007,72.365,25.3292521,25.92083341,7323.19159375818,190779453.0
361,Brazil,2006,72.037,25.21634696,25.8144995,5866.02341427165,188820682.0
362,Brazil,2005,71.753,25.10747459,25.71188354,4773.26855132261,186797334.0
363,Brazil,2004,71.131,25.003013,25.61299345,3623.22446166485,184722043.0
364,Brazil,2003,70.72,24.90261944,25.51805571,3056.64979769494,182629278.0
365,Brazil,2002,70.41,24.80642867,25.42599228,2824.71541300038,180476685.0
366,Brazil,2001,70.195,24.71296374,25.33488541,3142.23513974908,178211881.0
367,Brazil,2000,69.737,24.62157116,25.24370161,3726.81166909716,175873720.0
368,Brunei Darussalam,2015,74.75,27.167919,27.21634225,30681.4339698653,421437.0
369,Brunei Darussalam,2014,74.779,27.01812815,27.10049172,41035.7771227892,416656.0
370,Brunei Darussalam,2013,74.799,26.86980705,26.98430636,43950.0454619989,411702.0
371,Brunei Darussalam,2012,74.827,26.72338836,26.86919239,46844.1973390647,406634.0
372,Brunei Darussalam,2011,74.858,26.57874307,26.75511337,46139.1075759182,401506.0
373,Brunei Darussalam,2010,74.849,26.43655022,26.64336865,34609.7119829323,396053.0
374,Brunei Darussalam,2009,74.846,26.29726738,26.53462646,27497.546869338,390311.0
375,Brunei Darussalam,2008,74.84,26.1598859,26.42876362,37427.5400573102,384568.0
376,Brunei Darussalam,2007,74.818,26.02462914,26.32589831,32337.2743722073,378748.0
377,Brunei Darussalam,2006,74.783,25.89108554,26.22552387,30767.7538331071,372808.0
378,Brunei Darussalam,2005,74.731,25.75945376,26.12780831,25991.2140091511,366717.0
379,Brunei Darussalam,2004,74.65,25.63076534,26.0323164,21839.2636191121,360461.0
380,Brunei Darussalam,2003,74.561,25.50580916,25.93832242,18521.3661264173,354045.0
381,Brunei Darussalam,2002,74.426,25.38378732,25.84485319,16817.2388653005,347463.0
382,Brunei Darussalam,2001,74.276,25.26483495,25.75137086,16437.4220369591,340748.0
383,Brunei Darussalam,2000,74.08,25.14876936,25.65794134,17971.8922877592,333926.0
384,Bulgaria,2015,74.6146341463415,27.21528481,25.87790241,7078.86032298969,7177991.0
385,Bulgaria,2014,74.4658536585366,27.1096759,25.82511382,7912.27484371138,7223938.0
386,Bulgaria,2013,74.8609756097561,27.00646463,25.77226047,7687.71368243317,7265115.0
387,Bulgaria,2012,74.3146341463415,26.9057579,25.71982417,7430.7373804242,7305888.0
388,Bulgaria,2011,74.1634146341463,26.80752093,25.6674326,7857.16706984441,7348328.0
389,Bulgaria,2010,73.5121951219512,26.71115646,25.61530393,6863.66706774052,7395599.0
390,Bulgaria,2009,73.4121951219512,26.61574034,25.56322696,6988.27316296465,7444443.0
391,Bulgaria,2008,72.9634146341463,26.52034657,25.51035454,7271.30338858025,7492561.0
392,Bulgaria,2007,72.6634146341463,26.42466086,25.45710043,5888.77685220636,7545338.0
393,Bulgaria,2006,72.6121951219512,26.32938606,25.40420686,4523.1465578805,7601022.0
394,Bulgaria,2005,72.5609756097561,26.23535112,25.35245984,3899.82596332878,7658972.0
395,Bulgaria,2004,72.5634146341463,26.14333096,25.30236173,3389.68743360274,7716860.0
396,Bulgaria,2003,72.0658536585366,26.05390054,25.25478399,2719.49436859287,7775327.0
397,Bulgaria,2002,71.8658536585366,25.96729589,25.20996435,2092.98288625558,7837161.0
398,Bulgaria,2001,71.7682926829268,25.88371147,25.16807863,1770.90704918691,8009142.0
399,Bulgaria,2000,71.6634146341463,25.80430541,25.12977865,1621.26210738992,8170172.0
400,Burkina Faso,2015,58.845,22.19577356,22.08968057,632.12668582235,18718019.0
401,Burkina Faso,2014,58.359,22.13865166,22.02947066,767.371344051512,18169842.0
402,Burkina Faso,2013,57.823,22.08141148,21.96782123,762.303780103138,17636408.0
403,Burkina Faso,2012,57.619,22.02460387,21.90451337,733.97287958981,17113732.0
404,Burkina Faso,2011,57.125,21.9661274,21.8389456,727.612474511645,16602651.0
405,Burkina Faso,2010,56.477,21.90361302,21.77012764,627.270395707064,16116845.0
406,Burkina Faso,2009,55.959,21.83630299,21.69743358,603.877545561486,15650022.0
407,Burkina Faso,2008,55.342,21.7622512,21.62063671,621.890271798117,15197915.0
408,Burkina Faso,2007,54.375,21.68127995,21.53937175,516.750328470839,14757074.0
409,Burkina Faso,2006,53.742,21.59513357,21.45379631,457.342074853242,14316242.0
410,Burkina Faso,2005,53.092,21.50458921,21.3642113,442.944430628899,13876127.0
411,Burkina Faso,2004,52.416,21.41170356,21.27105498,405.451276438268,13445977.0
412,Burkina Faso,2003,51.793,21.31623998,21.17383197,363.818351959243,13030591.0
413,Burkina Faso,2002,51.272,21.22032202,21.07367975,286.753714867893,12632269.0
414,Burkina Faso,2001,51.071,21.12536941,20.97219269,260.443473110803,12249764.0
415,Burkina Faso,2000,50.847,21.03208383,20.87050627,249.802075690488,11882888.0
416,Burundi,2015,60.217,21.80526402,21.52499897,289.359627206129,10727148.0
417,Burundi,2014,59.868,21.7525225,21.44485367,257.818557410131,10494913.0
418,Burundi,2013,59.235,21.70018881,21.36444887,241.547665709857,10149577.0
419,Burundi,2012,58.493,21.64887263,21.28427458,238.205945258781,9795479.0
420,Burundi,2011,57.769,21.5981561,21.20475558,236.451347486235,9455733.0
421,Burundi,2010,57.081,21.54853644,21.12589299,222.660583208376,9126605.0
422,Burundi,2009,56.388,21.49919663,21.04800882,204.544755595219,8709366.0
423,Burundi,2008,55.71,21.44763842,20.97015583,194.710634644444,8278109.0
424,Burundi,2007,54.727,21.39337903,20.89225145,170.706876502428,7944609.0
425,Burundi,2006,53.869,21.33636061,20.81374985,166.276245228761,7658190.0
426,Burundi,2005,53.023,21.27659308,20.73416927,151.188541005904,7388874.0
427,Burundi,2004,52.01,21.21488733,20.65328697,128.538422519456,7120496.0
428,Burundi,2003,50.857,21.15039877,20.56939733,114.36700716216,6860846.0
429,Burundi,2002,49.891,21.08493199,20.48324043,124.139301558193,6648938.0
430,Burundi,2001,48.431,21.01776363,20.39559934,135.606475784646,6465729.0
431,Burundi,2000,47.514,20.94883893,20.30672822,138.004617225366,6307659.0
432,Cabo Verde,2015,74.62,23.75957849,25.36464843,3169.07890082563,15417523.0
433,Cabo Verde,2014,75.24,23.71752594,25.29911613,3739.27827890219,15210817.0
434,Cabo Verde,2013,75.059,23.67512561,25.231715,3757.65995326233,14999683.0
435,Cabo Verde,2012,74.484,23.63299159,25.16243269,3583.46172510997,14786640.0
436,Cabo Verde,2011,74.257,23.58808957,25.09045279,3880.06920520905,14573885.0
437,Cabo Verde,2010,73.499,23.53849252,25.01394286,3500.97746776661,14363532.0
438,Cabo Verde,2009,73.088,23.48314251,24.93251567,3592.31587892127,14155740.0
439,Cabo Verde,2008,72.508,23.42026319,24.84548362,3839.86363555731,13943888.0
440,Cabo Verde,2007,72.835,23.34964672,24.75263103,3268.30569555962,13714791.0
441,Cabo Verde,2006,72.239,23.27226048,24.65378738,2220.09817493874,13477779.0
442,Cabo Verde,2005,72.68,23.18867632,24.54917141,1972.78492636901,13246583.0
443,Cabo Verde,2004,71.999,23.09986535,24.43812402,1900.88846473653,13016371.0
444,Cabo Verde,2003,71.429,23.00683514,24.32036301,1693.97855163071,12787710.0
445,Cabo Verde,2002,70.705,22.91097917,24.1971213,1311.21458117954,12561779.0
446,Cabo Verde,2001,69.929,22.81382741,24.06930316,1208.4576085771,12338192.0
447,Cabo Verde,2000,68.618,22.71535468,23.93783471,1176.70725787049,12118841.0
448,Cambodia,2015,69.873,22.05113884,22.26680459,1170.74281578643,23012646.0
449,Cambodia,2014,69.736,21.94926331,22.14597531,1098.07453750531,22299585.0
450,Cambodia,2013,69.304,21.84929865,22.02550238,1015.22088134268,21632850.0
451,Cambodia,2012,68.915,21.75127582,21.90632871,950.482544613835,21032684.0
452,Cambodia,2011,68.416,21.65514216,21.78881636,880.310304428913,20448873.0
453,Cambodia,2010,67.712,21.56209291,21.67499275,782.695738595564,19878036.0
454,Cambodia,2009,67.444,21.47314173,21.5651499,734.815118652103,19319274.0
455,Cambodia,2008,66.47,21.38577824,21.45894109,742.397972321917,18777081.0
456,Cambodia,2007,65.731,21.30030958,21.35670943,629.92107663841,18251866.0
457,Cambodia,2006,65.059,21.21618754,21.25806968,539.747365391142,17751333.0
458,Cambodia,2005,64.293,21.13320369,21.16219818,475.069394255055,17275171.0
459,Cambodia,2004,63.552,21.05174572,21.06874405,410.086132917873,16809407.0
460,Cambodia,2003,62.523,20.97211591,20.97657985,364.275301701492,16354326.0
461,Cambodia,2002,61.226,20.89368304,20.88472087,341.036765772756,15914033.0
462,Cambodia,2001,59.966,20.8164617,20.79198114,322.899863859665,15493253.0
463,Cambodia,2000,58.625,20.74019742,20.69826296,301.516598526092,15091594.0
464,Cameroon,2015,59.658,23.61837342,25.14831825,1399.67533596114,35704498.0
465,Cameroon,2014,58.935,23.57978347,25.06846113,1631.7139854966,35434066.0
466,Cameroon,2013,58.476,23.54141149,24.98691292,1559.13904965903,35080992.0
467,Cameroon,2012,57.792,23.50333711,24.90412976,1433.72392712455,34713395.0
468,Cameroon,2011,57.133,23.46320358,24.81909326,1497.92658566017,34339221.0
469,Cameroon,2010,56.582,23.41842306,24.73059215,1383.81386413817,34005902.0
470,Cameroon,2009,56.102,23.36786486,24.63802467,1445.86024800164,33630069.0
471,Cameroon,2008,55.655,23.31000279,24.54033874,1476.00907755673,33247298.0
472,Cameroon,2007,55.165,23.24448141,24.43706268,1311.0029631612,32888886.0
473,Cameroon,2006,54.856,23.1723351,24.32801891,1177.96860546347,32571193.0
474,Cameroon,2005,54.362,23.09429575,24.2134105,1129.35797972129,32242732.0
475,Cameroon,2004,54.178,23.01159769,24.09256819,1119.98086102809,31938807.0
476,Cameroon,2003,53.883,22.92428175,23.96535395,976.519303225319,31642461.0
477,Cameroon,2002,53.415,22.83407797,23.83246551,780.270553768662,31359199.0
478,Cameroon,2001,53.142,22.74268558,23.69570905,706.984217273287,31020855.0
479,Cameroon,2000,52.932,22.65049686,23.55645378,700.163236203934,30685730.0
480,Canada,2015,81.8156097560976,27.44537476,26.73270436,43594.1941045394,4819333.0
481,Canada,2014,81.7843902439025,27.43701704,26.7014865,50960.8431174661,4798734.0
482,Canada,2013,81.7448780487805,27.42854023,26.67003405,52638.1187235237,4802428.0
483,Canada,2012,81.6636585365854,27.41932724,26.63871399,52670.3447335415,4773306.0
484,Canada,2011,81.4826829268293,27.40769719,26.60673484,52223.8588398531,4732022.0
485,Canada,2010,81.3221951219512,27.39109928,26.57243243,47560.6666009406,4660067.0
486,Canada,2009,81.0660975609756,27.36879711,26.53477723,40874.8831932903,4564540.0
487,Canada,2008,80.7246341463415,27.33966953,26.49344377,46710.2526864484,4467233.0
488,Canada,2007,80.5436585365854,27.30392768,26.44888931,44660.0838892281,4375569.0
489,Canada,2006,80.5436585365854,27.26199086,26.40056581,40504.0370977806,4294352.0
490,Canada,2005,80.1126829268293,27.214071,26.34834303,36383.6600068095,4208834.0
491,Canada,2004,79.9921951219512,27.16022092,26.2909195,32145.5412620217,4115138.0
492,Canada,2003,79.7151219512195,27.10012372,26.22780414,28301.8645937428,4026841.0
493,Canada,2002,79.5307317073171,27.03466447,26.15830306,24256.0192337185,3930648.0
494,Canada,2001,79.3980487804878,26.9638172,26.0815589,23822.096210932,3844773.0
495,Canada,2000,79.1668292682927,26.88792163,25.99758282,24271.0020563821,3759170.0
496,Central African Republic,2015,52.793,22.02261212,23.6709651,351.879754769554,14140274.0
497,Central African Republic,2014,50.566,21.96709178,23.55951723,394.856932975083,13697126.0
498,Central African Republic,2013,50.902,21.91191039,23.44849868,352.22685487121,13216766.0
499,Central African Republic,2012,50.686,21.85770257,23.33733216,525.867504037729,12754906.0
500,Central African Republic,2011,49.948,21.80370333,23.22594216,515.209503489402,12317730.0
501,Central African Republic,2010,49.255,21.75007536,23.11433997,459.776981833241,11894727.0
502,Central African Republic,2009,48.648,21.69567773,23.00258636,452.922236469512,11496128.0
503,Central African Republic,2008,48.016,21.63968712,22.8896149,446.228770359276,11098664.0
504,Central African Republic,2007,47.426,21.58143152,22.775648,388.477771679374,10722731.0
505,Central African Republic,2006,46.851,21.52104062,22.66053253,340.414517099341,10365614.0
506,Central African Republic,2005,46.433,21.45943096,22.54462769,317.877677935844,10005012.0
507,Central African Republic,2004,46.038,21.39679204,22.42746045,309.190242787419,9613503.0
508,Central African Republic,2003,45.76,21.33338178,22.30892161,283.675348129871,9196366.0
509,Central African Republic,2002,45.409,21.27020681,22.18922811,253.410670425052,8838369.0
510,Central African Republic,2001,45.393,21.20691413,22.06931709,242.575726772934,8538804.0
511,Central African Republic,2000,45.406,21.14436186,21.95000155,243.877580075298,8259137.0
512,Chad,2015,51.589,22.0155931,21.92290168,774.411603124119,17870124.0
513,Chad,2014,51.202,21.98147914,21.86747939,1017.78776208855,17687108.0
514,Chad,2013,50.781,21.94809306,21.81172693,980.083544373007,17509925.0
515,Chad,2012,50.54,21.91528831,21.75567026,969.616142771586,17341771.0
516,Chad,2011,50.009,21.88114582,21.69843523,988.194160047305,17173573.0
517,Chad,2010,49.584,21.84304352,21.63828966,896.876704620394,17004162.0
518,Chad,2009,49.196,21.80030514,21.57511577,808.161523513674,16833447.0
519,Chad,2008,49.024,21.75058041,21.50793048,936.494137074972,16661462.0
520,Chad,2007,48.751,21.69378272,21.43583129,806.710318791497,16495538.0
521,Chad,2006,48.286,21.63103505,21.35884344,716.66776844238,16334575.0
522,Chad,2005,48.312,21.56335276,21.27730206,664.59765601918,16175311.0
523,Chad,2004,48.232,21.49154303,21.19102728,460.067018320577,16017966.0
524,Chad,2003,48.206,21.41601846,21.09982591,298.249881700489,15859112.0
525,Chad,2002,47.946,21.33819022,21.00458252,225.947310959268,15693790.0
526,Chad,2001,47.85,21.2598872,20.90626159,200.361008052321,15523978.0
527,Chad,2000,47.443,21.18090442,20.80568646,168.117658247775,15351799.0
528,Chile,2015,79.746,27.8873564,28.26195968,13567.3572174332,1379860000.0
529,Chile,2014,79.473,27.78297785,28.17938522,14675.1508630779,1371860000.0
530,Chile,2013,79.339,27.67873852,28.09702097,15842.159166151,1363240000.0
531,Chile,2012,79.023,27.57494936,28.01461294,15397.7804504673,1354190000.0
532,Chile,2011,79.11,27.47158437,27.93324433,14637.7561550875,1345035000.0
533,Chile,2010,78.501,27.36891517,27.85279261,12764.5931178671,1337705000.0
534,Chile,2009,78.741,27.26768325,27.77438332,10204.5588537616,1331260000.0
535,Chile,2008,78.484,27.16795814,27.69860351,10797.0473705117,1324655000.0
536,Chile,2007,77.826,27.06909837,27.62532972,10456.8323890899,1317885000.0
537,Chile,2006,78.261,26.97199935,27.5541092,9418.27492735073,1311020000.0
538,Chile,2005,78.016,26.87642764,27.48463218,7560.54366823827,1303720000.0
539,Chile,2004,77.616,26.78231039,27.41671821,6185.30378783274,1296075000.0
540,Chile,2003,77.387,26.68995462,27.34966535,4823.25742097417,1288400000.0
541,Chile,2002,77.445,26.59929587,27.28301766,4477.18785195496,1280400000.0
542,Chile,2001,76.773,26.51026079,27.2160809,4610.59269482557,1271850000.0
543,Chile,2000,76.87,26.42286222,27.14840157,5102.96876097291,1262645000.0
544,China,2015,76.977,24.12940796,23.52585449,8016.44559489998,47119728.0
545,China,2014,76.717,23.98322938,23.45685224,7636.07434020616,46677947.0
546,China,2013,76.452,23.84128089,23.38583275,7020.3860742288,46237930.0
547,China,2012,76.192,23.70453322,23.31287235,6300.58217951734,45782417.0
548,China,2011,75.903,23.57391257,23.23847663,5614.38602225277,45308899.0
549,China,2010,75.599,23.44923811,23.16244451,4550.47394356715,44816108.0
550,China,2009,75.343,23.33035212,23.085025,3832.2274569094,44313917.0
551,China,2008,74.872,23.21594156,23.00707164,3468.32706307504,43815313.0
552,China,2007,74.762,23.10676032,22.92994084,2693.95873160283,43306582.0
553,China,2006,74.504,23.00159503,22.85465638,2099.2194300499,42772910.0
554,China,2005,74.111,22.9021595,22.78308903,1753.41419160544,42220940.0
555,China,2004,73.748,22.80964132,22.71580157,1508.66791560781,41648268.0
556,China,2003,73.371,22.7231744,22.65243426,1288.63749134336,41057687.0
557,China,2002,72.985,22.64218073,22.59350727,1148.51425710711,40454050.0
558,China,2001,72.606,22.56697911,22.53866199,1053.11231442789,39837875.0
559,China,2000,71.881,22.49666789,22.48811066,959.360431369138,39215135.0
560,Colombia,2015,76.257,25.87730931,26.69102002,6228.65162110371,730216.0
561,Colombia,2014,76.043,25.76383415,26.62678415,8167.47284156277,714612.0
562,Colombia,2013,75.827,25.65034242,26.56208878,8263.64192942212,699393.0
563,Colombia,2012,75.597,25.53714981,26.49755998,8096.80150827421,684553.0
564,Colombia,2011,75.32,25.42362106,26.43337235,7392.94359822972,670071.0
565,Colombia,2010,75.033,25.3101021,26.37028447,6392.75802564031,656024.0
566,Colombia,2009,74.742,25.19739373,26.30840333,5245.95158468149,642493.0
567,Colombia,2008,74.295,25.08545096,26.24746388,5534.68944688198,629470.0
568,Colombia,2007,73.837,24.97403605,26.18752787,4762.08306918129,616899.0
569,Colombia,2006,73.468,24.86360735,26.12798154,3782.60349611154,604658.0
570,Colombia,2005,73.081,24.7539114,26.06744101,3448.53832259071,592683.0
571,Colombia,2004,72.695,24.6441342,26.00490889,2811.45945051653,581154.0
572,Colombia,2003,72.361,24.53389343,25.93975615,2305.17050697714,570130.0
573,Colombia,2002,71.939,24.42383705,25.87093652,2421.1621037421,559047.0
574,Colombia,2001,71.502,24.31407977,25.79691359,2465.00701162874,547741.0
575,Colombia,2000,71.32,24.20469284,25.71717921,2546.85021359809,536758.0
576,Comoros,2015,62.896,23.30573763,25.5996335,1322.93677605288,78656904.0
577,Comoros,2014,62.516,23.25089101,25.43853243,1608.68787678758,76035588.0
578,Comoros,2013,62.224,23.1958147,25.27728276,1595.98981808122,73460021.0
579,Comoros,2012,61.834,23.14152667,25.1168429,1483.95155791259,70997870.0
580,Comoros,2011,61.503,23.08808895,24.9571938,1526.83263942681,68654269.0
581,Comoros,2010,61.123,23.03553047,24.79849729,1384.06328257479,66391257.0
582,Comoros,2009,60.831,22.9835696,24.6412459,1409.10667152145,64270232.0
583,Comoros,2008,60.475,22.92994652,24.48485231,1454.65090944099,62249724.0
584,Comoros,2007,60.102,22.87381762,24.32890221,1289.79484950871,60289422.0
585,Comoros,2006,59.875,22.81524723,24.17376447,1155.08567466696,58381630.0
586,Comoros,2005,59.604,22.75463484,24.01894732,1103.19541672121,56550247.0
587,Comoros,2004,59.48,22.69271869,23.86462151,1090.42716869473,54815607.0
588,Comoros,2003,59.258,22.6282796,23.70933993,959.228987622236,53205639.0
589,Comoros,2002,59.056,22.56236689,23.55380241,761.947888181814,51662071.0
590,Comoros,2001,59.163,22.49502037,23.39877816,691.041978010695,50106657.0
591,Comoros,2000,58.757,22.42590878,23.244413,654.18043075023,48616317.0
592,Congo,2015,58.49,22.34269887,24.14332965,482.064568638238,4895242.0
593,Congo,2014,58.296,22.29168228,24.06489856,472.266235725533,4844288.0
594,Congo,2013,57.762,22.24070605,23.98566799,444.864357559096,4791535.0
595,Congo,2012,57.248,22.18997752,23.90545463,412.776260544995,4736593.0
596,Congo,2011,57.069,22.13933717,23.82442139,376.374981129973,4679926.0
597,Congo,2010,56.417,22.08829609,23.74172539,324.827726109271,4622252.0
598,Congo,2009,55.836,22.03625138,23.65729228,290.155675073525,4563127.0
599,Congo,2008,55.339,21.98223836,23.5700927,317.88921008113,4501921.0
600,Congo,2007,54.923,21.92590161,23.48019004,277.612079551534,4440019.0
601,Congo,2006,54.534,21.86742682,23.38728916,247.54193564633,4378172.0
602,Congo,2005,53.927,21.80755723,23.29147173,211.572629664001,4315887.0
603,Congo,2004,53.426,21.74677263,23.1916974,187.856781029954,4252800.0
604,Congo,2003,52.827,21.68532156,23.08778208,167.981575409282,4188610.0
605,Congo,2002,52.333,21.62440226,22.9808243,168.944805273879,4122623.0
606,Congo,2001,52.116,21.56412811,22.87191939,148.447123509623,4053222.0
607,Congo,2000,51.781,21.50407128,22.76134097,392.626333784131,3979193.0
608,Costa Rica,2015,79.086,26.84277233,28.00841503,11529.9551730192,4203604.0
609,Costa Rica,2014,78.774,26.77451349,27.90809202,10737.6788811529,4238389.0
610,Costa Rica,2013,79.403,26.70473592,27.8050434,10633.2665504623,4255689.0
611,Costa Rica,2012,79.283,26.63324588,27.69916971,9971.65165576585,4267558.0
612,Costa Rica,2011,79.348,26.55960807,27.5908845,9137.4551007756,4280622.0
613,Costa Rica,2010,78.67,26.48329129,27.48015652,8147.24398493375,4295427.0
614,Costa Rica,2009,78.672,26.40442052,27.36681386,6737.8607505315,4305181.0
615,Costa Rica,2008,78.445,26.32334683,27.25156712,6841.9114600079,4309705.0
616,Costa Rica,2007,78.462,26.23978681,27.13477474,6055.08677887203,4310217.0
617,Costa Rica,2006,78.514,26.15403673,27.01598562,5188.361792249,4311159.0
618,Costa Rica,2005,78.505,26.06524675,26.89411084,4643.45856992587,4310145.0
619,Costa Rica,2004,78.331,25.97268902,26.76842796,4376.08042847261,4304600.0
620,Costa Rica,2003,78.072,25.87688183,26.63896801,4123.5064871039,4303399.0
621,Costa Rica,2002,77.983,25.77915347,26.50578855,4021.42536130228,4302174.0
622,Costa Rica,2001,77.545,25.6797526,26.36804773,3941.59864349203,4299642.0
623,Costa Rica,2000,77.586,25.57943677,26.22592744,3773.03379319679,4468302.0
624,Croatia,2015,77.2756097560976,28.07157985,26.91329563,12135.1036186683,11339894.0
625,Croatia,2014,77.4780487804878,27.94738209,26.79316709,14035.8597369389,11332026.0
626,Croatia,2013,77.1268292682927,27.82558857,26.67314288,14002.2381023542,11321579.0
627,Croatia,2012,76.9243902439024,27.70658265,26.55343604,13452.9759027717,11309290.0
628,Croatia,2011,76.7756097560976,27.58973001,26.43414938,14664.3690796915,11298710.0
629,Croatia,2010,76.4756097560976,27.47370547,26.31575674,13697.4521970764,11290417.0
630,Croatia,2009,76.1682926829268,27.35841186,26.19808041,14422.9198619352,11283185.0
631,Croatia,2008,75.9121951219512,27.24176113,26.08018492,15900.4693649251,11276609.0
632,Croatia,2007,75.7056097560976,27.12254565,25.96294979,13762.6712866081,11269887.0
633,Croatia,2006,75.8368292682927,27.00086014,25.84705816,11505.4104070781,11260630.0
634,Croatia,2005,75.2446341463415,26.87806158,25.73336742,10446.4419618242,11246114.0
635,Croatia,2004,75.520243902439,26.75594303,25.62280886,9723.36467607949,11225294.0
636,Croatia,2003,74.6139024390244,26.63490969,25.51496568,8192.60925044031,11199217.0
637,Croatia,2002,74.7173170731707,26.5155836,25.41067274,6219.64373374481,11170051.0
638,Croatia,2001,74.5129268292683,26.39907123,25.31068758,5363.8329043777,11139127.0
639,Croatia,2000,72.8078048780488,26.28583813,25.21521738,4952.30952351574,11105791.0
640,Cuba,2015,77.772,25.29132131,26.14472259,7683.74025365669,1187280.0
641,Cuba,2014,77.853,25.2097003,26.08775045,7117.53573456326,1176995.0
642,Cuba,2013,77.87,25.12808914,26.03075976,6814.24384354868,1166968.0
643,Cuba,2012,77.833,25.04642744,25.97391988,6467.33791422804,1156556.0
644,Cuba,2011,77.76,24.96457073,25.91775969,6106.0067919258,1145086.0
645,Cuba,2010,77.661,24.88229794,25.8620032,5275.53260105122,1129686.0
646,Cuba,2009,77.548,24.80048132,25.80746208,5094.43756186586,1110974.0
647,Cuba,2008,77.429,24.71922659,25.7534569,4992.82449445836,1092390.0
648,Cuba,2007,77.307,24.63796669,25.69934144,4814.85487568512,1073873.0
649,Cuba,2006,77.179,24.55627898,25.6448263,4336.87332999361,1055438.0
650,Cuba,2005,77.047,24.47407228,25.58941044,3791.87300608904,1037062.0
651,Cuba,2004,76.912,24.39139066,25.53240213,3403.29616311163,1018684.0
652,Cuba,2003,76.773,24.30874517,25.47353852,3205.68839767994,1000350.0
653,Cuba,2002,76.612,24.22598356,25.41264926,3007.19307369322,982194.0
654,Cuba,2001,76.421,24.14321986,25.34929356,2844.24443674985,964830.0
655,Cuba,2000,76.183,24.0607451,25.28372283,2752.20378269319,948237.0
656,Cyprus,2015,80.966,27.71205826,26.22974622,23487.21875,10546059.0
657,Cyprus,2014,80.771,27.69026763,26.23385036,27244.34375,10525347.0
658,Cyprus,2013,80.402,27.66855726,26.23778991,27797.453125,10514272.0
659,Cyprus,2012,80.109,27.64617493,26.24088577,28991.9296875,10510785.0
660,Cyprus,2011,79.999,27.62182528,26.24245331,32485.802734375,10496088.0
661,Cyprus,2010,79.665,27.59284372,26.2411794,31105.02734375,10474410.0
662,Cyprus,2009,79.401,27.55748806,26.23589978,32236.53515625,10443936.0
663,Cyprus,2008,78.981,27.51414324,26.22550312,35397.36328125,10384603.0
664,Cyprus,2007,78.81,27.46265927,26.21031467,31244.92578125,10298828.0
665,Cyprus,2006,78.371,27.40283689,26.19107729,26729.32421875,10238905.0
666,Cyprus,2005,78.101,27.33571908,26.16764914,24959.259765625,10211216.0
667,Cyprus,2004,77.944,27.26193972,26.13925118,23792.62109375,10197101.0
668,Cyprus,2003,77.788,27.18232441,26.10641715,20252.23828125,10193998.0
669,Cyprus,2002,77.487,27.09828179,26.06883902,16093.21484375,10196916.0
670,Cyprus,2001,76.989,27.01111823,26.02628216,14821.447265625,10216605.0
671,Cyprus,2000,76.568,26.92123404,25.97847535,14388.34765625,10255063.0
672,Czechia,2015,78.5780487804878,28.10546988,26.41777804,17829.6983223668,23596741.0
673,Czechia,2014,78.8243902439024,28.02359322,26.40038138,19890.9199056648,22995555.0
674,Czechia,2013,78.1756097560976,27.94430817,26.38376072,20133.1691431353,22469268.0
675,Czechia,2012,78.0756097560976,27.86773167,26.36824807,19870.8012123403,22010712.0
676,Czechia,2011,77.8731707317073,27.79376641,26.35371494,21871.2660754128,21562914.0
677,Czechia,2010,77.4243902439025,27.72186643,26.34051018,19960.0684872157,21120042.0
678,Czechia,2009,77.0780487804878,27.65083467,26.32874014,19861.6974295256,20677762.0
679,Czechia,2008,76.9756097560976,27.58010947,26.31707254,22804.5776774507,20244449.0
680,Czechia,2007,76.7243902439025,27.50917467,26.30571662,18466.5479299216,19817700.0
681,Czechia,2006,76.5243902439024,27.43905156,26.29606381,15261.7975911138,19394057.0
682,Czechia,2005,75.9243902439025,27.36999033,26.28862571,13430.6698955613,18970215.0
683,Czechia,2004,75.7219512195122,27.30333691,26.28389943,11749.8526643577,18544903.0
684,Czechia,2003,75.1707317073171,27.23965547,26.28198273,9818.56849307488,18116451.0
685,Czechia,2002,75.2219512195122,27.17890575,26.2838184,8060.86870292424,17683897.0
686,Czechia,2001,75.1731707317073,27.12121626,26.28906486,6637.04165713981,17245468.0
687,Czechia,2000,74.9682926829268,27.06703202,26.29806148,6029.03819275358,16799670.0
688,Côte d'Ivoire,2015,57.762,23.4377857,24.19824272,1941.58189765549,552166.0
689,Côte d'Ivoire,2014,57.208,23.39680344,24.14681874,2124.01942956841,546076.0
690,Côte d'Ivoire,2013,56.748,23.35570074,24.09365936,1903.05422876301,539940.0
691,Côte d'Ivoire,2012,56.158,23.31500731,24.03907109,1649.30161629018,533864.0
692,Côte d'Ivoire,2011,55.52,23.27189895,23.98224981,1701.7046397995,527521.0
693,Côte d'Ivoire,2010,55.023,23.22414621,23.92111225,1654.17795949757,521212.0
694,Côte d'Ivoire,2009,54.394,23.17087727,23.85551491,1638.80468544921,515638.0
695,Côte d'Ivoire,2008,53.653,23.1104493,23.78452185,1683.33750616062,510336.0
696,Côte d'Ivoire,2007,52.97,23.04328895,23.70747172,1451.23253219637,504733.0
697,Côte d'Ivoire,2006,52.355,22.97038003,23.62414827,1303.56496649315,498884.0
698,Côte d'Ivoire,2005,51.824,22.89303121,23.53473049,1267.08731045878,492827.0
699,Côte d'Ivoire,2004,51.363,22.81239153,23.43918237,1267.76482364824,486583.0
700,Côte d'Ivoire,2003,50.954,22.72837758,23.33712938,1173.06388212738,480089.0
701,Côte d'Ivoire,2002,50.886,22.64255675,23.22946341,1020.95049076837,473231.0
702,Côte d'Ivoire,2001,50.81,22.55711574,23.11779765,974.779985317925,465958.0
703,Côte d'Ivoire,2000,50.842,22.47174406,23.00357742,986.77735288125,458251.0
704,Democratic Republic of the Congo,2015,63.233,21.38105291,22.62058778,2455.34085824476,5064386.0
705,Democratic Republic of the Congo,2014,62.95,21.31890184,22.53136534,3623.82705652473,4944861.0
706,Democratic Republic of the Congo,2013,62.695,21.25673802,22.4416624,3719.6510360643,4828066.0
707,Democratic Republic of the Congo,2012,62.317,21.19515289,22.35088285,3753.86092808102,4713257.0
708,Democratic Republic of the Congo,2011,61.992,21.13300042,22.25947579,3415.06237416639,4584216.0
709,Democratic Republic of the Congo,2010,61.683,21.0701841,22.16700291,2962.76248130765,4437884.0
710,Democratic Republic of the Congo,2009,61.088,21.00624396,22.07339109,2283.94987239428,4257230.0
711,Democratic Republic of the Congo,2008,60.426,20.94041161,21.97764643,2848.6531631791,4089602.0
712,Democratic Republic of the Congo,2007,59.643,20.87187553,21.87995248,2219.91230676263,3956329.0
713,Democratic Republic of the Congo,2006,58.878,20.8011481,21.78025312,2116.86894319341,3813323.0
714,Democratic Republic of the Congo,2005,58.126,20.72900835,21.67854804,1810.58894236459,3672839.0
715,Democratic Republic of the Congo,2004,56.986,20.65597896,21.57433924,1314.41128060735,3543012.0
716,Democratic Republic of the Congo,2003,55.948,20.58219023,21.46724488,1023.08849619066,3424653.0
717,Democratic Republic of the Congo,2002,55.088,20.50897765,21.35793738,910.869710766426,3331158.0
718,Democratic Republic of the Congo,2001,54.395,20.43616333,21.24739491,859.440012475987,3254101.0
719,Democratic Republic of the Congo,2000,53.682,20.36389835,21.13649476,1029.96068881894,3134030.0
720,Denmark,2015,80.7024390243902,26.27218229,24.55860213,53254.8563700916,5683483.0
721,Denmark,2014,80.7,26.26607011,24.55941668,62548.9847332908,5643475.0
722,Denmark,2013,80.3,26.25934967,24.56017357,61191.1937042028,5614932.0
723,Denmark,2012,80.0512195121951,26.25077159,24.56015615,58507.5080517852,5591572.0
724,Denmark,2011,79.8,26.23791586,24.5598094,61753.647131977,5570572.0
725,Denmark,2010,79.1,26.21837987,24.5580831,58041.3984363385,5547683.0
726,Denmark,2009,78.5975609756098,26.19120421,24.55427185,58163.2768762815,5523095.0
727,Denmark,2008,78.4463414634146,26.15548247,24.54789104,64322.0635020842,5493621.0
728,Denmark,2007,78.1951219512195,26.11191998,24.53999451,58487.0549677696,5461438.0
729,Denmark,2006,78.0951219512195,26.05940442,24.53039156,52026.9995142723,5437272.0
730,Denmark,2005,77.8439024390244,25.99857403,24.51945555,48799.8256011275,5419432.0
731,Denmark,2004,77.4926829268293,25.93077971,24.5078179,46511.5983324305,5404523.0
732,Denmark,2003,77.1439024390244,25.85640142,24.49491131,40458.7773986609,5390574.0
733,Denmark,2002,76.8951219512195,25.77705296,24.48080167,33228.6935448819,5375931.0
734,Denmark,2001,76.7926829268293,25.693801,24.46532238,30751.654348268,5358783.0
735,Denmark,2000,76.5926829268293,25.60728184,24.44853352,30743.5476816354,5339616.0
736,Djibouti,2015,61.957,23.47983819,24.72292651,2409.31190224284,1006259.0
737,Djibouti,2014,61.641,23.45363896,24.69081591,2239.11453821208,989087.0
738,Djibouti,2013,61.221,23.42759741,24.65853113,2102.19794830208,971753.0
739,Djibouti,2012,60.848,23.40244652,24.62678051,1418.46085811933,954297.0
740,Djibouti,2011,60.433,23.37807247,24.59586402,1322.72625083956,936811.0
741,Djibouti,2010,60.259,23.35456482,24.56543292,1227.82085311429,919199.0
742,Djibouti,2009,59.673,23.33099966,24.53642792,1164.25168346453,901103.0
743,Djibouti,2008,59.365,23.30588394,24.50800018,1131.63572564038,882886.0
744,Djibouti,2007,59.024,23.27800202,24.47961489,980.031032399576,865196.0
745,Djibouti,2006,58.715,23.24749665,24.45099694,907.817943782596,846947.0
746,Djibouti,2005,58.316,23.21424255,24.42155643,852.890188282475,830861.0
747,Djibouti,2004,57.759,23.17895239,24.39082785,813.897943575246,818373.0
748,Djibouti,2003,57.595,23.14093024,24.35790282,771.374231644966,806411.0
749,Djibouti,2002,57.215,23.10171587,24.32308701,749.081632535869,789129.0
750,Djibouti,2001,56.903,23.06080116,24.28725268,747.779122941073,765490.0
751,Djibouti,2000,56.573,23.01805124,24.25000387,742.865697154312,742033.0
752,Ecuador,2015,76.789,26.64511661,27.93118032,6002.1083111024,16195902.0
753,Ecuador,2014,76.622,26.52188046,27.79537523,6436.76103650622,15957994.0
754,Ecuador,2013,76.369,26.39869943,27.65923615,6141.98318144215,15722989.0
755,Ecuador,2012,76.062,26.27562807,27.52306711,5666.21744687686,15483883.0
756,Ecuador,2011,75.743,26.15240277,27.38793313,5183.62370033118,15237728.0
757,Ecuador,2010,75.43,26.0298059,27.25421757,4546.57877452911,14989585.0
758,Ecuador,2009,75.184,25.90865548,27.12230796,4076.23494804164,14742766.0
759,Ecuador,2008,74.983,25.78836925,26.99234064,4217.44458448304,14496797.0
760,Ecuador,2007,74.844,25.66961994,26.86484084,3497.70573403355,14251835.0
761,Ecuador,2006,74.689,25.55249761,26.73950067,3261.51495806892,14009061.0
762,Ecuador,2005,74.514,25.43719823,26.6155237,2925.11357288578,13770012.0
763,Ecuador,2004,74.279,25.32325524,26.49250727,2600.36980794325,13534593.0
764,Ecuador,2003,73.975,25.21069028,26.36979243,2328.0038829626,13301184.0
765,Ecuador,2002,73.613,25.10027856,26.24627951,2069.8497675204,13070609.0
766,Ecuador,2001,73.24,24.99107946,26.12090786,1800.398364535,12845521.0
767,Ecuador,2000,72.839,24.88242024,25.99334111,1389.09792925024,12626507.0
768,Egypt,2015,70.483,27.83207752,31.52433642,3370.38244716015,97723799.0
769,Egypt,2014,70.415,27.73471443,31.35140993,3196.86138078687,95592324.0
770,Egypt,2013,70.052,27.63735249,31.17981639,3088.8908340843,93377890.0
771,Egypt,2012,70.085,27.54124834,31.00979711,3059.13542779204,91240376.0
772,Egypt,2011,69.88,27.44575361,30.84169589,2645.6225349104,89200054.0
773,Egypt,2010,69.664,27.35126725,30.67570039,2509.77203417522,87252413.0
774,Egypt,2009,69.48,27.25922168,30.51132637,2212.21814788932,85501064.0
775,Egypt,2008,69.319,27.17001336,30.34903842,1941.89997269337,83844783.0
776,Egypt,2007,69.128,27.08577138,30.19036398,1586.47292057972,82218755.0
777,Egypt,2006,68.977,27.00620045,30.03584412,1332.33941000282,80629670.0
778,Egypt,2005,68.779,26.92880024,29.88246129,1133.10546057176,79075310.0
779,Egypt,2004,68.613,26.85110256,29.72722517,1016.25388395628,77522427.0
780,Egypt,2003,68.402,26.77229423,29.56906677,1056.93720896595,75963322.0
781,Egypt,2002,68.564,26.69228126,29.40827866,1144.53239841974,74393759.0
782,Egypt,2001,68.308,26.61096457,29.24374042,1327.09651832991,72854261.0
783,Egypt,2000,68.007,26.52802401,29.0766755,1398.85983078672,71371371.0
784,El Salvador,2015,71.814,26.90353006,28.39025869,3761.51368000275,6231066.0
785,El Salvador,2014,71.746,26.82719128,28.2782553,3638.51765819162,6209526.0
786,El Salvador,2013,71.771,26.75016262,28.16559494,3555.16209958481,6185642.0
787,El Salvador,2012,71.831,26.67298607,28.05213674,3471.05126865498,6161289.0
788,El Salvador,2011,71.859,26.59437248,27.93822739,3304.97418347889,6137349.0
789,El Salvador,2010,71.848,26.51449381,27.82408142,3017.3073947577,6114034.0
790,El Salvador,2009,71.576,26.43402222,27.70978535,2889.68588721937,6091188.0
791,El Salvador,2008,71.424,26.35247265,27.59502864,2964.172140237,6068099.0
792,El Salvador,2007,71.108,26.26930378,27.47937357,2814.58988893523,6044131.0
793,El Salvador,2006,70.773,26.18397984,27.36207748,2651.43088765876,6034436.0
794,El Salvador,2005,70.44,26.09538952,27.241789,2434.32353117029,6037817.0
795,El Salvador,2004,70.34,26.00314038,27.11752993,2273.95550275819,6035655.0
796,El Salvador,2003,70.14,25.90620503,26.9880286,2197.48200095937,6026849.0
797,El Salvador,2002,70.232,25.80561125,26.85267962,2106.73946874831,6011275.0
798,El Salvador,2001,69.598,25.70096526,26.70939241,2051.15877420114,5988095.0
799,El Salvador,2000,69.865,25.59192034,26.55766162,1977.84061443838,5958482.0
800,Equatorial Guinea,2015,60.103,22.33733491,25.90067313,9788.98380369718,1346973.0
801,Equatorial Guinea,2014,59.595,22.28262375,25.7801129,16804.9249271976,1295183.0
802,Equatorial Guinea,2013,59.224,22.22784009,25.65950192,17644.5943045414,1243941.0
803,Equatorial Guinea,2012,58.865,22.17380722,25.53882307,18756.4250273225,1193636.0
804,Equatorial Guinea,2011,58.412,22.11971907,25.41816323,18659.4160247571,1144588.0
805,Equatorial Guinea,2010,57.878,22.06539897,25.29736237,14905.5145764646,1094524.0
806,Equatorial Guinea,2009,57.431,22.01014675,25.17647581,14398.770485777,1043686.0
807,Equatorial Guinea,2008,57.074,21.95315394,25.05470018,19849.7177669705,994971.0
808,Equatorial Guinea,2007,56.54,21.89356304,24.93192097,13776.9033327262,948814.0
809,Equatorial Guinea,2006,56.046,21.83171892,24.80840441,11140.1901650513,905418.0
810,Equatorial Guinea,2005,55.464,21.76860179,24.68398247,9502.85881614782,864726.0
811,Equatorial Guinea,2004,55.036,21.7048689,24.5585484,5337.61438929676,826355.0
812,Equatorial Guinea,2003,54.581,21.64017633,24.43091715,3146.51857534028,789681.0
813,Equatorial Guinea,2002,54.085,21.57475516,24.30147732,2395.84511947529,754115.0
814,Equatorial Guinea,2001,53.636,21.50792466,24.1704309,2031.41938636331,719270.0
815,Equatorial Guinea,2000,53.226,21.44009077,24.03789531,1527.05637771592,684977.0
816,Estonia,2015,77.590243902439,27.04053275,26.02066592,17402.0376128079,1315407.0
817,Estonia,2014,77.0341463414634,26.97380522,25.99620062,20261.0667303886,1314545.0
818,Estonia,2013,77.1414634146341,26.90741643,25.97168432,19056.0019226989,1317997.0
819,Estonia,2012,76.3268292682927,26.8413562,25.94716263,17403.2053254767,1322696.0
820,Estonia,2011,76.2292682926829,26.77533282,25.92272283,17487.8047830922,1327439.0
821,Estonia,2010,75.4292682926829,26.70770922,25.89685259,14663.0446126465,1331475.0
822,Estonia,2009,74.8243902439024,26.63704664,25.86856039,14711.7352728223,1334515.0
823,Estonia,2008,73.7707317073171,26.5596811,25.83627164,18204.9664786762,1337090.0
824,Estonia,2007,72.8146341463415,26.47478367,25.79904931,16744.5844516343,1340680.0
825,Estonia,2006,72.6914634146341,26.38226019,25.75678942,12639.4000677296,1346810.0
826,Estonia,2005,72.5682926829268,26.28357882,25.70964461,10412.6443137966,1354775.0
827,Estonia,2004,71.909756097561,26.17922376,25.65717166,8914.10355674451,1362550.0
828,Estonia,2003,71.3170731707317,26.07060304,25.60020312,7203.52303786646,1370720.0
829,Estonia,2002,70.9048780487805,25.95891611,25.54027235,5341.62894677002,1379350.0
830,Estonia,2001,70.2585365853659,25.84787485,25.47956878,4505.85833233188,1388115.0
831,Estonia,2000,70.4170731707317,25.73950989,25.41952361,4070.60902410208,1396985.0
832,Ethiopia,2015,63.649,20.09282568,21.04993426,630.312619383054,102471895.0
833,Ethiopia,2014,62.905,20.07536564,20.97906039,557.534148360438,99746766.0
834,Ethiopia,2013,62.373,20.05791469,20.90760248,490.792478420391,97084366.0
835,Ethiopia,2012,61.543,20.04134107,20.83645425,458.550920793057,94451280.0
836,Ethiopia,2011,60.721,20.02611342,20.76596489,348.001348291465,91817929.0
837,Ethiopia,2010,59.73,20.01224712,20.69637377,335.438495270931,89237791.0
838,Ethiopia,2009,58.804,19.99923005,20.62807393,373.893958712145,86755585.0
839,Ethiopia,2008,57.592,19.98437536,20.5602594,320.861089711683,84357105.0
840,Ethiopia,2007,56.426,19.96659893,20.49206993,240.347971955032,81996185.0
841,Ethiopia,2006,55.149,19.94572843,20.423337,191.75129245508,79691050.0
842,Ethiopia,2005,54.008,19.92145641,20.35395867,160.076791772058,77469940.0
843,Ethiopia,2004,53.235,19.89441501,20.28351601,134.542486332684,75301026.0
844,Ethiopia,2003,52.533,19.86359506,20.20996921,117.860164733528,73168838.0
845,Ethiopia,2002,51.517,19.82987255,20.13391917,110.460874721483,71073215.0
846,Ethiopia,2001,51.043,19.79315259,20.05619147,119.261857260772,69018932.0
847,Ethiopia,2000,50.538,19.75269578,19.97680803,122.961659681414,67031867.0
848,Fiji,2015,66.844,26.69718793,28.92700833,5105.18959221062,917200.0
849,Fiji,2014,67.376,26.58894075,28.85031073,5305.06440743199,915560.0
850,Fiji,2013,67.428,26.48180368,28.77308962,4586.95521117587,913453.0
851,Fiji,2012,67.552,26.37648677,28.69547648,4359.79240035309,911059.0
852,Fiji,2011,67.523,26.27307811,28.61716451,4160.72119311815,908355.0
853,Fiji,2010,67.328,26.17228164,28.53876525,3469.14964254878,905169.0
854,Fiji,2009,67.089,26.07342125,28.45946548,3184.68912291481,901383.0
855,Fiji,2008,66.935,25.97461558,28.37848926,3928.92173857964,896731.0
856,Fiji,2007,66.826,25.87649619,28.29518283,3793.09738500959,890648.0
857,Fiji,2006,66.855,25.7792087,28.20919683,3483.59718493626,883083.0
858,Fiji,2005,66.632,25.68217048,28.11980055,3406.47559239037,874923.0
859,Fiji,2004,66.424,25.58564599,28.02615249,3124.60738926325,866694.0
860,Fiji,2003,66.177,25.49043572,27.92765,2680.27074880376,858306.0
861,Fiji,2002,65.748,25.39708798,27.82462991,2157.07659613693,849891.0
862,Fiji,2001,66.34,25.30510933,27.71720395,1964.13020427679,841320.0
863,Fiji,2000,66.31,25.21449168,27.60524749,2015.85749571271,832509.0
864,Finland,2015,81.4804878048781,26.55423323,25.68009252,42801.9081167285,5479531.0
865,Finland,2014,81.1804878048781,26.56332723,25.67873171,50327.2402902632,5461512.0
866,Finland,2013,80.9756097560976,26.5722037,25.67762273,49892.2233632732,5438972.0
867,Finland,2012,80.6268292682927,26.58005493,25.67609843,47708.0612784469,5413971.0
868,Finland,2011,80.4707317073171,26.58520268,25.67441486,51148.9316365833,5388272.0
869,Finland,2010,79.8707317073171,26.58644982,25.67117682,46505.3031791811,5363352.0
870,Finland,2009,79.719512195122,26.58317533,25.66568718,47481.4845364339,5338871.0
871,Finland,2008,79.5682926829268,26.57477397,25.6574966,53772.7942390019,5313399.0
872,Finland,2007,79.2634146341464,26.56211469,25.64729317,48476.3927287052,5288720.0
873,Finland,2006,79.2146341463415,26.54348024,25.63495664,41222.6020004611,5266268.0
874,Finland,2005,78.8170731707317,26.518776,25.61995411,39054.8504423825,5246096.0
875,Finland,2004,78.7146341463415,26.48881388,25.60224604,37772.1781110398,5228172.0
876,Finland,2003,78.3682926829268,26.45341089,25.58061749,32927.6802919408,5213014.0
877,Finland,2002,78.119512195122,26.41371887,25.55511103,26997.7529897788,5200598.0
878,Finland,2001,77.9658536585366,26.36988693,25.52492642,24967.7925153182,5188008.0
879,Finland,2000,77.4658536585366,26.3216667,25.48950019,24345.9148217032,5176209.0
880,France,2015,82.3219512195122,26.05554699,24.34407017,36652.9223052178,66548272.0
881,France,2014,82.719512195122,26.03888503,24.3755527,43068.5487241739,66312067.0
882,France,2013,82.219512195122,26.02205896,24.40627372,42602.7179652667,66002289.0
883,France,2012,81.9682926829268,26.00501729,24.43549811,40870.8523645734,65662240.0
884,France,2011,82.1146341463415,25.98607758,24.46245762,43846.4660764798,65345233.0
885,France,2010,81.6634146341463,25.96314178,24.48609405,40676.0647913181,65030575.0
886,France,2009,81.4146341463415,25.93455557,24.50563683,41737.7635518137,64710879.0
887,France,2008,81.2146341463415,25.89964231,24.51993495,45515.9617533473,64379696.0
888,France,2007,81.1121951219512,25.85773315,24.53023213,41557.6235648179,64021737.0
889,France,2006,80.8121951219512,25.81032126,24.53698509,36470.2128399313,63628261.0
890,France,2005,80.1634146341463,25.75867184,24.5407363,34768.1759037525,63188395.0
891,France,2004,80.1634146341463,25.70406917,24.54059771,33797.1624418436,62716306.0
892,France,2003,79.1146341463415,25.64706773,24.53694258,29627.92426353,62256970.0
893,France,2002,79.2609756097561,25.58928285,24.52987851,24288.2700193508,61816234.0
894,France,2001,79.1585365853659,25.53290439,24.51920208,22449.3396931175,61367388.0
895,France,2000,79.0560975609756,25.47822224,24.50543276,22416.425417915,60921384.0
896,Gabon,2015,65.46,24.09015275,26.58218418,7090.45463394942,2028517.0
897,Gabon,2014,64.974,24.03532005,26.46708943,9255.36803467635,1966855.0
898,Gabon,2013,64.776,23.9802197,26.35110919,9250.08111462036,1902226.0
899,Gabon,2012,64.587,23.92446328,26.23353694,9348.51487640056,1836705.0
900,Gabon,2011,64.045,23.86754325,26.11414826,10273.798444898,1772500.0
901,Gabon,2010,63.898,23.80897806,25.99254405,8399.59734808121,1711105.0
902,Gabon,2009,63.303,23.74745463,25.86846854,7325.90951318545,1653542.0
903,Gabon,2008,63.083,23.682695,25.74170154,9732.22653332604,1599978.0
904,Gabon,2007,62.618,23.61383549,25.61231104,8036.91995564327,1549774.0
905,Gabon,2006,62.375,23.54083115,25.48006758,6873.45398271021,1502534.0
906,Gabon,2005,61.959,23.46438452,25.34445676,6570.96326530919,1458353.0
907,Gabon,2004,61.838,23.38477498,25.20494517,5483.14457467164,1417110.0
908,Gabon,2003,61.671,23.30256353,25.06224599,4724.2547983061,1378398.0
909,Gabon,2002,61.292,23.21903096,24.91694216,3976.64679620587,1341696.0
910,Gabon,2001,61.27,23.13334136,24.76949614,3844.56134920847,1306590.0
911,Gabon,2000,61.069,23.04576931,24.61974264,3991.15715141003,1272935.0
912,Gambia,2015,62.494,23.44597904,24.56621707,611.67121911225,2253133.0
913,Gambia,2014,62.269,23.33240881,24.47729524,561.649634566263,2189019.0
914,Gambia,2013,62.114,23.21847537,24.38637474,647.385534561172,2124869.0
915,Gambia,2012,62.096,23.10400447,24.29342142,686.557557719746,2061014.0
916,Gambia,2011,61.526,22.98623425,24.19695042,705.47749534881,1998212.0
917,Gambia,2010,60.717,22.86291293,24.09489195,796.631829179134,1937275.0
918,Gambia,2009,60.427,22.73239029,23.98625094,772.124933818401,1878119.0
919,Gambia,2008,60.082,22.5943878,23.87110133,857.858239870456,1820542.0
920,Gambia,2007,59.394,22.44937125,23.74884144,725.092284883529,1764883.0
921,Gambia,2006,59.06,22.29944713,23.61921705,615.973928349442,1711294.0
922,Gambia,2005,58.394,22.1450172,23.48242874,618.959813461158,1660368.0
923,Gambia,2004,58.088,21.98849716,23.33873184,596.629286497506,1612225.0
924,Gambia,2003,57.586,21.83078329,23.18763431,310.957068377345,1566257.0
925,Gambia,2002,57.08,21.67343016,23.03012105,379.862417876486,1522223.0
926,Gambia,2001,57.043,21.5186348,22.86765918,464.639636150988,1479449.0
927,Gambia,2000,56.942,21.36697092,22.70123681,544.620961107601,1437539.0
928,Georgia,2015,73.297,27.55347287,27.75201309,4086.6223465965,3725276.0
929,Georgia,2014,73.099,27.41782222,27.62658494,4830.33486170249,3719414.0
930,Georgia,2013,72.628,27.28264098,27.50156098,4712.00229382665,3717668.0
931,Georgia,2012,72.412,27.14923781,27.37755659,4530.69533409431,3728874.0
932,Georgia,2011,72.39,27.01688569,27.2555802,4119.66818307193,3756441.0
933,Georgia,2010,72.128,26.88655059,27.13597552,3281.72930937343,3786695.0
934,Georgia,2009,71.95,26.75876907,27.0184836,2822.68939668797,3814419.0
935,Georgia,2008,71.332,26.63360749,26.90309055,3324.7537205015,3848449.0
936,Georgia,2007,71.568,26.51294558,26.79087744,2635.36650276116,3860158.0
937,Georgia,2006,71.394,26.39787475,26.68217503,1996.02013272284,3880347.0
938,Georgia,2005,71.13,26.28816426,26.57674055,1642.78359414797,3902469.0
939,Georgia,2004,70.567,26.1839626,26.47433523,1305.04748557208,3927340.0
940,Georgia,2003,70.333,26.08459498,26.37379402,1010.03151630868,3951736.0
941,Georgia,2002,70.024,25.98966971,26.27570801,853.526171868939,3978515.0
942,Georgia,2001,69.606,25.89947559,26.179361,801.98383707929,4014373.0
943,Georgia,2000,69.575,25.81366949,26.08503105,749.908534993961,4077131.0
944,Germany,2015,80.6414634146341,27.44128879,25.97264791,41103.2564363768,81686611.0
945,Germany,2014,81.090243902439,27.39878484,25.93513703,48023.8699845462,80982500.0
946,Germany,2013,80.490243902439,27.3556894,25.89776749,46298.9229177341,80645605.0
947,Germany,2012,80.5390243902439,27.3116693,25.86005788,43855.8544658618,80425823.0
948,Germany,2011,80.4365853658537,27.26496901,25.82248798,46705.8957963353,80274983.0
949,Germany,2010,79.9878048780488,27.21413542,25.78360187,41572.4559481507,81776930.0
950,Germany,2009,79.8365853658537,27.15883644,25.7428459,41650.3678297162,81902307.0
951,Germany,2008,79.7365853658537,27.09777838,25.69996879,45612.7106221441,82110097.0
952,Germany,2007,79.5341463414634,27.03195045,25.6557485,41640.0808695147,82266372.0
953,Germany,2006,79.1317073170732,26.9616123,25.6106602,36353.8803343631,82376451.0
954,Germany,2005,78.9317073170732,26.88729,25.56470472,34520.2396492496,82469422.0
955,Germany,2004,78.6804878048781,26.81051982,25.51830773,34106.6581224001,82516260.0
956,Germany,2003,78.3804878048781,26.73148504,25.47047645,30310.3575963774,82534176.0
957,Germany,2002,78.2292682926829,26.65205238,25.4211473,25197.2656001848,82488495.0
958,Germany,2001,78.3292682926829,26.57301607,25.3702319,23628.3272122367,82349925.0
959,Germany,2000,77.9268292682927,26.49500018,25.31768432,23694.7604830673,82211508.0
960,Ghana,2015,63.175,22.59036443,25.2821909,1711.27132561453,28870939.0
961,Ghana,2014,63.045,22.59006771,25.17286373,1942.92184179852,28196358.0
962,Ghana,2013,62.42,22.5898917,25.06209708,2282.40750113579,27525597.0
963,Ghana,2012,62.081,22.58963561,24.95009474,1536.61963499859,26858762.0
964,Ghana,2011,61.652,22.58660809,24.83644933,1501.05917129856,26205941.0
965,Ghana,2010,61.157,22.57820332,24.71914762,1258.96419689048,25574719.0
966,Ghana,2009,60.946,22.56299676,24.59816794,1044.00498892672,24950762.0
967,Ghana,2008,60.49,22.53860279,24.47272062,1178.95587732926,24326087.0
968,Ghana,2007,60.224,22.50437459,24.34283995,1047.19942781651,23708320.0
969,Ghana,2006,59.988,22.46108696,24.20785559,904.169527809899,23098586.0
970,Ghana,2005,59.76,22.4096128,24.06730353,477.601092763442,22496951.0
971,Ghana,2004,59.191,22.35138609,23.92106966,405.424901764719,21906444.0
972,Ghana,2003,59.111,22.28664119,23.76802573,357.847982643309,21329514.0
973,Ghana,2002,58.608,22.21768027,23.60913039,297.046970350611,20758326.0
974,Ghana,2001,58.107,22.14643242,23.44593399,263.170141384943,20195577.0
975,Ghana,2000,58.195,22.07237249,23.27954179,253.380293175761,19665502.0
976,Greece,2015,81.0365853658537,27.62935311,26.93186374,18083.8779056547,10820883.0
977,Greece,2014,81.3853658536585,27.60239518,26.94727399,21616.7100094908,10892413.0
978,Greece,2013,81.2853658536585,27.57572263,26.96150637,21787.7877636035,10965211.0
979,Greece,2012,80.6341463414634,27.54828962,26.97373251,21912.9982879517,11045011.0
980,Greece,2011,80.7317073170732,27.51841614,26.98317578,25483.8825644931,11104899.0
981,Greece,2010,80.3878048780488,27.4841287,26.98860922,26716.6488260274,11121341.0
982,Greece,2009,80.1878048780488,27.44341509,26.98891338,29828.7560245271,11107017.0
983,Greece,2008,79.9390243902439,27.39606169,26.98376392,32127.9831943287,11077841.0
984,Greece,2007,79.4390243902439,27.34231135,26.97417026,28863.9732885018,11048473.0
985,Greece,2006,79.4390243902439,27.28267013,26.9608467,24821.9367451879,11020362.0
986,Greece,2005,79.2390243902439,27.21773962,26.94442879,22560.1472939077,10987314.0
987,Greece,2004,79.0390243902439,27.14948534,26.92454956,21995.477943746,10955141.0
988,Greece,2003,78.8414634146341,27.07849085,26.90189358,18518.3788387396,10928070.0
989,Greece,2002,78.6414634146341,27.00712949,26.87655915,14177.5721592705,10902022.0
990,Greece,2001,78.3878048780488,26.93650822,26.84841171,12549.036894906,10862132.0
991,Greece,2000,77.8878048780488,26.86648904,26.81789635,12072.9293569196,10805808.0
992,Grenada,2015,75.013,25.18168793,28.86465836,8379.62184743156,118980.0
993,Grenada,2014,74.985,25.09789353,28.73067681,7726.37826175954,117972.0
994,Grenada,2013,75.116,25.01435108,28.59696892,7205.25476521885,116945.0
995,Grenada,2012,75.042,24.93082059,28.46361135,6900.76507593244,115912.0
996,Grenada,2011,75.295,24.84681767,28.33144306,6775.74927822931,114918.0
997,Grenada,2010,74.999,24.76226916,28.19999829,6760.97488416081,114039.0
998,Grenada,2009,75.036,24.67813126,28.06965419,6810.44031784436,113249.0
999,Grenada,2008,74.656,24.59394681,27.94011925,7343.44526962639,112478.0
1000,Grenada,2007,74.317,24.50948031,27.81061333,6790.63408004111,111725.0
1001,Grenada,2006,73.7,24.42428791,27.6807532,6295.28117153806,110988.0
1002,Grenada,2005,73.521,24.33824753,27.54985703,6308.66504213503,110254.0
1003,Grenada,2004,71.788,24.25098382,27.41755992,5470.60331451653,109516.0
1004,Grenada,2003,73.188,24.16278919,27.28334488,5435.15180621121,108740.0
1005,Grenada,2002,73.167,24.07311814,27.1467529,4992.44140704535,108231.0
1006,Grenada,2001,73.118,23.98247753,27.00718123,4821.78499467448,107936.0
1007,Grenada,2000,72.783,23.89045902,26.86448405,4840.68406406257,107432.0
1008,Guatemala,2015,72.103,25.74940884,27.38458813,3994.62908519019,15567419.0
1009,Guatemala,2014,71.964,25.66842105,27.27692414,3779.62620518889,15306316.0
1010,Guatemala,2013,71.728,25.58722946,27.16835985,3522.76742900978,15043981.0
1011,Guatemala,2012,71.463,25.50597902,27.05915186,3355.03477737406,14781942.0
1012,Guatemala,2011,71.177,25.42362009,26.94961091,3228.03827784076,14521515.0
1013,Guatemala,2010,70.878,25.3408253,26.8397622,2852.55759284808,14259687.0
1014,Guatemala,2009,70.641,25.25810106,26.72996898,2651.83174404335,14000190.0
1015,Guatemala,2008,70.356,25.17496362,26.61960538,2802.45158245094,13739299.0
1016,Guatemala,2007,70.1,25.09060045,26.50841709,2490.74782825487,13477017.0
1017,Guatemala,2006,69.812,25.00519269,26.39532251,2251.07878386326,13213330.0
1018,Guatemala,2005,69.168,24.91787917,26.2792289,2068.48820631493,12948292.0
1019,Guatemala,2004,69.165,24.82851633,26.15944826,1859.09929915887,12682108.0
1020,Guatemala,2003,68.797,24.73695862,26.03532539,1737.87928692973,12415334.0
1021,Guatemala,2002,68.386,24.64402415,25.90603381,1682.99450068936,12147518.0
1022,Guatemala,2001,67.946,24.54997359,25.77064011,1550.36174652973,11871565.0
1023,Guatemala,2000,67.446,24.45508638,25.62919797,1664.30774802438,11589761.0
1024,Guinea,2015,58.134,22.43095651,23.41181123,756.425589810936,11625998.0
1025,Guinea,2014,57.886,22.39379183,23.33833862,774.5690395852,11333365.0
1026,Guinea,2013,57.791,22.35701277,23.26376481,757.692272561928,11055430.0
1027,Guinea,2012,57.406,22.32104706,23.18858133,707.967678199003,10788692.0
1028,Guinea,2011,57.019,22.28319533,23.11194017,644.502548659895,10527712.0
1029,Guinea,2010,56.72,22.24152905,23.03239324,667.281601897555,10270728.0
1030,Guinea,2009,56.348,22.19514174,22.95003347,670.261253626844,10021323.0
1031,Guinea,2008,56.044,22.14224155,22.86356997,712.099416076712,9779785.0
1032,Guinea,2007,55.553,22.08260276,22.77300084,657.993473811195,9547082.0
1033,Guinea,2006,55.108,22.01718249,22.67826723,452.276159713719,9330625.0
1034,Guinea,2005,54.632,21.94675317,22.57984042,468.535582477966,9140114.0
1035,Guinea,2004,54.117,21.87276671,22.47801085,591.534972732037,8961039.0
1036,Guinea,2003,53.678,21.7950917,22.37173528,572.847979010141,8772254.0
1037,Guinea,2002,53.278,21.71541714,22.26176806,501.482171108637,8577790.0
1038,Guinea,2001,52.662,21.63545876,22.14903699,488.475709431074,8445717.0
1039,Guinea,2000,52.479,21.55522776,22.03446317,523.866637197361,8336967.0
1040,Guinea-Bissau,2015,59.128,22.81176024,24.08169902,644.179063890749,1788919.0
1041,Guinea-Bissau,2014,58.61,22.76774363,24.00418082,651.204531740983,1743309.0
1042,Guinea-Bissau,2013,58.232,22.72329034,23.92488402,653.618532340544,1697753.0
1043,Guinea-Bissau,2012,57.69,22.67888701,23.84396816,634.961809599423,1652717.0
1044,Guinea-Bissau,2011,56.967,22.63204632,23.76028233,719.118765750612,1609017.0
1045,Guinea-Bissau,2010,56.23,22.58025915,23.67216741,599.859967945903,1567220.0
1046,Guinea-Bissau,2009,55.541,22.52273139,23.57969267,582.877268776159,1527196.0
1047,Guinea-Bissau,2008,54.646,22.45802724,23.48226495,640.048174194621,1488431.0
1048,Guinea-Bissau,2007,54.155,22.38629362,23.37939341,519.217934759624,1450572.0
1049,Guinea-Bissau,2006,53.371,22.30824338,23.27094431,448.897490531661,1414091.0
1050,Guinea-Bissau,2005,52.249,22.22470158,23.15744316,463.702263169306,1379713.0
1051,Guinea-Bissau,2004,52.15,22.13666555,23.0382806,432.194470322988,1347009.0
1052,Guinea-Bissau,2003,51.405,22.04414681,22.91299576,420.790892535598,1315653.0
1053,Guinea-Bissau,2002,50.986,21.94882485,22.78226718,363.05646610899,1285678.0
1054,Guinea-Bissau,2001,50.445,21.85273469,22.64714149,328.151291965488,1257380.0
1055,Guinea-Bissau,2000,50.121,21.75550839,22.50875128,317.947690957941,1230849.0
1056,Guyana,2015,68.201,25.08693127,27.82116667,5668.42976474423,755031.0
1057,Guyana,2014,67.882,24.99280047,27.68471765,5495.37707515986,751115.0
1058,Guyana,2013,67.473,24.89927203,27.54910028,5576.25020582207,747420.0
1059,Guyana,2012,67.23,24.80612457,27.41440948,5461.39008471262,743966.0
1060,Guyana,2011,66.982,24.71289962,27.28103799,4960.00472639074,744230.0
1061,Guyana,2010,66.743,24.6199771,27.14839734,4589.87249766592,747932.0
1062,Guyana,2009,66.563,24.5287851,27.01768864,4213.81622922287,751258.0
1063,Guyana,2008,66.288,24.43797253,26.8878556,4011.386903582,754150.0
1064,Guyana,2007,66.254,24.34752462,26.75879461,3609.90850934176,756521.0
1065,Guyana,2006,65.667,24.25757625,26.63042926,3138.08220913067,758367.0
1066,Guyana,2005,65.132,24.16799923,26.50211499,1085.78488650781,759709.0
1067,Guyana,2004,64.93,24.07872381,26.37380024,1036.01987731035,760424.0
1068,Guyana,2003,64.6,23.98966276,26.24483799,976.993263294444,760562.0
1069,Guyana,2002,64.728,23.90089989,26.11480575,955.030210470206,760323.0
1070,Guyana,2001,64.788,23.81219899,25.98364676,937.29799220975,759809.0
1071,Guyana,2000,64.483,23.72365644,25.85113214,938.893297983287,759051.0
1072,Haiti,2015,63.237,26.4981443,24.24907324,1405.71477634354,10563757.0
1073,Haiti,2014,62.987,26.36974682,24.14599966,1454.64916032025,10412740.0
1074,Haiti,2013,62.605,26.23995598,24.03925605,1452.31355887818,10261206.0
1075,Haiti,2012,62.291,26.10782929,23.92904578,1356.1727839335,10108539.0
1076,Haiti,2011,61.623,25.97314255,23.81557423,1306.84531878112,9954312.0
1077,Haiti,2010,46.019,25.83557038,23.69853018,1204.86206528423,9842880.0
1078,Haiti,2009,61.741,25.69587695,23.57777266,1191.80292543805,9730638.0
1079,Haiti,2008,61.332,25.55552404,23.45413528,1089.57634564151,9575247.0
1080,Haiti,2007,61.103,25.41474819,23.32790258,979.599641017687,9420826.0
1081,Haiti,2006,60.763,25.27379611,23.19948773,824.358051754102,9266288.0
1082,Haiti,2005,60.415,25.13375249,23.06898244,771.534996031225,9111900.0
1083,Haiti,2004,58.475,24.99464018,22.93668771,679.280048694687,8961489.0
1084,Haiti,2003,59.507,24.85750833,22.80336106,575.556830100914,8812245.0
1085,Haiti,2002,58.855,24.72375666,22.6691237,716.482624884184,8661546.0
1086,Haiti,2001,58.489,24.59419743,22.53429736,743.911262708374,8511728.0
1087,Haiti,2000,58.365,24.4695187,22.39998548,814.99793353259,8360225.0
1088,Honduras,2015,72.487,25.92582168,27.6951341,2257.22528369354,9294505.0
1089,Honduras,2014,72.259,25.84217538,27.53652345,2164.42455009318,9127846.0
1090,Honduras,2013,71.963,25.75822525,27.37645867,2064.55053629483,8960657.0
1091,Honduras,2012,71.734,25.67406022,27.21530677,2107.34542786596,8792367.0
1092,Honduras,2011,71.439,25.58879457,27.05351772,2053.95969493403,8622504.0
1093,Honduras,2010,71.088,25.50250701,26.89148392,1874.27170372599,8450933.0
1094,Honduras,2009,70.911,25.41576445,26.72935844,1762.34916029174,8277302.0
1095,Honduras,2008,70.441,25.32826194,26.56714768,1713.41816440351,8101777.0
1096,Honduras,2007,70.376,25.23975902,26.40447671,1559.88604406996,7924462.0
1097,Honduras,2006,70.261,25.15030059,26.24048359,1409.57974824961,7745200.0
1098,Honduras,2005,70.104,25.05942442,26.0739872,1289.82311409217,7564613.0
1099,Honduras,2004,69.796,24.96683806,25.90499821,1201.24750461917,7383407.0
1100,Honduras,2003,69.507,24.87213299,25.73276338,1142.81134979491,7201881.0
1101,Honduras,2002,69.366,24.77586554,25.55715064,1119.42427348911,7019908.0
1102,Honduras,2001,69.006,24.67790238,25.37730383,1118.94089428633,6837861.0
1103,Honduras,2000,68.662,24.57887396,25.19329487,1079.6056663087,6656725.0
1104,Hungary,2015,75.5682926829269,28.27164273,26.58660554,12717.038597002,9843028.0
1105,Hungary,2014,75.7634146341463,28.14857697,26.51825957,14294.2584180751,9866468.0
1106,Hungary,2013,75.5658536585366,28.02743138,26.44931704,13715.0703590361,9893082.0
1107,Hungary,2012,75.0634146341463,27.90866222,26.38008123,12984.8365730133,9920362.0
1108,Hungary,2011,74.8585365853659,27.79179466,26.31054277,14234.471576937,9971727.0
1109,Hungary,2010,74.2073170731707,27.67660481,26.24106273,13217.5045951108,10000023.0
1110,Hungary,2009,73.9048780487805,27.56215996,26.17144109,13077.305465178,10022650.0
1111,Hungary,2008,73.7024390243903,27.44769832,26.1011997,15772.3300839383,10038188.0
1112,Hungary,2007,73.1512195121951,27.33322138,26.03101983,13940.9092761999,10055780.0
1113,Hungary,2006,73.0975609756098,27.21912767,25.96206813,11489.5608654088,10071370.0
1114,Hungary,2005,72.6487804878049,27.10675403,25.8953425,11223.3993032598,10087065.0
1115,Hungary,2004,72.6487804878049,26.99669727,25.83188533,10301.7033946743,10107146.0
1116,Hungary,2003,72.3,26.88920876,25.77159664,8419.43087098103,10129552.0
1117,Hungary,2002,72.3487804878049,26.78522979,25.71562005,6655.33300865319,10158608.0
1118,Hungary,2001,72.2487804878049,26.68551988,25.66466662,5276.03318905496,10187576.0
1119,Hungary,2000,71.2463414634146,26.59105011,25.61959989,4624.28165670295,10210971.0
1120,Iceland,2015,82.4682926829268,27.11867107,25.5691211,52951.6815110898,330815.0
1121,Iceland,2014,82.8609756097561,27.07598366,25.54665096,54576.7448146565,327386.0
1122,Iceland,2013,82.0609756097561,27.03317745,25.52449081,49804.9829978371,323764.0
1123,Iceland,2012,82.9170731707317,26.9892069,25.50214461,45995.5478789467,320716.0
1124,Iceland,2011,82.3585365853659,26.94238898,25.479446,47714.5922308485,319014.0
1125,Iceland,2010,81.8975609756097,26.89135019,25.45519792,43237.0729488958,318041.0
1126,Iceland,2009,81.7512195121951,26.83583507,25.42857411,41301.273219718,318499.0
1127,Iceland,2008,81.609756097561,26.7753725,25.39898394,56943.3704468563,317414.0
1128,Iceland,2007,81.4536585365854,26.71042803,25.36660194,69495.7267376825,311566.0
1129,Iceland,2006,81.1585365853659,26.64043956,25.33167438,57492.9342498703,303782.0
1130,Iceland,2005,81.5024390243902,26.56625841,25.29440091,56794.8501588953,296734.0
1131,Iceland,2004,80.9975609756098,26.48924143,25.25424637,47334.9306537723,292074.0
1132,Iceland,2003,80.9634146341464,26.40949302,25.21081604,39476.6978486684,289521.0
1133,Iceland,2002,80.5024390243903,26.32814319,25.16399761,32409.2161491753,287523.0
1134,Iceland,2001,80.690243902439,26.2456729,25.1132582,28897.4439396908,284968.0
1135,Iceland,2000,79.6536585365854,26.16290869,25.05872794,32096.3722613695,281205.0
1136,India,2015,69.636,21.73911153,21.93055334,1590.17433134297,1322866505.0
1137,India,2014,69.074,21.66416247,21.85686937,1559.86377864962,1307246509.0
1138,India,2013,68.46,21.58970994,21.7830507,1438.05700503424,1291132063.0
1139,India,2012,67.887,21.51565154,21.70847864,1434.01798692108,1274487215.0
1140,India,2011,67.359,21.44427447,21.63452818,1449.60330101112,1257621191.0
1141,India,2010,66.909,21.37529485,21.560727,1350.63447029137,1240613620.0
1142,India,2009,66.513,21.30801006,21.4865203,1096.63613606381,1223640160.0
1143,India,2008,66.149,21.24147163,21.41177806,993.503405259298,1206734806.0
1144,India,2007,65.788,21.17568547,21.33692667,1022.73246703925,1189691809.0
1145,India,2006,65.412,21.11063362,21.26188936,802.01374204361,1172373788.0
1146,India,2005,64.996,21.04613709,21.1866745,710.511222493062,1154638713.0
1147,India,2004,64.524,20.97924642,21.10948963,624.108803038152,1136264583.0
1148,India,2003,64.094,20.90878197,21.03024779,543.845053399477,1117415123.0
1149,India,2002,63.616,20.83484813,20.94895546,468.845513103988,1098313039.0
1150,India,2001,63.091,20.75923832,20.86601994,449.910313665362,1078970907.0
1151,India,2000,62.669,20.68330202,20.78255592,442.03533042158,1059633675.0
1152,Indonesia,2015,69.699,22.48871007,23.79377596,3322.58167895444,259091970.0
1153,Indonesia,2014,69.533,22.39012316,23.68195502,3476.62485441547,256229761.0
1154,Indonesia,2013,69.264,22.29278068,23.56914564,3602.88551680629,253275918.0
1155,Indonesia,2012,68.973,22.19664936,23.45644679,3668.21208337097,250222695.0
1156,Indonesia,2011,68.823,22.10146496,23.34412592,3613.8008884858,247099697.0
1157,Indonesia,2010,68.679,22.00793114,23.23342986,3094.44307866403,244016173.0
1158,Indonesia,2009,68.494,21.91676878,23.12436243,2239.09526529896,240981299.0
1159,Indonesia,2008,68.226,21.82673991,23.0170071,2144.38954419287,237936543.0
1160,Indonesia,2007,68.189,21.73762073,22.91174691,1840.32992667702,234858289.0
1161,Indonesia,2006,67.914,21.64872161,22.80823623,1572.79793972155,231797427.0
1162,Indonesia,2005,67.649,21.56015326,22.7060176,1249.39769359418,228805144.0
1163,Indonesia,2004,65.75,21.47220725,22.60434292,1136.75521127965,225938595.0
1164,Indonesia,2003,67.413,21.38584026,22.50244291,1052.41319921916,223080121.0
1165,Indonesia,2002,67.134,21.30030564,22.39984631,888.901389665655,220115092.0
1166,Indonesia,2001,66.758,21.21588606,22.29513084,739.003946535355,217112437.0
1167,Indonesia,2000,66.433,21.13279246,22.18824018,770.865351580294,214072421.0
1168,Iran (Islamic Republic of),2015,75.124,25.34127062,27.20079325,4990.93679541655,81790841.0
1169,Iran (Islamic Republic of),2014,74.782,25.28746469,27.13714529,5757.54333251596,79961672.0
1170,Iran (Islamic Republic of),2013,74.449,25.23277537,27.07324419,6280.68186740814,78458928.0
1171,Iran (Islamic Republic of),2012,74.186,25.17698606,27.00925328,8329.00206664879,77324451.0
1172,Iran (Islamic Republic of),2011,73.679,25.11946783,26.94489846,8201.58167797696,76342971.0
1173,Iran (Islamic Republic of),2010,73.069,25.05943837,26.87967118,6458.57395613765,75373855.0
1174,Iran (Islamic Republic of),2009,72.698,24.99729453,26.81257342,5602.5562818391,74322685.0
1175,Iran (Islamic Republic of),2008,72.624,24.93351657,26.74312405,5623.91168093228,73318394.0
1176,Iran (Islamic Republic of),2007,72.772,24.86974929,26.67222929,4838.00355614642,72319418.0
1177,Iran (Islamic Republic of),2006,72.276,24.80692643,26.60074901,3736.1777926143,71275760.0
1178,Iran (Islamic Republic of),2005,71.838,24.7427538,26.52622966,3226.61397063388,70182594.0
1179,Iran (Islamic Republic of),2004,71.37,24.67508932,26.44662074,2751.79304173638,69061674.0
1180,Iran (Islamic Republic of),2003,69.823,24.60384077,26.36139434,2259.51631977961,67954699.0
1181,Iran (Islamic Republic of),2002,70.445,24.52929207,26.27115483,1910.4771336696,67327117.0
1182,Iran (Islamic Republic of),2001,69.955,24.45145148,26.17575757,1902.94763906684,66674851.0
1183,Iran (Islamic Republic of),2000,69.691,24.36974789,26.07647566,1672.02287649013,65544383.0
1184,Iraq,2015,69.44,27.82863352,29.81370852,4416.94292408042,37757813.0
1185,Iraq,2014,68.914,27.70566567,29.68533514,6215.98603314029,36746488.0
1186,Iraq,2013,68.253,27.58249141,29.55808931,6612.90225210234,35481800.0
1187,Iraq,2012,68.023,27.4607745,29.43254312,6437.50291063284,33864447.0
1188,Iraq,2011,67.659,27.34053562,29.3091987,5736.89895897239,32378061.0
1189,Iraq,2010,67.062,27.22237355,29.18835089,4430.42624189518,31264875.0
1190,Iraq,2009,66.446,27.10750948,29.06974234,3686.40208888479,30289040.0
1191,Iraq,2008,64.942,26.99601659,28.95379823,4504.50810924484,29218381.0
1192,Iraq,2007,63.553,26.88965955,28.84209559,3099.59204401168,28660887.0
1193,Iraq,2006,63.587,26.78946906,28.73598755,2253.78598408336,28905607.0
1194,Iraq,2005,64.844,26.69322662,28.63315135,1744.50872617768,28698684.0
1195,Iraq,2004,65.031,26.59911216,28.53109673,1314.96958425703,27858948.0
1196,Iraq,2003,65.643,26.5066913,28.42836321,809.845684048259,27068823.0
1197,Iraq,2002,67.084,26.41625936,28.32559077,1254.16204512828,26255343.0
1198,Iraq,2001,67.034,26.32726833,28.2227619,1422.83133890376,25425663.0
1199,Iraq,2000,66.817,26.23931397,28.12026822,1963.72283862715,24628858.0
1200,Ireland,2015,81.4536585365854,28.04430241,27.14590911,62179.2642662951,4701957.0
1201,Ireland,2014,81.3487804878049,27.99437537,27.08821954,55752.7649838131,4657740.0
1202,Ireland,2013,80.9487804878049,27.94465213,27.03007658,51496.9616850661,4623816.0
1203,Ireland,2012,80.8463414634146,27.89390187,26.97156604,48943.8206459561,4599533.0
1204,Ireland,2011,80.7463414634146,27.84052478,26.91199955,52219.7057327581,4580084.0
1205,Ireland,2010,80.7439024390244,27.78195935,26.84986329,48663.6004439251,4560155.0
1206,Ireland,2009,80.190243902439,27.71726892,26.78365492,52133.0906162544,4535375.0
1207,Ireland,2008,80.0951219512195,27.64569831,26.71345068,61353.1065629523,4489544.0
1208,Ireland,2007,79.6414634146341,27.56854226,26.64002691,61396.417461176,4398942.0
1209,Ireland,2006,79.2414634146342,27.48601989,26.56278417,54329.1618599624,4273591.0
1210,Ireland,2005,78.9439024390244,27.39844113,26.48175412,50933.0216095589,4159914.0
1211,Ireland,2004,78.5390243902439,27.30633593,26.39553012,47754.2023194244,4070262.0
1212,Ireland,2003,78.1390243902439,27.20960809,26.30399667,41203.5295847568,3996521.0
1213,Ireland,2002,77.6341463414634,27.10952969,26.20653183,32705.4345565698,3931947.0
1214,Ireland,2001,77.1341463414634,27.00649807,26.10274602,28282.409882073,3866243.0
1215,Ireland,2000,76.5365853658537,26.90113835,25.9935423,26334.5672050501,3805174.0
1216,Israel,2015,82.0512195121951,27.74111499,27.09389731,36206.5222171621,8380100.0
1217,Israel,2014,82.1536585365854,27.65513508,27.06299819,38259.6810956173,8215700.0
1218,Israel,2013,82.0560975609756,27.57007392,27.03193881,36941.8423573582,8059500.0
1219,Israel,2012,81.7048780487805,27.48573318,26.99970497,33156.2283157638,7910500.0
1220,Israel,2011,81.6560975609756,27.40041712,26.96620457,34354.7161182231,7765800.0
1221,Israel,2010,81.6024390243903,27.31253331,26.92975679,31266.6053174383,7623600.0
1222,Israel,2009,81.4048780487805,27.22033358,26.88973863,28317.0408441487,7485600.0
1223,Israel,2008,80.9512195121951,27.12293168,26.84477148,30173.3615938856,7308800.0
1224,Israel,2007,80.5048780487805,27.0200458,26.79605032,25633.6432169583,7180100.0
1225,Israel,2006,80.5536585365854,26.91270954,26.74396861,22494.6420931621,7053700.0
1226,Israel,2005,80.1512195121951,26.80212117,26.68879352,21223.9355901939,6930100.0
1227,Israel,2004,80.1463414634146,26.68929115,26.63029205,20557.0786270029,6809000.0
1228,Israel,2003,79.6487804878049,26.57476864,26.56846262,19627.1754936631,6689700.0
1229,Israel,2002,79.4512195121951,26.46008099,26.50342576,19035.1024144493,6570000.0
1230,Israel,2001,79.4073170731707,26.34678521,26.43549553,20909.430361637,6439000.0
1231,Israel,2000,78.9536585365854,26.2357679,26.36475377,21630.7476087887,6289000.0
1232,Italy,2015,82.5439024390244,26.65554418,24.88883559,30242.3861352184,60730582.0
1233,Italy,2014,83.090243902439,26.66303918,24.91999841,35565.7213771496,60789140.0
1234,Italy,2013,82.690243902439,26.67018428,24.95007696,35560.0814062288,60233948.0
1235,Italy,2012,82.2390243902439,26.67577112,24.97805283,35051.5212697703,59539717.0
1236,Italy,2011,82.1878048780488,26.67785406,25.00323561,38649.6394836789,59379449.0
1237,Italy,2010,82.0365853658537,26.67294813,25.02360754,36035.6449950691,59277417.0
1238,Italy,2009,81.6365853658537,26.65907754,25.03790389,37226.7571935402,59095365.0
1239,Italy,2008,81.4853658536585,26.63442679,25.04520705,40944.9124194678,58826731.0
1240,Italy,2007,81.4341463414634,26.59870306,25.04672495,37870.7475070969,58438310.0
1241,Italy,2006,81.2829268292683,26.55247751,25.04329557,33529.7266014361,58143979.0
1242,Italy,2005,80.7829268292683,26.49692152,25.03647608,32055.0920757503,57969484.0
1243,Italy,2004,80.7804878048781,26.43355829,25.025516,31317.2007943296,57685327.0
1244,Italy,2003,79.9829268292683,26.36282806,25.01043919,27526.3224609957,57313203.0
1245,Italy,2002,80.2292682926829,26.28709016,24.99142223,22376.2978989329,57059007.0
1246,Italy,2001,80.1268292682927,26.20842772,24.96881146,20500.9543995672,56974100.0
1247,Italy,2000,79.7780487804878,26.12721843,24.94322858,20137.5912217673,56942108.0
1248,Jamaica,2015,72.394,25.85155025,29.70386717,5077.55096915616,2794445.0
1249,Jamaica,2014,72.982,25.72579557,29.54167343,4991.56151652962,2784543.0
1250,Jamaica,2013,73.412,25.60028621,29.37921186,5143.72218263652,2773129.0
1251,Jamaica,2012,73.433,25.47439299,29.21660673,5365.24217204558,2759817.0
1252,Jamaica,2011,73.094,25.34798344,29.05450069,5259.93175297891,2746169.0
1253,Jamaica,2010,72.622,25.22092132,28.89236144,4835.79108651148,2733896.0
1254,Jamaica,2009,72.124,25.09440627,28.73101443,4452.12079882126,2722401.0
1255,Jamaica,2008,71.612,24.9679864,28.56989284,5056.25803606977,2711373.0
1256,Jamaica,2007,71.418,24.84128241,28.40844243,4738.44977777995,2701221.0
1257,Jamaica,2006,71.199,24.71452461,28.24671896,4435.57144393175,2689660.0
1258,Jamaica,2005,71.044,24.58793024,28.08377436,4200.38895442653,2676863.0
1259,Jamaica,2004,70.86,24.46142479,27.91978,3819.28423090316,2664024.0
1260,Jamaica,2003,70.806,24.33491335,27.75432764,3557.20059086002,2651027.0
1261,Jamaica,2002,70.888,24.2087951,27.58714018,3683.89333770788,2638244.0
1262,Jamaica,2001,70.758,24.08366712,27.41799246,3502.21311800396,2625405.0
1263,Jamaica,2000,70.944,23.95919286,27.24685306,3447.30389648976,2612205.0
1264,Japan,2015,83.7939024390244,23.65673215,21.85462817,34960.6393843385,127141000.0
1265,Japan,2014,83.5878048780488,23.63065087,21.88196891,38475.3952461838,127276000.0
1266,Japan,2013,83.3319512195122,23.6038337,21.90726934,40898.6478964744,127445000.0
1267,Japan,2012,83.0960975609756,23.57542386,21.93017411,49145.2804308193,127629000.0
1268,Japan,2011,82.5912195121951,23.54498057,21.95001801,48760.0789494211,127833000.0
1269,Japan,2010,82.8426829268293,23.51175857,21.96685642,44968.1562349739,128070000.0
1270,Japan,2009,82.9314634146342,23.47462104,21.97939834,41308.9968370512,128047000.0
1271,Japan,2008,82.5875609756098,23.43494178,21.98911808,39876.3039685725,128063000.0
1272,Japan,2007,82.5070731707317,23.39285145,21.99678752,35779.0245416427,128001000.0
1273,Japan,2006,82.3219512195122,23.34861994,22.00188955,35991.546002862,127854000.0
1274,Japan,2005,81.9551219512195,23.30140838,22.00453082,37812.8950199948,127773000.0
1275,Japan,2004,82.030243902439,23.25092548,22.00414075,38298.9801712303,127761000.0
1276,Japan,2003,81.76,23.20063454,22.00460152,35387.0374203599,127718000.0
1277,Japan,2002,81.6907317073171,23.15188131,22.00706305,32820.7936433254,127445000.0
1278,Japan,2001,81.4163414634146,23.10548327,22.01245114,34406.1824638092,127149000.0
1279,Japan,2000,81.0760975609756,23.06317363,22.02227681,39169.3595701504,126843000.0
1280,Jordan,2015,75.011,28.39733058,30.0387267,4064.25301043642,9494246.0
1281,Jordan,2014,74.789,28.28877888,29.98972379,4255.89430213385,8658026.0
1282,Jordan,2013,74.562,28.17946602,29.94146217,4477.61832070861,7694814.0
1283,Jordan,2012,74.366,28.07039426,29.89385112,4386.4618185538,7211863.0
1284,Jordan,2011,74.189,27.96111279,29.84745846,4152.49398098582,7109980.0
1285,Jordan,2010,74.0,27.85180818,29.80238208,3914.70123105389,6931258.0
1286,Jordan,2009,73.801,27.74329339,29.75794467,3618.89261685515,6780493.0
1287,Jordan,2008,73.591,27.63599731,29.71463061,3416.12390126122,6632873.0
1288,Jordan,2007,73.373,27.53192358,29.67393321,2643.1684392965,6473457.0
1289,Jordan,2006,73.145,27.43281566,29.63773083,2478.29194408734,6075548.0
1290,Jordan,2005,72.932,27.33647282,29.60266768,2216.9451815491,5678534.0
1291,Jordan,2004,72.772,27.24152409,29.56589345,2062.69597047352,5532423.0
1292,Jordan,2003,72.573,27.14716004,29.52517004,1889.4378392036,5396117.0
1293,Jordan,2002,72.359,27.0528146,29.48026445,1816.40649289574,5275532.0
1294,Jordan,2001,72.147,26.95753954,29.42943385,1738.38383765832,5163310.0
1295,Jordan,2000,71.918,26.85978303,29.37303774,1673.35812510644,5056174.0
1296,Kazakhstan,2015,71.97,26.39460399,26.63026856,10510.7703240885,17542806.0
1297,Kazakhstan,2014,71.44,26.303491,26.59612078,12807.2630452048,17288285.0
1298,Kazakhstan,2013,70.62,26.21297614,26.56260954,13890.6339694612,17035551.0
1299,Kazakhstan,2012,69.52,26.12360204,26.52993699,12386.6992652963,16792090.0
1300,Kazakhstan,2011,68.69,26.03484148,26.49893612,11633.9985836418,16557202.0
1301,Kazakhstan,2010,68.45,25.94723724,26.46996009,9070.48825285747,16321872.0
1302,Kazakhstan,2009,68.39,25.86145068,26.44311791,7165.22477794014,16092822.0
1303,Kazakhstan,2008,67.11,25.77751574,26.41696828,8458.01947450022,15776938.0
1304,Kazakhstan,2007,66.34,25.69586585,26.3925023,6771.41662014884,15484192.0
1305,Kazakhstan,2006,66.15,25.61784299,26.36945902,5291.57400354244,15308085.0
1306,Kazakhstan,2005,65.86,25.54328723,26.34692354,3771.27895733845,15147029.0
1307,Kazakhstan,2004,66.06,25.47190677,26.32451101,2874.28848272999,15012984.0
1308,Kazakhstan,2003,65.74,25.40328341,26.30098337,2068.12352309089,14909019.0
1309,Kazakhstan,2002,65.95,25.33685474,26.27675565,1658.03114240952,14858948.0
1310,Kazakhstan,2001,65.76,25.27261298,26.25100792,1490.92675457119,14858335.0
1311,Kazakhstan,2000,65.45,25.20962444,26.22352295,1229.00096132728,14883626.0
1312,Kenya,2015,61.892,22.1780619,24.4685678,1496.65357260021,46851488.0
1313,Kenya,2014,61.816,22.13115188,24.34749875,1489.91972057277,45831863.0
1314,Kenya,2013,61.389,22.08444396,24.2256153,1376.82920465019,44792368.0
1315,Kenya,2012,61.115,22.03840979,24.10373588,1289.78079149822,43725806.0
1316,Kenya,2011,61.046,21.99250109,23.98228104,1099.31546497439,42635144.0
1317,Kenya,2010,60.649,21.94683781,23.86154703,1093.63962367926,41517895.0
1318,Kenya,2009,60.365,21.90143018,23.74208963,1049.12179424341,40364444.0
1319,Kenya,2008,59.614,21.85439069,23.62335127,915.998915654065,39186895.0
1320,Kenya,2007,58.865,21.80441957,23.50438803,840.191631882336,38036793.0
1321,Kenya,2006,58.222,21.75166503,23.38509412,699.399738284504,36925253.0
1322,Kenya,2005,57.344,21.69646077,23.26528035,522.776840246892,35843010.0
1323,Kenya,2004,56.361,21.63901309,23.14436949,462.61821577443,34791836.0
1324,Kenya,2003,55.601,21.57872103,23.02123521,441.391411736172,33767122.0
1325,Kenya,2002,54.99,21.51691186,22.89638844,401.092370099667,32779823.0
1326,Kenya,2001,54.508,21.45330112,22.77082852,408.36060874809,31800343.0
1327,Kenya,2000,54.411,21.3879485,22.64457913,411.821352113869,30851606.0
1328,Kiribati,2015,66.059,29.11343124,31.19596422,1641.48097739743,116707.0
1329,Kiribati,2014,65.815,29.05758195,31.08855706,1740.35605234457,114985.0
1330,Kiribati,2013,65.588,29.00249657,30.98102152,1780.65702846669,113311.0
1331,Kiribati,2012,65.378,28.94849869,30.87359834,1855.27421404281,111618.0
1332,Kiribati,2011,65.19,28.89545053,30.76610771,1783.77176374565,109871.0
1333,Kiribati,2010,65.016,28.84430184,30.65859102,1528.89975749675,107995.0
1334,Kiribati,2009,64.892,28.79513188,30.5508462,1324.43601505632,105996.0
1335,Kiribati,2008,64.834,28.74612133,30.44164822,1411.90543571667,103966.0
1336,Kiribati,2007,64.844,28.69800588,30.32959892,1353.62453309529,101998.0
1337,Kiribati,2006,64.906,28.65013132,30.21370333,1121.08026715132,100083.0
1338,Kiribati,2005,64.967,28.60139588,30.09165911,1159.14421873255,98164.0
1339,Kiribati,2004,64.989,28.55045565,29.96168534,1085.28857635169,96224.0
1340,Kiribati,2003,64.954,28.4971573,29.82276338,1017.84268580722,94302.0
1341,Kiribati,2002,64.84,28.44089061,29.67507783,811.440028679536,92400.0
1342,Kiribati,2001,64.655,28.38015186,29.51781472,719.850116091344,90531.0
1343,Kiribati,2000,64.409,28.31342414,29.35012336,841.984434567393,88826.0
1344,Kuwait,2015,79.562,29.08421368,30.613244,29315.1931019553,3908743.0
1345,Kuwait,2014,79.445,28.97507951,30.5660226,43239.8826623799,3761584.0
1346,Kuwait,2013,79.164,28.86563593,30.52017568,47762.8566997928,3646518.0
1347,Kuwait,2012,78.812,28.757458,30.47527274,51270.9790629251,3394663.0
1348,Kuwait,2011,78.464,28.6505317,30.43125679,48997.3937159758,3143825.0
1349,Kuwait,2010,77.982,28.54568514,30.38841669,39212.4653757405,2943356.0
1350,Kuwait,2009,77.442,28.4444582,30.34586941,37906.2051851748,2795550.0
1351,Kuwait,2008,77.145,28.34749916,30.30376268,55595.4843129592,2650930.0
1352,Kuwait,2007,77.017,28.25584078,30.26294924,45729.799339984,2506769.0
1353,Kuwait,2006,76.887,28.16905735,30.224242,42970.6964488258,2363409.0
1354,Kuwait,2005,76.903,28.08426846,30.18458587,36144.9949458716,2235403.0
1355,Kuwait,2004,76.792,27.99962645,30.14172396,27601.4000590722,2153481.0
1356,Kuwait,2003,76.985,27.91440527,30.09469051,22781.082819458,2101506.0
1357,Kuwait,2002,76.982,27.82925946,30.04444749,18626.774923183,2047364.0
1358,Kuwait,2001,76.891,27.74361778,29.99054104,17517.7061456004,1991674.0
1359,Kuwait,2000,76.722,27.65723527,29.93359048,19493.8880490915,1934901.0
1360,Lao People's Democratic Republic,2015,72.953,22.66914386,23.09102292,6838.93674590634,10405832.0
1361,Lao People's Democratic Republic,2014,72.867,22.54232635,22.97125235,6533.67091082712,10282115.0
1362,Lao People's Democratic Republic,2013,72.713,22.41632467,22.8494651,6171.29512670907,10157051.0
1363,Lao People's Democratic Republic,2012,72.514,22.29136287,22.7268648,6049.47158709846,10030882.0
1364,Lao People's Democratic Republic,2011,72.221,22.16722206,22.60313953,5859.381524313,9903737.0
1365,Lao People's Democratic Republic,2010,72.093,22.04534913,22.47974957,5509.56803417837,9775755.0
1366,Lao People's Democratic Republic,2009,71.871,21.92632878,22.35734232,5002.15316981585,9648061.0
1367,Lao People's Democratic Republic,2008,71.658,21.80875347,22.23633015,5053.33028494248,9522948.0
1368,Lao People's Democratic Republic,2007,71.371,21.69259879,22.11696201,4676.07905086376,9402206.0
1369,Lao People's Democratic Republic,2006,71.165,21.57760208,21.99889685,4080.04573853712,9284168.0
1370,Lao People's Democratic Republic,2005,70.875,21.46428848,21.88187356,3903.8152066628,9164768.0
1371,Lao People's Democratic Republic,2004,70.331,21.3534559,21.76596186,2468.43678989514,9043127.0
1372,Lao People's Democratic Republic,2003,70.265,21.24538023,21.6505732,2399.49809124012,8919852.0
1373,Lao People's Democratic Republic,2002,69.923,21.13991306,21.53543604,3085.51781113784,8795101.0
1374,Lao People's Democratic Republic,2001,69.642,21.0375186,21.42046667,2953.24784377211,8669040.0
1375,Lao People's Democratic Republic,2000,69.423,20.93843334,21.3061304,2845.84655316676,8540791.0
1376,Latvia,2015,74.4804878048781,27.10745356,26.41094632,13786.4567953114,1977527.0
1377,Latvia,2014,74.1243902439024,27.02112421,26.37115247,15742.3913381908,1993782.0
1378,Latvia,2013,73.9829268292683,26.93485455,26.33120326,15007.4918561719,2012647.0
1379,Latvia,2012,73.7780487804878,26.84929474,26.29123383,13847.3379393194,2034319.0
1380,Latvia,2011,73.5756097560976,26.76373396,26.2510735,13338.9622350852,2059709.0
1381,Latvia,2010,73.4829268292683,26.67748368,26.20991329,11420.9940032836,2097555.0
1382,Latvia,2009,73.0804878048781,26.58982962,26.16691505,12331.9285524089,2141669.0
1383,Latvia,2008,72.419512195122,26.49848867,26.1210717,16467.1436879405,2177322.0
1384,Latvia,2007,71.019512195122,26.40321921,26.07212339,14113.5291277327,2200325.0
1385,Latvia,2006,70.8658536585366,26.30457314,26.01986899,9723.44690174779,2218357.0
1386,Latvia,2005,71.3560975609756,26.20415392,25.96482942,7594.90238431362,2238799.0
1387,Latvia,2004,72.0268292682927,26.10267504,25.90656415,6378.66652057115,2263122.0
1388,Latvia,2003,71.2658536585366,26.00129171,25.84657139,5145.19523190241,2287955.0
1389,Latvia,2002,70.9609756097561,25.90120833,25.78594482,4136.93329688951,2310173.0
1390,Latvia,2001,70.7609756097561,25.804824,25.72606374,3578.00190041351,2337170.0
1391,Latvia,2000,70.3146341463415,25.71328149,25.66850022,3361.64086880275,2367550.0
1392,Lebanon,2015,79.229,28.01263058,27.57999447,7802.75136769776,6398940.0
1393,Lebanon,2014,78.973,27.90108797,27.51260041,7665.37969186256,6274342.0
1394,Lebanon,2013,78.765,27.78942114,27.4455086,8255.20921055985,5678851.0
1395,Lebanon,2012,78.628,27.6781438,27.37925231,8500.1805629403,5178337.0
1396,Lebanon,2011,78.404,27.56703104,27.31417675,7914.1095681645,5045056.0
1397,Lebanon,2010,78.156,27.45644545,27.25037629,7695.24541457279,4995800.0
1398,Lebanon,2009,77.889,27.34741566,27.18710575,7149.7914980484,4951135.0
1399,Lebanon,2008,77.584,27.2399006,27.12469691,5957.69675411548,4887613.0
1400,Lebanon,2007,77.08,27.13562394,27.06450174,5162.03295880358,4809608.0
1401,Lebanon,2006,76.08,27.03562945,27.00762433,4665.96280134547,4719864.0
1402,Lebanon,2005,76.273,26.93771281,26.95131251,4630.00921353301,4643044.0
1403,Lebanon,2004,75.976,26.84005645,26.89323735,4625.30424673265,4574797.0
1404,Lebanon,2003,75.593,26.74213186,26.83170389,4458.1085803754,4504807.0
1405,Lebanon,2002,75.064,26.6443612,26.76706445,4307.10082699491,4446666.0
1406,Lebanon,2001,74.365,26.54648565,26.69876457,4021.17726323273,4389200.0
1407,Lebanon,2000,73.931,26.44767647,26.62727327,3994.86114388889,4320642.0
1408,Lesotho,2015,51.101,22.74478919,27.08541739,1113.83683453612,2118521.0
1409,Lesotho,2014,50.033,22.67718248,27.03458079,1165.05065002416,2095242.0
1410,Lesotho,2013,49.002,22.60935266,26.98303049,1141.3609231718,2073939.0
1411,Lesotho,2012,47.835,22.54162627,26.93060956,1205.85998481002,2054718.0
1412,Lesotho,2011,46.692,22.47260737,26.87640084,1265.85794508512,2037677.0
1413,Lesotho,2010,45.596,22.40253757,26.82082997,1104.8115468317,2022747.0
1414,Lesotho,2009,44.034,22.33154978,26.76375129,866.475127181991,2009169.0
1415,Lesotho,2008,43.566,22.25732781,26.70450873,885.65930324266,1995014.0
1416,Lesotho,2007,43.123,22.17888031,26.64301123,848.077371929249,1983465.0
1417,Lesotho,2006,42.914,22.09683717,26.57943471,910.618563398363,1976780.0
1418,Lesotho,2005,43.233,22.01257001,26.51428505,850.775315507556,1977424.0
1419,Lesotho,2004,43.711,21.92779544,26.44726703,761.181038791723,1985384.0
1420,Lesotho,2003,44.53,21.84321035,26.3784341,580.937283828998,1993030.0
1421,Lesotho,2002,45.595,21.75939551,26.3087109,388.367476377443,1997534.0
1422,Lesotho,2001,46.849,21.67681227,26.23849719,412.962296184389,1999473.0
1423,Lesotho,2000,48.427,21.59530603,26.16756188,443.949949675926,1998630.0
1424,Liberia,2015,59.148,23.18944146,25.08513957,699.662946853965,4612329.0
1425,Liberia,2014,59.121,23.20656943,24.97003463,713.734882389203,4519398.0
1426,Liberia,2013,59.943,23.22349412,24.85411102,717.635753333907,4427313.0
1427,Liberia,2012,59.913,23.24132978,24.73724772,644.455576742833,4331740.0
1428,Liberia,2011,59.62,23.25526667,24.61821643,573.526422156584,4181150.0
1429,Liberia,2010,59.433,23.26140871,24.49533472,497.020365397034,4019956.0
1430,Liberia,2009,59.194,23.25903516,24.36935908,452.745228889857,3905066.0
1431,Liberia,2008,58.772,23.24623445,24.24022123,456.144699881365,3783887.0
1432,Liberia,2007,58.285,23.22337078,24.10852702,377.951628798097,3632740.0
1433,Liberia,2006,57.62,23.19234704,23.9756473,323.841225769427,3455397.0
1434,Liberia,2005,56.912,23.15458635,23.841863,290.541214909265,3266318.0
1435,Liberia,2004,56.013,23.11172403,23.70753445,287.274691932321,3122447.0
1436,Liberia,2003,53.042,23.06533157,23.57379505,242.449937167219,3085173.0
1437,Liberia,2002,53.788,23.01816767,23.44367385,302.881886846333,3060599.0
1438,Liberia,2001,52.752,22.97369902,23.31965225,303.858805600124,2981648.0
1439,Liberia,2000,51.356,22.93354995,23.20456234,301.87646966176,2895224.0
1440,Libya,2015,71.698,26.97740739,29.4889323,7867.51493141091,6192235.0
1441,Libya,2014,71.511,26.90212615,29.41154032,9408.75304325028,6097764.0
1442,Libya,2013,72.34,26.82715928,29.3349823,12589.5279437569,5985221.0
1443,Libya,2012,72.247,26.75305026,29.25915438,15765.4152696962,5869870.0
1444,Libya,2011,70.071,26.67948851,29.1846358,7784.13635877527,6188132.0
1445,Libya,2010,72.374,26.60715386,29.11139692,11611.3623534766,6491988.0
1446,Libya,2009,72.356,26.53693366,29.03904747,9560.80753446227,6360191.0
1447,Libya,2008,72.269,26.46871681,28.96759512,13921.9037107842,6228370.0
1448,Libya,2007,71.863,26.40359746,28.89817627,11158.111104631,6097177.0
1449,Libya,2006,71.724,26.3428748,28.83257325,10060.3581675001,5973369.0
1450,Libya,2005,71.592,26.28422464,28.76779234,8108.05151665187,5837986.0
1451,Libya,2004,71.49,26.22528656,28.70146709,5823.63794340523,5687563.0
1452,Libya,2003,71.132,26.16520036,28.63230637,4738.8284754506,5542641.0
1453,Libya,2002,71.004,26.1042599,28.56053025,3789.20526972462,5405326.0
1454,Libya,2001,70.861,26.04216162,28.48592231,6465.62491276472,5275916.0
1455,Libya,2000,70.68,25.97855921,28.40925999,7424.34786637531,5154790.0
1456,Lithuania,2015,74.3219512195122,27.15383776,26.07351097,14263.9645773495,2904910.0
1457,Lithuania,2014,74.5170731707317,27.09018652,26.08781163,16551.018202078,2932367.0
1458,Lithuania,2013,73.9146341463415,27.0265167,26.10167121,15729.6524666512,2957689.0
1459,Lithuania,2012,73.8634146341464,26.96332654,26.1151855,14367.709424872,2987773.0
1460,Lithuania,2011,73.5634146341464,26.89992044,26.12850919,14376.9478643932,3028115.0
1461,Lithuania,2010,73.2682926829268,26.83572741,26.1407434,11987.508411647,3097282.0
1462,Lithuania,2009,72.9146341463415,26.77006705,26.15163337,11820.7761591359,3162916.0
1463,Lithuania,2008,71.8121951219512,26.70171381,26.16014758,14944.996652175,3198231.0
1464,Lithuania,2007,70.9,26.63069393,26.16582758,12285.4470537014,3231294.0
1465,Lithuania,2006,71.0560975609756,26.55687505,26.16927978,9230.70798102521,3269909.0
1466,Lithuania,2005,71.2536585365854,26.4822194,26.17082368,7854.76527867855,3322528.0
1467,Lithuania,2004,71.9609756097561,26.40783993,26.17037486,6700.32719189382,3377075.0
1468,Lithuania,2003,72.0609756097561,26.33411331,26.16840579,5499.42898911387,3415213.0
1469,Lithuania,2002,71.7609756097561,26.26236335,26.16619972,4141.59270180102,3443067.0
1470,Lithuania,2001,71.6585365853659,26.19489644,26.16554497,3525.79363185461,3470818.0
1471,Lithuania,2000,72.0195121951219,26.13244116,26.16773997,3293.22997867086,3499536.0
1472,Luxembourg,2015,82.2926829268293,27.20635551,25.73596913,105462.012584423,569604.0
1473,Luxembourg,2014,82.2292682926829,27.16737369,25.715996,123678.702143275,556319.0
1474,Luxembourg,2013,81.8,27.12758295,25.69526896,120000.140729859,543360.0
1475,Luxembourg,2012,81.3926829268293,27.0859871,25.67373988,112584.676270958,530946.0
1476,Luxembourg,2011,80.9878048780488,27.04110241,25.65154548,119025.057203467,518347.0
1477,Luxembourg,2010,80.6317073170732,26.99118262,25.62736803,110885.991378721,506953.0
1478,Luxembourg,2009,80.6365853658537,26.93583866,25.60053982,109419.746953106,497783.0
1479,Luxembourg,2008,80.5390243902439,26.87421614,25.57050859,120422.137934157,488650.0
1480,Luxembourg,2007,79.3829268292683,26.80731877,25.53801283,107475.320297978,479993.0
1481,Luxembourg,2006,79.2878048780488,26.73434986,25.50287243,90788.8004876145,472637.0
1482,Luxembourg,2005,79.4317073170732,26.65617582,25.46530268,80988.1376230858,465158.0
1483,Luxembourg,2004,79.1219512195122,26.57417606,25.42540475,76544.9170868473,458095.0
1484,Luxembourg,2003,77.7268292682927,26.48896476,25.38349946,65689.3214536911,451630.0
1485,Luxembourg,2002,77.9658536585366,26.40203851,25.33950784,53005.7339209179,446175.0
1486,Luxembourg,2001,77.8243902439025,26.31422492,25.29336077,48440.1420151355,441525.0
1487,Luxembourg,2000,77.8731707317073,26.22599759,25.24519173,48659.5988753233,436300.0
1488,Madagascar,2015,64.339,21.531647,21.10766375,455.63803458407,24850912.0
1489,Madagascar,2014,64.255,21.48526885,21.06913456,517.136183122584,24215976.0
1490,Madagascar,2013,63.962,21.43885222,21.02935667,526.688019635403,23588073.0
1491,Madagascar,2012,63.544,21.39319675,20.98954649,504.173737710132,22966240.0
1492,Madagascar,2011,63.494,21.34802679,20.94972463,516.902539255093,22348158.0
1493,Madagascar,2010,62.873,21.30385524,20.9103685,459.375407996579,21731053.0
1494,Madagascar,2009,62.734,21.26063159,20.87200408,455.407373772766,21117092.0
1495,Madagascar,2008,62.142,21.21668178,20.83470794,522.830621952534,20513599.0
1496,Madagascar,2007,61.757,21.1712458,20.79771797,427.83632916955,19924958.0
1497,Madagascar,2006,61.315,21.1249911,20.76097307,330.522670008512,19350299.0
1498,Madagascar,2005,60.57,21.07830373,20.72400673,311.793126649035,18792171.0
1499,Madagascar,2004,60.149,21.03194804,20.68701548,277.50782658828,18250774.0
1500,Madagascar,2003,59.491,20.98377772,20.64677013,359.534384676518,17724310.0
1501,Madagascar,2002,58.892,20.93473185,20.60378456,310.92971094405,17211934.0
1502,Madagascar,2001,58.57,20.88385302,20.55855857,325.460301083713,16709665.0
1503,Madagascar,2000,57.938,20.83110452,20.51078957,285.466463233818,16216431.0
1504,Malawi,2015,61.378,22.53632451,23.19040869,544.276872741836,16938942.0
1505,Malawi,2014,60.899,22.47520458,23.11493148,534.126977149089,16477966.0
1506,Malawi,2013,59.729,22.4142858,23.0389158,501.19717297875,16024775.0
1507,Malawi,2012,58.679,22.35420073,22.96320598,563.061539677727,15581251.0
1508,Malawi,2011,57.455,22.29488663,22.88810407,769.052599195882,15146094.0
1509,Malawi,2010,56.381,22.23636434,22.81325958,688.139191185368,14718422.0
1510,Malawi,2009,55.448,22.17801342,22.73887943,630.109154083703,14298932.0
1511,Malawi,2008,54.604,22.11760038,22.66364067,557.519009408402,13889423.0
1512,Malawi,2007,53.946,22.05385567,22.58727018,478.028076481469,13495463.0
1513,Malawi,2006,53.238,21.98697492,22.50958999,443.523675665125,13118307.0
1514,Malawi,2005,52.044,21.91738314,22.42998255,417.102263364075,12755648.0
1515,Malawi,2004,50.453,21.84559846,22.34791212,407.588990013244,12411342.0
1516,Malawi,2003,48.79,21.77107304,22.26259921,386.317242013575,12087965.0
1517,Malawi,2002,47.221,21.6947894,22.17406995,431.696660975605,11784498.0
1518,Malawi,2001,45.895,21.61632891,22.08264065,217.240473296394,11498818.0
1519,Malawi,2000,44.518,21.53583343,21.988064,225.952456739454,11229387.0
1520,Malaysia,2015,75.094,25.29432954,26.18244383,9699.60046342736,31068833.0
1521,Malaysia,2014,75.146,25.18671194,26.05849952,11045.5801207599,30606459.0
1522,Malaysia,2013,75.035,25.07996866,25.93292152,10727.6690215542,30134807.0
1523,Malaysia,2012,74.944,24.97356078,25.80701703,10601.5104558966,29660212.0
1524,Malaysia,2011,74.746,24.86697157,25.68074698,10209.3719445027,29184133.0
1525,Malaysia,2010,74.442,24.76068397,25.55496098,8880.14580454109,28717731.0
1526,Malaysia,2009,74.227,24.65477924,25.42984114,7167.87719423373,28217204.0
1527,Malaysia,2008,74.25,24.54764707,25.30571411,8343.3033817446,27664296.0
1528,Malaysia,2007,74.211,24.43819478,25.18250665,7144.00023998183,27092604.0
1529,Malaysia,2006,74.164,24.32601482,25.05939445,6137.15053996313,26509413.0
1530,Malaysia,2005,74.096,24.21140098,24.93602557,5536.83748306949,25923536.0
1531,Malaysia,2004,73.898,24.09511683,24.81145656,4924.33811126582,25333247.0
1532,Malaysia,2003,73.796,23.97716993,24.68533306,4454.52676383656,24739411.0
1533,Malaysia,2002,73.563,23.85733082,24.55663888,4177.10494176499,24142445.0
1534,Malaysia,2001,73.344,23.73573512,24.42472607,3941.12266621369,23542517.0
1535,Malaysia,2000,72.775,23.61284686,24.28951206,4087.56259349384,22945150.0
1536,Maldives,2015,79.695,24.68409528,26.41361969,9480.43151261807,435582.0
1537,Maldives,2014,79.424,24.52431147,26.26737185,8872.12838570139,416738.0
1538,Maldives,2013,79.057,24.36503242,26.11903275,8222.55803812328,400728.0
1539,Maldives,2012,78.682,24.20588017,25.96945743,7447.41560773318,387539.0
1540,Maldives,2011,78.124,24.04690022,25.81824201,7409.33190911542,374440.0
1541,Maldives,2010,77.657,23.88884201,25.66646261,7158.06141101431,361575.0
1542,Maldives,2009,77.069,23.73284569,25.51468347,6719.33025725066,349037.0
1543,Maldives,2008,76.543,23.57856934,25.36412767,6743.1309608974,336883.0
1544,Maldives,2007,75.686,23.42607843,25.21543231,5746.64425772624,325126.0
1545,Maldives,2006,75.13,23.27614644,25.0694067,5010.16342385998,314401.0
1546,Maldives,2005,74.751,23.12927703,24.92621585,3789.23202385528,307018.0
1547,Maldives,2004,73.538,22.98706235,24.78645098,4060.53440515002,302135.0
1548,Maldives,2003,74.06,22.85048001,24.65002074,3539.80154726538,297226.0
1549,Maldives,2002,73.291,22.72027753,24.51721752,3069.03987217911,292284.0
1550,Maldives,2001,72.181,22.59667247,24.38794385,3028.05083041721,287324.0
1551,Maldives,2000,70.876,22.48076161,24.26374043,2209.98823138762,282507.0
1552,Mali,2015,58.363,22.93814775,23.10811372,723.504204947663,18112907.0
1553,Mali,2014,57.9,22.87613033,23.03220624,818.430341392215,17551814.0
1554,Mali,2013,57.357,22.81359858,22.95449846,778.797052798816,17004033.0
1555,Mali,2012,57.079,22.75106423,22.87515798,753.392137501905,16514687.0
1556,Mali,2011,56.755,22.68619339,22.79269585,810.182556036129,16039734.0
1557,Mali,2010,56.382,22.61679204,22.70561165,688.327865858558,15529181.0
1558,Mali,2009,55.874,22.5420068,22.61361917,680.649958587557,15032635.0
1559,Mali,2008,55.291,22.46004868,22.51540854,676.127001144005,14551117.0
1560,Mali,2007,54.941,22.37096496,22.4106229,579.257140881674,14080912.0
1561,Mali,2006,54.615,22.27592898,22.29891611,506.911838699572,13623541.0
1562,Mali,2005,54.003,22.17568786,22.18063892,473.995046803835,13180551.0
1563,Mali,2004,53.538,22.07191509,22.05609773,427.717319974613,12751995.0
1564,Mali,2003,52.893,21.96482858,21.92466825,381.948546279227,12342165.0
1565,Mali,2002,52.222,21.85642876,21.7876761,326.966659054935,11952660.0
1566,Mali,2001,51.284,21.74865266,21.64710679,299.412175316254,11583824.0
1567,Mali,2000,50.539,21.64198752,21.5044058,263.498384244829,11239101.0
1568,Malta,2015,81.8975609756097,27.93964227,26.6409602,24921.7141769982,445053.0
1569,Malta,2014,82.0463414634146,27.92447568,26.68450832,26753.2733830814,434558.0
1570,Malta,2013,81.7463414634146,27.90940455,26.72691635,24769.5962287121,425967.0
1571,Malta,2012,80.7463414634146,27.89344432,26.76736749,22526.5370208632,420028.0
1572,Malta,2011,80.7463414634146,27.87470211,26.80567622,23155.103527089,416268.0
1573,Malta,2010,81.3975609756098,27.85103701,26.83994005,21798.9142935915,414508.0
1574,Malta,2009,80.2414634146342,27.82109228,26.86949945,21083.2770528363,412477.0
1575,Malta,2008,79.6365853658537,27.78351979,26.89361331,22205.3567709304,409379.0
1576,Malta,2007,79.7926829268293,27.73824469,26.91297693,19485.8711529324,406724.0
1577,Malta,2006,79.4390243902439,27.68568954,26.92795201,16723.8842735356,405308.0
1578,Malta,2005,79.3,27.62628376,26.93911217,15888.1724565995,403834.0
1579,Malta,2004,79.2536585365854,27.5614506,26.94553204,15197.056610121,401268.0
1580,Malta,2003,78.5463414634146,27.49197397,26.94757798,13669.4972171661,398582.0
1581,Malta,2002,78.7390243902439,27.4193707,26.94519229,11289.8897447166,395969.0
1582,Malta,2001,78.8439024390244,27.34483609,26.93880293,10402.2333313615,393028.0
1583,Malta,2000,78.3487804878049,27.26898609,26.92884591,10432.328062168,390087.0
1584,Mauritania,2015,64.485,23.3325681,26.68662555,1562.72683648828,3946220.0
1585,Mauritania,2014,64.155,23.29487958,26.61710972,1715.38883792802,3843174.0
1586,Mauritania,2013,63.911,23.25670219,26.54626601,1929.7756392353,3742959.0
1587,Mauritania,2012,63.578,23.21864179,26.4735787,1850.38496774479,3636113.0
1588,Mauritania,2011,63.346,23.17792955,26.39805055,1919.45227079679,3524249.0
1589,Mauritania,2010,63.105,23.1321438,26.31793268,1646.13042756814,3419461.0
1590,Mauritania,2009,62.8,23.0799953,26.23299341,1418.94084292347,3322616.0
1591,Mauritania,2008,62.399,23.02012707,26.14292469,1610.2369793316,3233336.0
1592,Mauritania,2007,62.228,22.95252959,26.04685663,1378.21510363371,3153508.0
1593,Mauritania,2006,61.891,22.87824491,25.94476994,1272.08243396613,3081229.0
1594,Mauritania,2005,61.656,22.79798909,25.83637676,974.657585946703,3012360.0
1595,Mauritania,2004,61.593,22.71292061,25.72145181,801.778683129563,2946575.0
1596,Mauritania,2003,61.347,22.62362996,25.59997798,711.382482153206,2883326.0
1597,Mauritania,2002,61.268,22.53164744,25.47291283,629.781901660249,2821703.0
1598,Mauritania,2001,61.185,22.43855496,25.34113129,632.214141751138,2761823.0
1599,Mauritania,2000,61.028,22.3444058,25.2055842,660.303861060692,2695003.0
1600,Mauritius,2015,74.3531707317073,24.63542765,26.00909364,9507.87133656424,1262879.0
1601,Mauritius,2014,74.1943902439024,24.60124453,25.95119396,10366.3550754936,1261208.0
1602,Mauritius,2013,74.0170731707317,24.56717478,25.89396804,9764.64413060045,1258927.0
1603,Mauritius,2012,73.8634146341464,24.5338935,25.8377302,9291.23627601053,1255882.0
1604,Mauritius,2011,73.2668292682927,24.50084915,25.78264114,9197.04299089459,1252404.0
1605,Mauritius,2010,72.9673170731707,24.46806136,25.72886793,8000.37643182154,1250400.0
1606,Mauritius,2009,72.8824390243903,24.43529353,25.67673019,7318.12640972422,1247429.0
1607,Mauritius,2008,72.5707317073171,24.40045424,25.62546075,8030.05228087539,1244121.0
1608,Mauritius,2007,72.5707317073171,24.36216383,25.57413372,6574.6635764099,1239630.0
1609,Mauritius,2006,72.4321951219512,24.32069829,25.52233917,5695.97525509869,1233996.0
1610,Mauritius,2005,72.4321951219512,24.27644848,25.46970223,5354.02974260642,1228254.0
1611,Mauritius,2004,72.2658536585366,24.22952746,25.41533303,5460.60800184198,1221003.0
1612,Mauritius,2003,72.1170731707317,24.17902109,25.35791415,4858.26575549747,1213370.0
1613,Mauritius,2002,71.9658536585366,24.1261515,25.29832237,4073.06053055903,1204621.0
1614,Mauritius,2001,71.7658536585366,24.07047115,25.2366392,3908.55694927435,1196287.0
1615,Mauritius,2000,71.6634146341463,24.01131136,25.17252743,3981.98343249582,1186873.0
1616,Mexico,2015,74.682,27.56749763,28.51446269,10098.173182095,120149897.0
1617,Mexico,2014,74.797,27.50022031,28.43557536,11490.0216914226,118755887.0
1618,Mexico,2013,74.739,27.43265491,28.35585253,11317.4910604809,117290686.0
1619,Mexico,2012,74.574,27.36480328,28.27583784,10842.7330894856,115755909.0
1620,Mexico,2011,74.365,27.29587229,28.19633744,10766.6099402311,114150481.0
1621,Mexico,2010,74.19,27.22700637,28.11767477,9823.16407459477,112532401.0
1622,Mexico,2009,74.119,27.15921105,28.04051681,8495.65308003777,111049428.0
1623,Mexico,2008,74.152,27.09145861,27.96417544,10589.9518729134,109684489.0
1624,Mexico,2007,74.238,27.02258128,27.88722989,10178.4422388105,108302973.0
1625,Mexico,2006,74.331,26.95245083,27.80893099,9545.28672703153,106886790.0
1626,Mexico,2005,74.376,26.87962468,27.72717415,8702.11448264527,105442402.0
1627,Mexico,2004,74.372,26.80381765,27.64102356,7883.5231908285,103945813.0
1628,Mexico,2003,74.274,26.72475012,27.54923271,7473.93237356934,102429341.0
1629,Mexico,2002,74.106,26.64259665,27.45050864,8032.99212058539,100917081.0
1630,Mexico,2001,73.867,26.55751652,27.34319156,8009.15833972447,99394288.0
1631,Mexico,2000,73.569,26.46993867,27.22701965,7581.84564147003,97873442.0
1632,Micronesia (Federated States of),2015,71.408,28.28030449,31.4552167,2891.32210264749,109462.0
1633,Micronesia (Federated States of),2014,71.529,28.22288809,31.37650679,2928.44878191958,109024.0
1634,Micronesia (Federated States of),2013,71.499,28.16623605,31.29832332,2920.70086272777,108609.0
1635,Micronesia (Federated States of),2012,71.398,28.11090493,31.2202189,3023.58544607879,108232.0
1636,Micronesia (Federated States of),2011,71.318,28.05684113,31.14227404,2885.44124871393,107887.0
1637,Micronesia (Federated States of),2010,71.233,28.0044862,31.06477981,2760.0113395546,107588.0
1638,Micronesia (Federated States of),2009,71.112,27.9542262,30.987108,2598.40360440538,107868.0
1639,Micronesia (Federated States of),2008,71.137,27.90556546,30.90954019,2420.7490064763,108704.0
1640,Micronesia (Federated States of),2007,71.06,27.86081143,30.83243264,2344.40346200197,109532.0
1641,Micronesia (Federated States of),2006,71.093,27.82042882,30.75607301,2298.63645841833,110301.0
1642,Micronesia (Federated States of),2005,70.884,27.78435313,30.67971794,2256.01135749054,110940.0
1643,Micronesia (Federated States of),2004,70.838,27.75259418,30.60221104,2155.78169026723,111438.0
1644,Micronesia (Federated States of),2003,70.76,27.72511659,30.52328031,2195.18715620947,111805.0
1645,Micronesia (Federated States of),2002,69.46,27.70146316,30.44379583,2165.48682048718,111992.0
1646,Micronesia (Federated States of),2001,70.479,27.68039517,30.36381054,2152.5252795941,111948.0
1647,Micronesia (Federated States of),2000,69.769,27.66066143,30.28343726,2088.20954444136,111709.0
1648,Mongolia,2015,69.498,25.90569314,26.6551891,3919.35121343969,2964749.0
1649,Mongolia,2014,69.047,25.75889135,26.53821185,4211.93943552954,2902823.0
1650,Mongolia,2013,68.585,25.61132329,26.41935965,4422.30087600131,2845153.0
1651,Mongolia,2012,68.111,25.46343732,26.29890466,4402.30452266711,2792349.0
1652,Mongolia,2011,67.439,25.31464669,26.17727221,3793.74365523458,2743938.0
1653,Mongolia,2010,67.182,25.16539387,26.05491006,2660.28817507398,2702520.0
1654,Mongolia,2009,66.766,25.01690104,25.93207077,1718.91402182752,2666713.0
1655,Mongolia,2008,66.382,24.8697869,25.80980846,2134.94983195668,2633887.0
1656,Mongolia,2007,65.97,24.72602444,25.68921845,1625.31847375123,2605643.0
1657,Mongolia,2006,65.513,24.58877063,25.5715595,1322.64067515404,2581242.0
1658,Mongolia,2005,64.879,24.45846096,25.456801,986.018040837747,2559255.0
1659,Mongolia,2004,64.796,24.33635122,25.34562039,784.912071951003,2537949.0
1660,Mongolia,2003,64.208,24.22360401,25.2384837,633.946559636492,2516454.0
1661,Mongolia,2002,63.518,24.11968615,25.13673315,559.827709012681,2494617.0
1662,Mongolia,2001,63.279,24.02517818,25.04041133,512.819469988285,2472601.0
1663,Mongolia,2000,62.882,23.94021434,24.95073182,463.853881903101,2450979.0
1664,Montenegro,2015,76.4487804878049,27.07576197,26.23939111,6517.19267514764,622159.0
1665,Montenegro,2014,76.4414634146341,26.97782577,26.18067933,7387.87296917548,621810.0
1666,Montenegro,2013,76.490243902439,26.88200132,26.12194612,7188.86361611271,621207.0
1667,Montenegro,2012,76.2,26.7883886,26.06324845,6586.39970256684,620601.0
1668,Montenegro,2011,75.9829268292683,26.69687467,26.0040499,7328.78943085498,620079.0
1669,Montenegro,2010,75.990243902439,26.6061973,25.94387963,6688.40259641346,619428.0
1670,Montenegro,2009,75.1439024390244,26.51483507,25.88237462,6727.10776676969,618294.0
1671,Montenegro,2008,75.1365853658537,26.42113489,25.81806466,7367.75190910882,616969.0
1672,Montenegro,2007,74.3390243902439,26.32410407,25.75073044,5976.39414454596,615875.0
1673,Montenegro,2006,73.8390243902439,26.22390917,25.68071461,4425.67887307803,615025.0
1674,Montenegro,2005,73.9829268292683,26.1209194,25.60766147,3674.6179242797,614261.0
1675,Montenegro,2004,74.5639512195122,26.01483747,25.53122434,3380.16512135859,613353.0
1676,Montenegro,2003,73.9317317073171,25.90865328,25.45419277,2789.15906483509,612267.0
1677,Montenegro,2002,73.9064878048781,25.80278283,25.3768903,2106.6350684523,609828.0
1678,Montenegro,2001,74.0694146341464,25.69745254,25.29890703,1909.59870186179,607389.0
1679,Montenegro,2000,73.8184878048781,25.59326215,25.2206969,1627.06511911987,604950.0
1680,Morocco,2015,72.92,25.45877178,26.61139889,3139.22827148438,34680458.0
1681,Morocco,2014,72.538,25.35569119,26.52787845,3430.53442382813,34248603.0
1682,Morocco,2013,72.122,25.25233482,26.44442349,3377.6435546875,33803527.0
1683,Morocco,2012,71.679,25.14937383,26.36120305,3164.00463867188,33352169.0
1684,Morocco,2011,71.269,25.04673147,26.27860125,3302.453125,32903699.0
1685,Morocco,2010,70.829,24.94497538,26.19708084,3067.85180664063,32464865.0
1686,Morocco,2009,70.458,24.84557894,26.11583325,3118.1416015625,32042877.0
1687,Morocco,2008,70.048,24.74898448,26.03536037,3180.17065429688,31634992.0
1688,Morocco,2007,69.604,24.6564573,25.9571277,2751.42358398438,31232633.0
1689,Morocco,2006,69.128,24.56898381,25.8826482,2433.21264648438,30833022.0
1690,Morocco,2005,68.704,24.48457372,25.80980098,2237.576171875,30431902.0
1691,Morocco,2004,68.231,24.40146315,25.73626341,2177.798828125,30033125.0
1692,Morocco,2003,67.915,24.31804355,25.65934349,1936.09020996094,29661270.0
1693,Morocco,2002,67.547,24.23455702,25.5791907,1590.4873046875,29301817.0
1694,Morocco,2001,67.18,24.15058644,25.49502907,1500.36340332031,28930097.0
1695,Morocco,2000,66.787,24.06522729,25.40673944,1492.37707519531,28554415.0
1696,Mozambique,2015,58.151,22.00762231,23.40543528,603.838513777915,26843246.0
1697,Mozambique,2014,57.274,21.94854556,23.31098886,690.443218144276,26038704.0
1698,Mozambique,2013,56.492,21.88953715,23.21628416,681.065114197441,25251731.0
1699,Mozambique,2012,55.639,21.83153176,23.12232966,681.49212857369,24487611.0
1700,Mozambique,2011,54.869,21.77435917,23.02952503,615.278659781153,23760421.0
1701,Mozambique,2010,54.198,21.71874329,22.9383823,494.584022000439,23073723.0
1702,Mozambique,2009,53.788,21.66428109,22.84904091,546.600732462517,22436660.0
1703,Mozambique,2008,53.164,21.60851719,22.76064127,591.439837606183,21845571.0
1704,Mozambique,2007,52.566,21.55046682,22.6725482,508.044895625424,21280513.0
1705,Mozambique,2006,51.961,21.49069588,22.58405733,458.615152006485,20735982.0
1706,Mozambique,2005,51.561,21.42949877,22.49514063,438.793472737165,20211114.0
1707,Mozambique,2004,51.249,21.36765431,22.40512467,403.020713102699,19694411.0
1708,Mozambique,2003,50.87,21.30375487,22.31252279,343.128747081482,19186754.0
1709,Mozambique,2002,50.59,21.23899365,22.21715757,318.308992526757,18694946.0
1710,Mozambique,2001,50.065,21.17249406,22.11962767,310.095062515845,18220716.0
1711,Mozambique,2000,49.491,21.10361629,22.01983611,333.775138348215,17768505.0
1712,Myanmar,2015,65.561,22.21915318,23.07931813,1157.78396112581,51483949.0
1713,Myanmar,2014,65.056,22.1206921,22.98833232,1283.1064921138,51072436.0
1714,Myanmar,2013,64.815,22.02366123,22.89610836,1189.96476478036,50648334.0
1715,Myanmar,2012,64.141,21.92826762,22.80401834,1193.54764908799,50218185.0
1716,Myanmar,2011,63.901,21.83473068,22.71229965,1204.49647224228,49794522.0
1717,Myanmar,2010,63.329,21.7440374,22.62235672,1003.03345506033,49390988.0
1718,Myanmar,2009,63.155,21.65715168,22.53453801,752.944035899187,49015836.0
1719,Myanmar,2008,56.506,21.57189576,22.44851011,653.866000185961,48729486.0
1720,Myanmar,2007,62.371,21.48846354,22.36481659,416.600432244227,48445647.0
1721,Myanmar,2006,61.893,21.40653356,22.28340314,301.58191391586,48088274.0
1722,Myanmar,2005,61.599,21.32647907,22.20380713,251.170356995896,47724471.0
1723,Myanmar,2004,61.25,21.24844697,22.12584618,223.229846970577,47338446.0
1724,Myanmar,2003,60.98,21.17194035,22.04803323,223.063775892621,46924293.0
1725,Myanmar,2002,60.725,21.09709495,21.97001683,145.817533865002,46480230.0
1726,Myanmar,2001,60.416,21.02386127,21.89107671,140.776163930913,46014826.0
1727,Myanmar,2000,60.155,20.95264937,21.81197489,195.550995666386,45538332.0
1728,Namibia,2015,60.7,22.98169747,25.4775448,4965.67276506551,2282704.0
1729,Namibia,2014,59.822,22.90403491,25.40921491,5544.10406844675,2243001.0
1730,Namibia,2013,58.694,22.82637656,25.3391423,5463.03136620996,2204510.0
1731,Namibia,2012,57.64,22.7488327,25.26778215,6017.17836541483,2167470.0
1732,Namibia,2011,56.553,22.67065807,25.19432997,5873.05938103204,2132340.0
1733,Namibia,2010,56.015,22.59223385,25.11830164,5445.42006302741,2099271.0
1734,Namibia,2009,55.496,22.51256055,25.03943693,4322.62926597991,2067919.0
1735,Namibia,2008,54.653,22.42977961,24.95693967,4222.32618912577,2038552.0
1736,Namibia,2007,53.68,22.34297292,24.8706205,4394.51734135638,2011492.0
1737,Namibia,2006,52.655,22.25383819,24.78129413,4027.96170615871,1986558.0
1738,Namibia,2005,51.787,22.16404783,24.68919458,3692.75260281301,1962865.0
1739,Namibia,2004,51.246,22.07539155,24.59388967,3407.85064848415,1939406.0
1740,Namibia,2003,51.083,21.98783297,24.49545507,2571.98239738661,1915425.0
1741,Namibia,2002,51.254,21.9023707,24.39531034,1773.43155446127,1888525.0
1742,Namibia,2001,51.26,21.8198517,24.29442075,1916.2558622279,1856402.0
1743,Namibia,2000,51.99,21.7402786,24.19360675,2156.09024524858,1819141.0
1744,Nepal,2015,67.456,22.52026182,22.41241013,882.30766159992,27610325.0
1745,Nepal,2014,68.085,22.41835648,22.27472427,827.744708369804,27462106.0
1746,Nepal,2013,67.965,22.31613672,22.13684714,809.384453314378,27381555.0
1747,Nepal,2012,67.47,22.21437376,21.99841596,794.092564101405,27330694.0
1748,Nepal,2011,67.313,22.11458985,21.86070429,791.225582105683,27266399.0
1749,Nepal,2010,66.814,22.01722073,21.72352945,589.165434913038,27161567.0
1750,Nepal,2009,66.761,21.92252818,21.58694169,475.63597612014,27026941.0
1751,Nepal,2008,66.421,21.83030385,21.45050673,466.693379122712,26881544.0
1752,Nepal,2007,66.329,21.74093326,21.31511508,386.529586362442,26713655.0
1753,Nepal,2006,65.868,21.65302328,21.17992691,341.028140039374,26518971.0
1754,Nepal,2005,65.457,21.56549172,21.04472974,309.310418632817,26285110.0
1755,Nepal,2004,64.818,21.47630965,20.90779233,279.724200317908,26003965.0
1756,Nepal,2003,64.197,21.38464591,20.76874026,246.48583783973,25682908.0
1757,Nepal,2002,63.264,21.28987171,20.62699599,238.861254119722,25332178.0
1758,Nepal,2001,63.336,21.19278553,20.48303596,240.705159164552,24956071.0
1759,Nepal,2000,62.614,21.09386457,20.33778145,223.711891850609,24559500.0
1760,Netherlands,2015,81.509756097561,26.12676929,25.26339015,45193.4032187971,16939923.0
1761,Netherlands,2014,81.7073170731707,26.10927191,25.26839345,52900.537415323,16865008.0
1762,Netherlands,2013,81.3048780487805,26.09048046,25.27131673,52198.8975607454,16804432.0
1763,Netherlands,2012,81.1048780487805,26.06939896,25.2721486,50070.1416045904,16754962.0
1764,Netherlands,2011,81.2048780487805,26.04384467,25.27050073,54230.3129029852,16693074.0
1765,Netherlands,2010,80.7024390243902,26.01195738,25.2646191,50999.7451168879,16615394.0
1766,Netherlands,2009,80.5487804878049,25.97263197,25.25299012,52722.2130568997,16530388.0
1767,Netherlands,2008,80.2512195121951,25.92581867,25.23598362,57879.9437553916,16445593.0
1768,Netherlands,2007,80.0975609756098,25.87185357,25.21439874,51799.2085521047,16381696.0
1769,Netherlands,2006,79.6975609756098,25.80986268,25.18774202,44900.9381441374,16346101.0
1770,Netherlands,2005,79.3463414634146,25.74006073,25.15612979,41994.7135305232,16319868.0
1771,Netherlands,2004,79.0951219512195,25.66336221,25.11930686,40436.6182310407,16281779.0
1772,Netherlands,2003,78.4926829268293,25.58168011,25.0780029,35750.9746630269,16225302.0
1773,Netherlands,2002,78.2926829268293,25.49636056,25.0327553,29343.2449960602,16148929.0
1774,Netherlands,2001,78.190243902439,25.40821627,24.98316303,26896.5481111196,16046180.0
1775,Netherlands,2000,77.9878048780488,25.3173109,24.92990521,26214.498549887,15925513.0
1776,New Zealand,2015,81.6124390243903,28.23136585,28.02995729,38639.3501941427,4609400.0
1777,New Zealand,2014,81.4568292682927,28.17226062,27.95054848,44578.2253868016,4516500.0
1778,New Zealand,2013,81.4048780487805,28.11355509,27.87129062,42977.388040868,4442100.0
1779,New Zealand,2012,81.4073170731707,28.05355579,27.79208961,39974.2997334925,4408100.0
1780,New Zealand,2011,81.1560975609756,27.99150711,27.71215066,38388.5280906616,4384000.0
1781,New Zealand,2010,80.9048780487805,27.92520963,27.63008743,33676.7741239925,4350700.0
1782,New Zealand,2009,80.7024390243902,27.85300962,27.54486887,28209.3623271229,4302600.0
1783,New Zealand,2008,80.3512195121951,27.77397952,27.45609645,31252.9625640673,4259800.0
1784,New Zealand,2007,80.1512195121951,27.68882583,27.36468035,32479.9817381467,4223800.0
1785,New Zealand,2006,80.0487804878049,27.5973616,27.26991313,26654.5932018985,4184600.0
1786,New Zealand,2005,79.8512195121951,27.50025719,27.17174452,27751.0654708859,4133900.0
1787,New Zealand,2004,79.5487804878049,27.39750374,27.06902441,25420.234882944,4087500.0
1788,New Zealand,2003,79.1463414634146,27.28959409,26.96199241,21913.7081719961,4027200.0
1789,New Zealand,2002,78.8463414634146,27.17787729,26.84994097,16874.1874918196,3948500.0
1790,New Zealand,2001,78.6926829268293,27.06315164,26.73288644,13882.8568268586,3880500.0
1791,New Zealand,2000,78.6365853658537,26.94635168,26.61082717,13641.1027183822,3857700.0
1792,Nicaragua,2015,72.983,26.60201215,28.03797758,2025.32477597575,6298598.0
1793,Nicaragua,2014,72.812,26.52929279,27.93589312,1913.52134831663,6208676.0
1794,Nicaragua,2013,72.704,26.45617898,27.83325995,1794.77996471527,6119379.0
1795,Nicaragua,2012,72.615,26.38276973,27.73040094,1746.41858428988,6030607.0
1796,Nicaragua,2011,72.416,26.30834142,27.62786701,1644.79935412236,5942553.0
1797,Nicaragua,2010,72.009,26.23330027,27.52608029,1495.72918990272,5855734.0
1798,Nicaragua,2009,71.433,26.1577929,27.42515673,1438.08682340939,5770639.0
1799,Nicaragua,2008,70.586,26.08179569,27.32445363,1493.90454426773,5687744.0
1800,Nicaragua,2007,69.559,26.00438867,27.22421488,1323.84916260998,5607453.0
1801,Nicaragua,2006,68.725,25.92592975,27.12328648,1223.13187642832,5529811.0
1802,Nicaragua,2005,67.936,25.84577157,27.02028555,1158.88336804158,5454678.0
1803,Nicaragua,2004,67.423,25.76309569,26.9152027,1075.51245505331,5386223.0
1804,Nicaragua,2003,67.217,25.67772036,26.80671509,999.846235489936,5323062.0
1805,Nicaragua,2002,67.18,25.59014257,26.69411749,993.293498076813,5259006.0
1806,Nicaragua,2001,67.215,25.50057018,26.57633399,1030.62046409577,5192764.0
1807,Nicaragua,2000,67.234,25.40937306,26.45276572,997.337969617267,5123222.0
1808,Niger,2015,61.083,21.4237689,22.3111698,481.111301105002,20128124.0
1809,Niger,2014,60.786,21.38963067,22.2390771,560.754475169279,19372014.0
1810,Niger,2013,60.239,21.35609064,22.16677028,548.157848842165,18653199.0
1811,Niger,2012,59.65,21.32351397,22.09415449,525.047284914011,17954407.0
1812,Niger,2011,58.994,21.28917102,22.02029425,507.602495302453,17283112.0
1813,Niger,2010,58.367,21.25117973,21.9440865,471.61268796898,16647543.0
1814,Niger,2009,57.396,21.20886806,21.86544643,458.421890235321,16037915.0
1815,Niger,2008,56.508,21.16024298,21.78346631,472.178427355585,15455175.0
1816,Niger,2007,55.553,21.10533103,21.69767186,384.718345483996,14897873.0
1817,Niger,2006,54.596,21.04522997,21.6082662,331.103767973979,14365168.0
1818,Niger,2005,53.59,20.98046063,21.51564468,316.365647620285,13855221.0
1819,Niger,2004,52.589,20.91253819,21.41995759,281.325360212044,13366885.0
1820,Niger,2003,51.434,20.84108787,21.31984109,263.091231815682,12900790.0
1821,Niger,2002,50.562,20.7676024,21.21639051,223.352392861667,12456517.0
1822,Niger,2001,49.841,20.69378422,21.1108659,203.52648886842,12031430.0
1823,Niger,2000,49.322,20.62004525,21.00440875,192.877725789359,11622665.0
1824,Nigeria,2015,51.841,22.62029901,23.98606195,2679.5542234874,183995785.0
1825,Nigeria,2014,51.791,22.59163634,23.93717239,3200.95279935925,179379016.0
1826,Nigeria,2013,51.707,22.56290002,23.88632995,2976.75683168398,174726123.0
1827,Nigeria,2012,51.497,22.53427565,23.8336311,2728.02278831129,170075932.0
1828,Nigeria,2011,51.357,22.50313761,23.77834441,2504.87910104512,165463745.0
1829,Nigeria,2010,50.945,22.46769316,23.71912244,2280.11128904338,160952853.0
1830,Nigeria,2009,50.712,22.42710773,23.65571868,1883.88778309689,156595758.0
1831,Nigeria,2008,50.225,22.37984445,23.58806847,2227.79034922679,152382506.0
1832,Nigeria,2007,50.033,22.32629332,23.51580442,1876.41303262801,148294028.0
1833,Nigeria,2006,49.73,22.26746189,23.43940366,1652.15400173092,144329764.0
1834,Nigeria,2005,49.297,22.20396842,23.3594328,1250.40691277354,140490722.0
1835,Nigeria,2004,48.767,22.13709041,23.27575228,992.74539908679,136756848.0
1836,Nigeria,2003,48.441,22.06694841,23.1879553,786.802214827723,133119801.0
1837,Nigeria,2002,47.928,21.99507403,23.09744677,733.537888694616,129583026.0
1838,Nigeria,2001,47.619,21.92338249,23.00516547,583.085838768235,126152678.0
1839,Nigeria,2000,47.193,21.85221204,22.91261574,563.047086217561,122851984.0
1840,Norway,2015,82.3048780487805,27.38326736,26.22002205,74809.9658049898,5188607.0
1841,Norway,2014,82.1,27.32713884,26.17502935,97666.6951838749,5137232.0
1842,Norway,2013,81.7512195121951,27.27041317,26.1296668,103553.840134417,5079623.0
1843,Norway,2012,81.4512195121951,27.21218108,26.08376068,102175.919298374,5018573.0
1844,Norway,2011,81.2951219512195,27.15122317,26.03741628,101221.813476644,4953088.0
1845,Norway,2010,80.9975609756098,27.08557427,25.98955545,88163.2085931423,4889252.0
1846,Norway,2009,80.7951219512195,27.01482542,25.93919823,80347.5700665184,4828726.0
1847,Norway,2008,80.5926829268293,26.9382324,25.88611375,97503.5407803783,4768212.0
1848,Norway,2007,80.3951219512195,26.85594261,25.83086891,85502.2677087731,4709153.0
1849,Norway,2006,80.3439024390244,26.76729102,25.7731145,74434.4996835671,4660677.0
1850,Norway,2005,80.0414634146342,26.6739442,25.71289538,67047.1704558264,4623291.0
1851,Norway,2004,79.8414634146342,26.57662835,25.65039079,57768.6980958462,4591910.0
1852,Norway,2003,79.390243902439,26.4760755,25.58510611,50250.3298214345,4564855.0
1853,Norway,2002,78.9878048780488,26.37341833,25.5171712,43170.557174499,4538159.0
1854,Norway,2001,78.7853658536585,26.2697211,25.44643476,38601.897639231,4513751.0
1855,Norway,2000,78.6341463414634,26.16506512,25.37271462,38178.2368777076,4490967.0
1856,Oman,2015,77.687,26.43041626,26.42924442,18777.4330589162,4191776.0
1857,Oman,2014,77.446,26.3347573,26.40007007,23121.2063768559,4009267.0
1858,Oman,2013,77.246,26.23864101,26.37081629,23563.9405992228,3816680.0
1859,Oman,2012,77.061,26.14329543,26.34193398,24722.6388245874,3535579.0
1860,Oman,2011,76.608,26.04827839,26.31397207,24166.0963053624,3206870.0
1861,Oman,2010,76.269,25.95423966,26.28744583,22552.1990071233,2881914.0
1862,Oman,2009,74.681,25.86220717,26.26185458,17937.9795676859,2697537.0
1863,Oman,2008,74.612,25.77338929,26.23838794,22974.2773504319,2651028.0
1864,Oman,2007,74.461,25.68987243,26.21888082,16151.275839059,2605700.0
1865,Oman,2006,74.48,25.61274628,26.20538127,14533.7294232494,2560649.0
1866,Oman,2005,74.396,25.54090401,26.19631537,12357.7013911873,2515192.0
1867,Oman,2004,74.329,25.47266904,26.19001748,10030.4444262065,2468855.0
1868,Oman,2003,74.14,25.40427913,26.18207198,8896.90253020963,2431600.0
1869,Oman,2002,73.869,25.33558867,26.1724298,8380.03895178727,2403659.0
1870,Oman,2001,73.808,25.2652281,26.15965111,8191.51283162468,2374653.0
1871,Oman,2000,73.466,25.19231006,26.14325813,8321.39386651557,2344253.0
1872,Pakistan,2015,65.697,23.3372988,24.70310544,1421.83527830089,210969298.0
1873,Pakistan,2014,65.284,23.25745728,24.59853308,1303.18536985282,208251628.0
1874,Pakistan,2013,65.15,23.17782357,24.49391535,1259.66836828623,205337562.0
1875,Pakistan,2012,64.782,23.09949377,24.38860602,1236.89276298823,202205861.0
1876,Pakistan,2011,64.648,23.02318013,24.28326382,1161.04432084751,198602738.0
1877,Pakistan,2010,64.436,22.94969458,24.1780915,1011.59718017727,194454498.0
1878,Pakistan,2009,64.14,22.87773636,24.07267984,985.349300762774,190123222.0
1879,Pakistan,2008,64.036,22.8059846,23.96650364,1087.51477702611,185931955.0
1880,Pakistan,2007,63.852,22.73368432,23.85965449,1012.18279419002,181924521.0
1881,Pakistan,2006,63.731,22.65992408,23.7511643,909.032403273312,178069984.0
1882,Pakistan,2005,62.466,22.58300984,23.64091571,832.751137517234,174372098.0
1883,Pakistan,2004,63.052,22.50136771,23.52764015,774.785335734991,170648620.0
1884,Pakistan,2003,62.843,22.41479416,23.41060796,673.382966037094,166876680.0
1885,Pakistan,2002,62.626,22.32332082,23.29030624,599.789410758775,163262807.0
1886,Pakistan,2001,62.421,22.22841136,23.16715355,610.143231600736,159217727.0
1887,Pakistan,2000,62.102,22.1306934,23.04238044,644.457156981743,154369924.0
1888,Panama,2015,77.468,26.26350401,27.75588148,13669.5594424097,3957099.0
1889,Panama,2014,77.248,26.19469018,27.66578477,12837.2479584282,3888793.0
1890,Panama,2013,77.038,26.12593213,27.57535261,11932.2862205866,3821556.0
1891,Panama,2012,76.819,26.05718063,27.48479124,10767.2931788172,3754862.0
1892,Panama,2011,76.627,25.98748712,27.39444155,9403.43990821634,3688674.0
1893,Panama,2010,76.448,25.91729628,27.30496052,8124.55830734871,3623617.0
1894,Panama,2009,76.343,25.84690747,27.21591601,7618.43845900774,3559343.0
1895,Panama,2008,76.225,25.77569865,27.12697562,7197.11078610101,3495276.0
1896,Panama,2007,76.154,25.70301203,27.03757523,6205.82157550354,3431614.0
1897,Panama,2006,76.012,25.62816951,26.94636399,5385.56424337546,3368573.0
1898,Panama,2005,75.829,25.55042459,26.85197002,4953.12997978141,3305868.0
1899,Panama,2004,75.544,25.46931099,26.7533419,4629.02931602921,3243311.0
1900,Panama,2003,75.218,25.38409539,26.64932867,4304.10697986678,3181608.0
1901,Panama,2002,74.824,25.29479521,26.53883433,4163.52195937827,3120990.0
1902,Panama,2001,74.414,25.20115444,26.42015531,4084.2585357057,3061024.0
1903,Panama,2000,74.001,25.10284883,26.29233461,4099.00653989315,3001731.0
1904,Papua New Guinea,2015,64.701,25.30592447,25.89417974,2502.07344498028,8682174.0
1905,Papua New Guinea,2014,64.259,25.2140924,25.77997191,2742.25004998231,8464153.0
1906,Papua New Guinea,2013,63.961,25.12318082,25.66587332,2578.49864720758,8245627.0
1907,Papua New Guinea,2012,63.733,25.03414362,25.55225892,2653.09278970276,8026545.0
1908,Papua New Guinea,2011,63.526,24.94736734,25.43919632,2303.8266113635,7806637.0
1909,Papua New Guinea,2010,63.039,24.86307941,25.32671445,1879.24055902232,7583269.0
1910,Papua New Guinea,2009,62.788,24.78153345,25.21433078,1578.96862832112,7358890.0
1911,Papua New Guinea,2008,62.571,24.7012931,25.1014157,1635.03956584558,7137988.0
1912,Papua New Guinea,2007,62.034,24.62223968,24.98716902,1379.12699349288,6921066.0
1913,Papua New Guinea,2006,61.917,24.54376446,24.87201383,1245.47417602948,6708217.0
1914,Papua New Guinea,2005,61.801,24.46586166,24.75550843,748.735073405033,6498818.0
1915,Papua New Guinea,2004,61.761,24.38792524,24.6362099,624.03532132549,6293166.0
1916,Papua New Guinea,2003,61.797,24.31038839,24.51465195,580.59816717438,6090980.0
1917,Papua New Guinea,2002,61.698,24.2341106,24.39075576,509.030491857518,5892596.0
1918,Papua New Guinea,2001,61.773,24.1585326,24.26450545,540.673889592354,5698489.0
1919,Papua New Guinea,2000,61.72,24.08389361,24.13680838,639.279199918609,5508297.0
1920,Paraguay,2015,73.191,26.59270083,27.00295734,5861.40189546648,6177950.0
1921,Paraguay,2014,72.878,26.4782399,26.87563708,6629.41699277341,6090721.0
1922,Paraguay,2013,72.757,26.36373178,26.74822201,6410.81470278733,6005652.0
1923,Paraguay,2012,72.454,26.24963915,26.62123136,5617.10491786787,5923322.0
1924,Paraguay,2011,72.131,26.13558376,26.49542503,5776.2818479967,5843939.0
1925,Paraguay,2010,71.887,26.02211145,26.37050727,4725.72634101583,5768613.0
1926,Paraguay,2009,71.635,25.91012916,26.24771351,3920.18607071017,5702574.0
1927,Paraguay,2008,71.384,25.79907665,26.12695279,4360.4291089526,5645148.0
1928,Paraguay,2007,71.106,25.68891248,26.00761814,3194.26298162817,5590145.0
1929,Paraguay,2006,70.781,25.57975686,25.88922301,2426.41709770871,5534675.0
1930,Paraguay,2005,70.527,25.4720327,25.77126478,1960.51476554933,5476878.0
1931,Paraguay,2004,70.481,25.36491293,25.65319438,1776.93225816866,5416324.0
1932,Paraguay,2003,70.297,25.25898553,25.53575099,1436.76490433294,5353254.0
1933,Paraguay,2002,70.025,25.15448864,25.41781545,1361.24928059287,5286512.0
1934,Paraguay,2001,69.9,25.05135852,25.29847167,1630.1908460827,5211541.0
1935,Paraguay,2000,69.75,24.94885666,25.17672586,1728.34074341006,5123819.0
1936,Peru,2015,75.621,26.23881223,27.17670818,6180.11926810233,30711863.0
1937,Peru,2014,75.333,26.1108272,27.07372558,6614.83081997934,30353951.0
1938,Peru,2013,74.967,25.9825339,26.97006347,6697.18774707052,30038809.0
1939,Peru,2012,74.544,25.8543414,26.86646763,6475.72044267849,29749589.0
1940,Peru,2011,74.133,25.72641802,26.76410593,5826.83230656078,29477721.0
1941,Peru,2010,73.711,25.59962111,26.66333468,5047.2046433225,29229572.0
1942,Peru,2009,73.466,25.47409127,26.56559206,4164.97048299155,29009326.0
1943,Peru,2008,73.377,25.35101462,26.47107043,4184.88598248749,28806185.0
1944,Peru,2007,73.223,25.23102809,26.38073917,3572.36358879114,28600387.0
1945,Peru,2006,73.172,25.11425441,26.2946513,3123.32015935927,28381078.0
1946,Peru,2005,72.986,25.00082328,26.21239999,2702.23770075461,28147267.0
1947,Peru,2004,72.668,24.89058373,26.13376571,2393.66589710452,27893911.0
1948,Peru,2003,72.217,24.78252829,26.05706609,2126.13782387391,27623341.0
1949,Peru,2002,71.661,24.67772876,25.98111766,2003.97108061855,27334503.0
1950,Peru,2001,71.041,24.57558296,25.90474381,1925.97942030475,27014909.0
1951,Peru,2000,70.424,24.47614059,25.82678592,1941.318259717,26654439.0
1952,Philippines,2015,71.268,22.83917654,23.51832443,2974.29691673713,103031365.0
1953,Philippines,2014,71.151,22.78043703,23.43492605,2935.92859830401,101325201.0
1954,Philippines,2013,70.835,22.72360831,23.35231626,2847.56794274704,99700107.0
1955,Philippines,2012,70.881,22.66888155,23.27194883,2671.77752181561,98032317.0
1956,Philippines,2011,70.788,22.61619835,23.19382727,2431.19996066282,96337913.0
1957,Philippines,2010,70.754,22.56639611,23.1190758,2201.77682813479,94636700.0
1958,Philippines,2009,70.633,22.519661,23.04840597,1893.28164063577,92946951.0
1959,Philippines,2008,70.564,22.47368892,22.98100488,1990.35612886581,91252326.0
1960,Philippines,2007,70.483,22.42822353,22.91692959,1741.60351144895,89561377.0
1961,Philippines,2006,70.282,22.38312673,22.85550467,1452.22140548112,87901835.0
1962,Philippines,2005,70.24,22.33845936,22.7962196,1245.2865836997,86261250.0
1963,Philippines,2004,70.037,22.29411637,22.73819205,1122.85552182107,84607501.0
1964,Philippines,2003,69.924,22.25009052,22.67979773,1049.38649463156,82942837.0
1965,Philippines,2002,69.781,22.20532454,22.62012087,1037.17478776606,81285572.0
1966,Philippines,2001,69.614,22.16012516,22.55757823,991.147982051369,79626086.0
1967,Philippines,2000,69.413,22.11456888,22.49240924,1073.26443619332,77958223.0
1968,Poland,2015,77.4512195121951,27.49402668,26.091764,12560.051419682,37986412.0
1969,Poland,2014,77.6024390243903,27.35120724,26.03467116,14181.9486817352,38011735.0
1970,Poland,2013,77.0,27.21243672,25.97844855,13558.3411314221,38040196.0
1971,Poland,2012,76.7463414634146,27.07864232,25.92334579,13010.7555868425,38063164.0
1972,Poland,2011,76.6951219512195,26.94977305,25.86939749,13776.3883624327,38063255.0
1973,Poland,2010,76.2463414634146,26.82470962,25.81641855,12504.2501856093,38042794.0
1974,Poland,2009,75.6951219512195,26.70300778,25.76402479,11525.9007370991,38151603.0
1975,Poland,2008,75.5439024390244,26.58334096,25.7109493,13995.7811598115,38125759.0
1976,Poland,2007,75.2439024390244,26.46585731,25.65773905,11254.3140875349,38120560.0
1977,Poland,2006,75.1439024390244,26.35115321,25.60537102,9035.53275810927,38141267.0
1978,Poland,2005,74.9951219512195,26.24041362,25.55482958,8021.54789037388,38165445.0
1979,Poland,2004,74.8463414634146,26.1340667,25.5070518,6681.30975087388,38182222.0
1980,Poland,2003,74.5975609756098,26.03283043,25.46286292,5701.63886301914,38204570.0
1981,Poland,2002,74.4975609756098,25.93751201,25.42332822,5207.129304207,38230364.0
1982,Poland,2001,74.2,25.84817991,25.38905673,4991.24435799511,38248076.0
1983,Poland,2000,73.7487804878049,25.76527535,25.36050697,4501.47996121234,38258629.0
1984,Portugal,2015,81.1243902439025,26.2877195,25.3448261,19250.1065376852,10358076.0
1985,Portugal,2014,81.1219512195122,26.30293376,25.38638038,22103.7009703321,10401062.0
1986,Portugal,2013,80.7219512195122,26.3176553,25.42670157,21653.1959752225,10457295.0
1987,Portugal,2012,80.3731707317073,26.33151847,25.46452228,20563.7136012629,10514844.0
1988,Portugal,2011,80.4707317073171,26.34225013,25.49918938,23217.2954965207,10557560.0
1989,Portugal,2010,79.0268292682927,26.34675005,25.52945239,22520.6423124045,10573100.0
1990,Portugal,2009,78.7268292682927,26.34188794,25.55399766,23151.2154130712,10568247.0
1991,Portugal,2008,78.5243902439025,26.32600301,25.57182641,24949.0413566739,10558177.0
1992,Portugal,2007,78.3219512195122,26.29788142,25.58333727,22811.0564844365,10542964.0
1993,Portugal,2006,78.419512195122,26.25767314,25.58905128,19839.4540499032,10522288.0
1994,Portugal,2005,78.0707317073171,26.20563835,25.58923529,18780.12751241,10503330.0
1995,Portugal,2004,77.6707317073171,26.14279074,25.58315723,18064.1580932987,10483861.0
1996,Portugal,2003,77.219512195122,26.06887041,25.57121445,15797.7821340276,10458821.0
1997,Portugal,2002,77.0658536585366,25.98663598,25.55314558,12936.6928204482,10419631.0
1998,Portugal,2001,76.8146341463415,25.89810138,25.52922579,11734.7649743954,10362722.0
1999,Portugal,2000,76.3146341463415,25.80460553,25.49985441,11526.3720667968,10289898.0
2000,Qatar,2015,80.064,28.82671223,30.2769079,66984.9102002396,2414573.0
2001,Qatar,2014,79.768,28.71899449,30.17636702,93126.1494633822,2214465.0
2002,Qatar,2013,79.536,28.6108503,30.07582422,97630.8255152088,2035501.0
2003,Qatar,2012,79.227,28.50284834,29.97572177,98041.3622380894,1905660.0
2004,Qatar,2011,78.891,28.39437567,29.87593824,92992.9971307452,1804171.0
2005,Qatar,2010,78.425,28.28608234,29.7767767,73021.3097525035,1713504.0
2006,Qatar,2009,77.878,28.17927237,29.67819718,60733.9817002272,1610274.0
2007,Qatar,2008,77.427,28.07519339,29.58159001,79811.5977371757,1444277.0
2008,Qatar,2007,77.016,27.97545297,29.48867276,64706.9899026035,1231893.0
2009,Qatar,2006,76.57,27.88139763,29.40088495,59978.86120736,1015060.0
2010,Qatar,2005,76.064,27.79136373,29.31609064,52468.4456475056,848710.0
2011,Qatar,2004,75.961,27.70298842,29.23177657,40792.2764702117,777943.0
2012,Qatar,2003,75.565,27.61496102,29.14628157,31440.2207124561,748525.0
2013,Qatar,2002,75.412,27.5278096,29.05937794,27151.032498866,713186.0
2014,Qatar,2001,75.263,27.4407428,28.97052859,25836.2707926738,678831.0
2015,Qatar,2000,74.828,27.35269269,28.88017251,27494.7713320186,645937.0
2016,Republic of Korea,2015,82.0243902439024,24.39793499,23.14950586,28737.4391706499,51014947.0
2017,Republic of Korea,2014,81.7219512195122,24.33102487,23.13559537,29252.9312377352,50746659.0
2018,Republic of Korea,2013,81.2707317073171,24.26580702,23.12160031,27179.5170146052,50428893.0
2019,Republic of Korea,2012,80.819512195122,24.20198696,23.10805812,25459.1689000965,50199853.0
2020,Republic of Korea,2011,80.5682926829269,24.14015116,23.09515176,25097.595426845,49936638.0
2021,Republic of Korea,2010,80.1170731707317,24.08000421,23.08289476,23079.2601257735,49554112.0
2022,Republic of Korea,2009,79.9682926829268,24.02119378,23.07096697,19143.8516053025,49307835.0
2023,Republic of Korea,2008,79.5170731707317,23.96204263,23.05890616,21350.427979823,49054708.0
2024,Republic of Korea,2007,79.119512195122,23.90175719,23.0465898,24086.4104391677,48683638.0
2025,Republic of Korea,2006,78.6682926829268,23.83943236,23.03388418,21743.4774514254,48438292.0
2026,Republic of Korea,2005,78.1682926829268,23.77326963,23.02023285,19402.5026259549,48184561.0
2027,Republic of Korea,2004,77.6658536585366,23.70211218,23.00497285,16496.1316167114,48082519.0
2028,Republic of Korea,2003,77.2146341463415,23.62744309,22.98810184,14672.8057539465,47892330.0
2029,Republic of Korea,2002,76.7658536585366,23.54961334,22.96963004,13165.08362497,47644736.0
2030,Republic of Korea,2001,76.4121951219512,23.46942758,22.9486236,11561.2071745115,47370164.0
2031,Republic of Korea,2000,75.909756097561,23.38756642,22.92489286,12257.0206622345,47008111.0
2032,Republic of Moldova,2015,69.24,26.6924838,27.53849435,2749.55137054338,2835978.0
2033,Republic of Moldova,2014,69.031,26.60564383,27.49307143,3289.95758568777,2857815.0
2034,Republic of Moldova,2013,69.099,26.51979846,27.44742511,3321.04397795719,2859558.0
2035,Republic of Moldova,2012,69.143,26.43467252,27.40198534,3044.8084324815,2860324.0
2036,Republic of Moldova,2011,69.192,26.35018444,27.35659577,2941.36224066021,2860699.0
2037,Republic of Moldova,2010,69.357,26.26549065,27.31034042,2436.79935102421,2862354.0
2038,Republic of Moldova,2009,69.573,26.17993043,27.26295321,1898.43975710988,2865213.0
2039,Republic of Moldova,2008,69.394,26.09120842,27.21243091,2110.55305353857,2868833.0
2040,Republic of Moldova,2007,68.947,25.99893863,27.15851669,1531.21618590748,2874299.0
2041,Republic of Moldova,2006,68.479,25.90341182,27.10103346,1183.02481442894,2880967.0
2042,Republic of Moldova,2005,68.169,25.80581959,27.04038223,1034.39197746993,2888985.0
2043,Republic of Moldova,2004,67.861,25.70673128,26.97619093,897.178494749468,2896023.0
2044,Republic of Moldova,2003,67.419,25.60751982,26.9088055,682.319095965299,2903198.0
2045,Republic of Moldova,2002,66.938,25.50896233,26.83958595,570.799866188293,2911385.0
2046,Republic of Moldova,2001,66.787,25.41304897,26.76957429,507.404076252819,2918135.0
2047,Republic of Moldova,2000,66.417,25.32054925,26.70002729,440.538683980372,2924668.0
2048,Romania,2015,74.9121951219512,27.14276793,26.90366715,8976.9544892648,19815616.0
2049,Romania,2014,74.909756097561,26.95984625,26.78060188,10031.3421526698,19908979.0
2050,Romania,2013,75.0634146341463,26.78065985,26.65835547,9497.20647561211,19983693.0
2051,Romania,2012,74.4121951219512,26.60630341,26.53754335,8930.72991164974,20058035.0
2052,Romania,2011,74.409756097561,26.43755855,26.41809925,9560.15942530942,20147528.0
2053,Romania,2010,73.4585365853659,26.27322417,26.30076876,8397.80917311457,20246871.0
2054,Romania,2009,73.309756097561,26.11232868,26.18534793,8548.04859012993,20367487.0
2055,Romania,2008,72.5658536585366,25.95373252,26.07105061,10435.2179803541,20537875.0
2056,Romania,2007,72.5658536585366,25.79766926,25.95877503,8360.33775916596,20882982.0
2057,Romania,2006,72.1634146341463,25.64505816,25.84914275,5757.53127301178,21193760.0
2058,Romania,2005,71.9121951219512,25.49682322,25.74321653,4618.00350802913,21319685.0
2059,Romania,2004,71.5609756097561,25.35417652,25.64176479,3494.99056448955,21451748.0
2060,Romania,2003,71.309756097561,25.21710156,25.54466836,2679.40626016154,21574326.0
2061,Romania,2002,71.009756097561,25.08696391,25.45241308,2119.85509684554,21730496.0
2062,Romania,2001,71.1609756097561,24.96426835,25.36565532,1825.19299373184,22131970.0
2063,Romania,2000,71.1634146341463,24.85002005,25.28467736,1659.92904910528,22442971.0
2064,Russian Federation,2015,71.1834146341463,25.93945519,26.70846311,9277.7138671875,144640716.0
2065,Russian Federation,2014,70.7436585365854,25.89124353,26.72461377,14055.47265625,144237223.0
2066,Russian Federation,2013,70.5787804878049,25.84241872,26.739582,15941.4482421875,143805638.0
2067,Russian Federation,2012,70.0721951219512,25.79338813,26.75325466,15401.8515625,143378447.0
2068,Russian Federation,2011,69.6839024390244,25.743993,26.76564659,14305.33203125,143018195.0
2069,Russian Federation,2010,68.8412195121951,25.69319511,26.77565978,10674.990234375,142849468.0
2070,Russian Federation,2009,68.6846341463415,25.64000987,26.78255277,8562.82421875,142785348.0
2071,Russian Federation,2008,67.9492682926829,25.58236228,26.78460338,11635.2841796875,142742366.0
2072,Russian Federation,2007,67.5868292682927,25.52027632,26.78107079,9101.2392578125,142805114.0
2073,Russian Federation,2006,66.7275609756098,25.45424823,26.77188929,6920.19970703125,143049637.0
2074,Russian Federation,2005,65.529756097561,25.3863803,26.75748204,5323.455078125,143518814.0
2075,Russian Federation,2004,65.4709756097561,25.31742685,26.73741329,4102.36474609375,144067316.0
2076,Russian Federation,2003,65.0275609756098,25.24865658,26.71225699,2975.123046875,144648618.0
2077,Russian Federation,2002,65.1287804878049,25.18133219,26.68361126,2377.52954101563,145306497.0
2078,Russian Federation,2001,65.3834146341463,25.11832971,26.65276398,2100.3525390625,145976482.0
2079,Russian Federation,2000,65.4836585365854,25.06036199,26.62120228,1771.59411621094,146596869.0
2080,Rwanda,2015,65.298,21.23847105,22.67962362,733.813379277367,11642959.0
2081,Rwanda,2014,64.94,21.19566534,22.59940669,724.721973748255,11368451.0
2082,Rwanda,2013,64.426,21.15194716,22.51712506,704.415555508211,11101350.0
2083,Rwanda,2012,64.009,21.10789979,22.43325591,706.137130523623,10840334.0
2084,Rwanda,2011,63.261,21.06301676,22.34775263,650.936675868246,10576932.0
2085,Rwanda,2010,62.54,21.01775718,22.26129667,594.115673355408,10309031.0
2086,Rwanda,2009,61.958,20.97223686,22.1746817,564.976632424991,10043737.0
2087,Rwanda,2008,61.134,20.9238952,22.08716317,529.529272024533,9781996.0
2088,Rwanda,2007,59.965,20.87177564,21.99816556,427.432188821022,9523168.0
2089,Rwanda,2006,58.714,20.81619762,21.90748185,358.118696439836,9270066.0
2090,Rwanda,2005,57.316,20.75704768,21.81415345,325.030205639805,9026299.0
2091,Rwanda,2004,55.491,20.69494531,21.71851091,270.306565251175,8791853.0
2092,Rwanda,2003,53.368,20.6290351,21.61849511,249.56108099887,8567992.0
2093,Rwanda,2002,51.032,20.5601024,21.51455682,234.822310918022,8372306.0
2094,Rwanda,2001,49.021,20.48812728,21.40692246,239.13112852343,8223941.0
2095,Rwanda,2000,47.129,20.41227319,21.29539066,255.097412853064,8109989.0
2096,Saint Lucia,2015,73.138,29.57158453,30.39718804,10292.7335300088,175623.0
2097,Saint Lucia,2014,72.864,29.33231799,30.197147,10006.551252747,174804.0
2098,Saint Lucia,2013,72.735,29.09550949,30.00010139,9542.71357425779,173978.0
2099,Saint Lucia,2012,72.882,28.86174642,29.80665726,9231.57625405725,173124.0
2100,Saint Lucia,2011,72.944,28.63047805,29.61855597,9110.75181022028,172145.0
2101,Saint Lucia,2010,72.72,28.40328638,29.43579967,8672.21566785729,170935.0
2102,Saint Lucia,2009,72.722,28.18225334,29.26055712,8259.32233799025,169688.0
2103,Saint Lucia,2008,72.698,27.96308162,29.08799896,8528.68208470429,168576.0
2104,Saint Lucia,2007,72.599,27.74534734,28.91733647,7975.79254059155,167518.0
2105,Saint Lucia,2006,72.465,27.52973824,28.74830144,7618.90541950613,166470.0
2106,Saint Lucia,2005,72.245,27.31611966,28.57997733,6866.09238723686,165386.0
2107,Saint Lucia,2004,72.028,27.10424184,28.4116022,6494.60034867886,164239.0
2108,Saint Lucia,2003,71.771,26.89358755,28.24219483,6055.96795652424,163047.0
2109,Saint Lucia,2002,71.472,26.68417804,28.07058587,5562.45712272635,161799.0
2110,Saint Lucia,2001,71.135,26.47601184,27.89545284,5558.06937116326,160594.0
2111,Saint Lucia,2000,70.768,26.26903236,27.7160818,5846.97550214791,159500.0
2112,Saint Vincent and the Grenadines,2015,74.407,26.34416017,28.30419131,7386.74663845115,106482.0
2113,Saint Vincent and the Grenadines,2014,74.473,26.24180616,28.18514552,7210.60311284047,106912.0
2114,Saint Vincent and the Grenadines,2013,73.798,26.13902899,28.06546478,7117.55476276649,107450.0
2115,Saint Vincent and the Grenadines,2012,74.146,26.03608595,27.94505154,6754.37018395671,108083.0
2116,Saint Vincent and the Grenadines,2011,74.596,25.93237379,27.82493724,6566.482713176,108703.0
2117,Saint Vincent and the Grenadines,2010,74.718,25.82786722,27.70483674,6590.98957888616,109308.0
2118,Saint Vincent and the Grenadines,2009,75.083,25.72349744,27.5852845,6503.09777184322,109840.0
2119,Saint Vincent and the Grenadines,2008,75.053,25.61894894,27.46574089,6641.49587783512,110316.0
2120,Saint Vincent and the Grenadines,2007,74.703,25.51420642,27.34594112,6439.00839769966,110824.0
2121,Saint Vincent and the Grenadines,2006,74.017,25.40949901,27.22551521,5775.0917474952,111427.0
2122,Saint Vincent and the Grenadines,2005,73.516,25.30437304,27.10378262,5176.12814656807,112043.0
2123,Saint Vincent and the Grenadines,2004,73.035,25.19923359,26.98086896,4883.31366497216,112608.0
2124,Saint Vincent and the Grenadines,2003,72.352,25.09364916,26.85650694,4500.92733395418,113108.0
2125,Saint Vincent and the Grenadines,2002,72.168,24.98770507,26.73016911,4299.37286779949,113450.0
2126,Saint Vincent and the Grenadines,2001,71.938,24.88188206,26.60162527,4066.07063765132,113641.0
2127,Saint Vincent and the Grenadines,2000,71.377,24.77614308,26.47058124,3760.08045686378,113813.0
2128,Samoa,2015,72.515,30.53673108,34.20507181,4048.46711296568,203571.0
2129,Samoa,2014,72.463,30.44420998,34.07160416,3948.72802229336,201757.0
2130,Samoa,2013,72.391,30.35239874,33.93900197,3989.89859047662,199939.0
2131,Samoa,2012,72.167,30.26179262,33.80677644,3902.31199231566,198124.0
2132,Samoa,2011,72.26,30.17220268,33.67510585,3789.62699537622,196351.0
2133,Samoa,2010,72.249,30.08355754,33.54390796,3494.39522455198,194672.0
2134,Samoa,2009,70.066,29.99610608,33.41314005,3250.95309678248,193176.0
2135,Samoa,2008,72.155,29.90881294,33.28249356,3344.05455878019,191787.0
2136,Samoa,2007,72.1,29.82346571,33.15197686,3011.10080866752,190478.0
2137,Samoa,2006,72.021,29.73978781,33.02060428,2639.80566895345,189379.0
2138,Samoa,2005,71.754,29.65784798,32.88755114,2527.76283841797,188626.0
2139,Samoa,2004,71.696,29.57700967,32.75154458,2168.02818637954,188073.0
2140,Samoa,2003,71.496,29.49744413,32.61195577,1778.84223441507,187440.0
2141,Samoa,2002,71.276,29.41865759,32.46887633,1509.8865895728,186630.0
2142,Samoa,2001,71.019,29.33966222,32.32212562,1435.3451812614,185530.0
2143,Samoa,2000,70.746,29.25907079,32.17143485,1406.76568300557,184008.0
2144,Sao Tome and Principe,2015,67.249,23.93923179,25.69329216,1292.73305546523,201124.0
2145,Sao Tome and Principe,2014,66.845,23.89779704,25.62299345,1484.17010509944,197497.0
2146,Sao Tome and Principe,2013,66.328,23.85581616,25.55060926,1378.23019340903,193757.0
2147,Sao Tome and Principe,2012,65.746,23.81296243,25.47619847,1207.70070239994,189924.0
2148,Sao Tome and Principe,2011,64.902,23.76718316,25.39846167,1217.21206404444,186044.0
2149,Sao Tome and Principe,2010,65.249,23.71576882,25.31593702,1043.28142666295,182138.0
2150,Sao Tome and Principe,2009,65.116,23.65763219,25.22838014,1126.53858479155,178128.0
2151,Sao Tome and Principe,2008,65.079,23.59158624,25.13521602,1080.55656768454,174004.0
2152,Sao Tome and Principe,2007,64.724,23.51738922,25.03582556,878.135469920286,169845.0
2153,Sao Tome and Principe,2006,64.398,23.43619628,24.92977783,861.518202332935,165725.0
2154,Sao Tome and Principe,2005,63.709,23.34860469,24.81759235,843.955111272836,161680.0
2155,Sao Tome and Principe,2004,63.731,23.25578843,24.69886442,726.597740707697,157697.0
2156,Sao Tome and Principe,2003,63.166,23.15878044,24.57365274,663.920663905382,153762.0
2157,Sao Tome and Principe,2002,62.6,23.05882774,24.44269288,568.409673438844,149841.0
2158,Sao Tome and Principe,2001,62.032,22.95729943,24.30744874,519.295582995766,146258.0
2159,Sao Tome and Principe,2000,61.655,22.85464387,24.16853134,530.208572722679,143714.0
2160,Saudi Arabia,2015,76.918,28.06040105,29.45741901,20442.3625620084,32749848.0
2161,Saudi Arabia,2014,76.757,27.98108105,29.40859023,23862.7986941075,32125564.0
2162,Saudi Arabia,2013,76.626,27.90140381,29.36055584,23945.511989974,31482498.0
2163,Saudi Arabia,2012,76.461,27.82252256,29.31288607,24069.1994773483,30821543.0
2164,Saudi Arabia,2011,76.234,27.74317755,29.26619499,22441.5741087607,30150945.0
2165,Saudi Arabia,2010,75.763,27.66454599,29.22029403,17958.9444813361,29411929.0
2166,Saudi Arabia,2009,75.431,27.58762401,29.17450291,15064.6301357458,28483797.0
2167,Saudi Arabia,2008,75.274,27.51314877,29.12914581,18944.859586127,27437353.0
2168,Saudi Arabia,2007,75.046,27.44282649,29.08501397,15756.190842884,26400068.0
2169,Saudi Arabia,2006,74.81,27.37794137,29.04354629,14848.6019709886,25382870.0
2170,Saudi Arabia,2005,74.588,27.31601351,29.00192081,13462.7593043046,24397644.0
2171,Saudi Arabia,2004,74.153,27.25524424,28.95703221,10935.0111087595,23661808.0
2172,Saudi Arabia,2003,73.628,27.19394043,28.90777836,9321.80724676438,23150847.0
2173,Saudi Arabia,2002,73.337,27.13201609,28.854627,8380.95692744295,22623415.0
2174,Saudi Arabia,2001,72.974,27.06929074,28.79685051,8337.3264488897,22085929.0
2175,Saudi Arabia,2000,72.467,27.0050573,28.73479662,8795.26166896934,21547390.0
2176,Senegal,2015,66.879,21.8800931,24.08631639,1238.12639978389,14356181.0
2177,Senegal,2014,66.452,21.857323,24.03920904,1417.094987474,13970308.0
2178,Senegal,2013,66.072,21.83516972,23.99146131,1391.5321896037,13595566.0
2179,Senegal,2012,65.457,21.81402569,23.94345279,1334.72591526235,13231833.0
2180,Senegal,2011,65.262,21.79142854,23.89433686,1383.53911649626,12875880.0
2181,Senegal,2010,64.615,21.76540772,23.84239695,1286.60496647046,12530121.0
2182,Senegal,2009,63.923,21.7351569,23.78797337,1323.9712258938,12195029.0
2183,Senegal,2008,63.242,21.69833955,23.72947172,1419.5309032462,11872929.0
2184,Senegal,2007,62.543,21.65439622,23.66634783,1210.16749782982,11563869.0
2185,Senegal,2006,61.75,21.60411238,23.59793183,1038.57909197327,11263387.0
2186,Senegal,2005,60.915,21.54903047,23.52449946,1003.18719302616,10974057.0
2187,Senegal,2004,60.027,21.49054811,23.44567772,941.873792468596,10698691.0
2188,Senegal,2003,59.122,21.42812927,23.36050987,840.358254037001,10434504.0
2189,Senegal,2002,58.231,21.36324846,23.26996154,688.187479533694,10180950.0
2190,Senegal,2001,57.564,21.29719945,23.17524732,654.840727365959,9938027.0
2191,Senegal,2000,56.943,21.23035447,23.07777973,619.642123524918,9704287.0
2192,Serbia,2015,75.2878048780488,26.7182548,25.69741733,5588.9794435877,7095383.0
2193,Serbia,2014,75.3365853658537,26.64870988,25.65644044,6600.05621129155,7130576.0
2194,Serbia,2013,75.1853658536585,26.58132138,25.61557744,6755.07367461629,7164132.0
2195,Serbia,2012,74.8365853658537,26.51604073,25.57495929,6015.94522756969,7199077.0
2196,Serbia,2011,74.5365853658537,26.45245454,25.53396959,6809.15980400146,7234099.0
2197,Serbia,2010,74.3365853658537,26.38926835,25.49302948,5735.42285659849,7291436.0
2198,Serbia,2009,73.9853658536585,26.32590133,25.45197208,6169.11419477823,7320807.0
2199,Serbia,2008,73.8853658536585,26.26140485,25.40989504,7101.04014116862,7350222.0
2200,Serbia,2007,73.6317073170732,26.19524163,25.36750249,5848.47640545105,7381579.0
2201,Serbia,2006,73.3853658536585,26.12728546,25.32525688,4382.61727851692,7411569.0
2202,Serbia,2005,72.8341463414634,26.05865999,25.28335735,3720.47915467431,7440769.0
2203,Serbia,2004,72.6829268292683,25.98938699,25.24250553,3502.80292389567,7463157.0
2204,Serbia,2003,72.4365853658537,25.92044138,25.20320971,3005.42635224484,7480591.0
2205,Serbia,2002,72.2853658536585,25.85241655,25.16575552,2283.84668494941,7496522.0
2206,Serbia,2001,72.2341463414634,25.78496132,25.13033701,1727.2822281985,7503433.0
2207,Serbia,2000,71.5829268292683,25.71859476,25.09724359,914.785719885861,7516346.0
2208,Seychelles,2015,74.2951219512195,25.59593808,28.15282939,15333.1051727105,93419.0
2209,Seychelles,2014,73.2292682926829,25.51098977,28.06677419,15188.1902175113,91359.0
2210,Seychelles,2013,73.119512195122,25.42585245,27.98033832,14821.2921476077,89949.0
2211,Seychelles,2012,74.2756097560976,25.34141836,27.8941573,12337.1554669388,88303.0
2212,Seychelles,2011,72.7243902439024,25.25762193,27.80855097,12110.0937461973,87441.0
2213,Seychelles,2010,73.1975609756098,25.17441627,27.72372655,10934.79494629,89770.0
2214,Seychelles,2009,73.0829268292683,25.09173288,27.63994968,9747.09180546291,87298.0
2215,Seychelles,2008,73.1634146341463,25.00781609,27.5564576,11265.4376270005,86956.0
2216,Seychelles,2007,73.1439024390244,24.92204098,27.4722771,12669.3026687222,85033.0
2217,Seychelles,2006,72.2170731707317,24.83444795,27.38700925,12782.9938926475,84600.0
2218,Seychelles,2005,72.1317073170732,24.74494316,27.29993218,11802.1118276833,82858.0
2219,Seychelles,2004,72.6609756097561,24.65370941,27.21088949,10827.671636033,82475.0
2220,Seychelles,2003,71.0292682926829,24.55962516,27.11861964,9070.28460757013,82781.0
2221,Seychelles,2002,71.0878048780488,24.4650008,27.02367498,8864.16919495467,83723.0
2222,Seychelles,2001,73.2536585365854,24.36941406,26.92726608,8153.2986369879,81202.0
2223,Seychelles,2000,72.7780487804878,24.27291875,26.82959215,8063.65500575169,81131.0
2224,Sierra Leone,2015,57.189,21.90734103,23.54931547,581.293411814954,7314773.0
2225,Sierra Leone,2014,56.393,21.90357485,23.5147628,702.338587730146,7140688.0
2226,Sierra Leone,2013,56.313,21.9001137,23.47978915,706.452681507398,6964859.0
2227,Sierra Leone,2012,55.451,21.89727813,23.44453937,558.179723315125,6788587.0
2228,Sierra Leone,2011,54.62,21.89261908,23.40762249,443.451842171273,6612385.0
2229,Sierra Leone,2010,53.693,21.88365066,23.36691551,400.540743708337,6436698.0
2230,Sierra Leone,2009,52.626,21.86918796,23.32250766,386.433868490557,6259842.0
2231,Sierra Leone,2008,51.526,21.84664333,23.2724654,402.553405463525,6090860.0
2232,Sierra Leone,2007,50.365,21.81551149,23.21644424,358.077315538609,5939163.0
2233,Sierra Leone,2006,49.323,21.77733622,23.15433104,320.514410808579,5809774.0
2234,Sierra Leone,2005,48.237,21.73271353,23.08681021,286.28590628988,5683334.0
2235,Sierra Leone,2004,47.577,21.68270231,23.01362178,258.473168803963,5533329.0
2236,Sierra Leone,2003,46.963,21.62759481,22.93429527,255.972618578875,5350907.0
2237,Sierra Leone,2002,46.359,21.56930262,22.84956329,240.507519306305,5140113.0
2238,Sierra Leone,2001,45.661,21.50918177,22.76027649,221.2950856188,4857096.0
2239,Sierra Leone,2000,45.05,21.44710791,22.66824574,138.713941615327,4584067.0
2240,Singapore,2015,82.7439024390244,24.35347984,23.15619575,55645.6068614606,5535002.0
2241,Singapore,2014,82.4951219512195,24.305316,23.16981116,57564.8023114977,5469724.0
2242,Singapore,2013,82.2463414634147,24.25784717,23.18388652,56967.4257940383,5399162.0
2243,Singapore,2012,81.9951219512195,24.21109683,23.19846219,55547.5553077786,5312437.0
2244,Singapore,2011,81.7439024390244,24.1649395,23.21363709,53891.4570264372,5183688.0
2245,Singapore,2010,81.5414634146342,24.12050508,23.22985639,47236.683084953,5076732.0
2246,Singapore,2009,81.2414634146342,24.07699674,23.24700518,38926.8054365453,4987573.0
2247,Singapore,2008,80.790243902439,24.03441955,23.26463639,40008.5720489092,4839396.0
2248,Singapore,2007,80.4414634146342,23.99260702,23.28372953,39432.8860198877,4588599.0
2249,Singapore,2006,80.1414634146341,23.95137127,23.30424806,33768.4528234651,4401365.0
2250,Singapore,2005,79.990243902439,23.91084998,23.32574328,29961.3172812732,4265762.0
2251,Singapore,2004,79.490243902439,23.8699784,23.34770339,27608.080013423,4166664.0
2252,Singapore,2003,79.0390243902439,23.8288357,23.36976625,23730.3840054566,4114826.0
2253,Singapore,2002,78.5512195121951,23.78721223,23.39197907,22159.8373710639,4175950.0
2254,Singapore,2001,78.2512195121951,23.74476067,23.41364358,21699.7414868907,4138012.0
2255,Singapore,2000,77.9512195121951,23.70188036,23.43513921,23852.8389514753,4027887.0
2256,Slovakia,2015,76.5634146341463,27.45215582,25.67360232,16390.8821748507,5423801.0
2257,Slovakia,2014,76.8121951219512,27.35761318,25.62267267,18719.9881409371,5418649.0
2258,Slovakia,2013,76.4121951219512,27.26549518,25.57254928,18276.0095516546,5413393.0
2259,Slovakia,2012,76.109756097561,27.17662788,25.52347192,17498.3539002594,5407579.0
2260,Slovakia,2011,75.9585365853659,27.09003705,25.47540925,18509.7402157541,5398384.0
2261,Slovakia,2010,75.1121951219512,27.00570285,25.42834912,16908.8479564876,5391428.0
2262,Slovakia,2009,74.909756097561,26.92259596,25.38279112,16597.2084581361,5386406.0
2263,Slovakia,2008,74.7048780487805,26.84019559,25.33784244,18753.5849413816,5379233.0
2264,Slovakia,2007,74.2073170731707,26.75871852,25.29425466,16106.0604446695,5374622.0
2265,Slovakia,2006,74.2048780487805,26.67816483,25.25269862,13170.7849804675,5373054.0
2266,Slovakia,2005,73.9048780487805,26.59940013,25.21365111,11690.1134689407,5372807.0
2267,Slovakia,2004,73.9585365853659,26.52283668,25.1774244,10691.4465495259,5372280.0
2268,Slovakia,2003,73.6048780487805,26.44931728,25.1444331,8731.93736824381,5373374.0
2269,Slovakia,2002,73.6048780487805,26.37909108,25.11539262,6564.69631373665,5376912.0
2270,Slovakia,2001,73.4024390243903,26.31208662,25.09027295,5722.1681828083,5378867.0
2271,Slovakia,2000,73.0512195121951,26.2481628,25.068934,5426.62428119306,5388720.0
2272,Slovenia,2015,80.7756097560976,26.68745865,26.66169011,20890.1664304173,2063531.0
2273,Slovenia,2014,81.0780487804878,26.59301134,26.58580426,24247.1733184083,2061980.0
2274,Slovenia,2013,80.3219512195122,26.50140105,26.51047493,23503.2824850255,2059953.0
2275,Slovenia,2012,80.1243902439024,26.41266263,26.43606642,22641.805122503,2057159.0
2276,Slovenia,2011,79.9707317073171,26.32612781,26.36287011,25128.0150431304,2052843.0
2277,Slovenia,2010,79.4219512195122,26.24160506,26.29097914,23532.4808545468,2048583.0
2278,Slovenia,2009,78.9707317073171,26.15820604,26.22020441,24792.1279805504,2039669.0
2279,Slovenia,2008,78.7658536585366,26.0746233,26.14941668,27595.5999653992,2021316.0
2280,Slovenia,2007,78.5609756097561,25.99077034,26.07868746,23817.8867320201,2018122.0
2281,Slovenia,2006,78.0865853658537,25.90622452,26.00874108,19672.9655554146,2006868.0
2282,Slovenia,2005,77.6121951219512,25.82191073,25.94007932,18098.9085440003,2000474.0
2283,Slovenia,2004,77.2073170731707,25.73865946,25.87292752,17233.1385611279,1997012.0
2284,Slovenia,2003,76.8585365853659,25.65719635,25.80770908,14849.0372415032,1995733.0
2285,Slovenia,2002,76.0073170731707,25.57786723,25.74509944,11777.1556578814,1994530.0
2286,Slovenia,2001,75.7585365853659,25.50050514,25.68529267,10479.7596309273,1992060.0
2287,Slovenia,2000,75.4121951219512,25.42579528,25.62846959,10201.3035366727,1988925.0
2288,Solomon Islands,2015,69.583,25.70205635,26.99404976,2134.80541826155,612660.0
2289,Solomon Islands,2014,69.234,25.59445448,26.91075115,2235.7337028278,597375.0
2290,Solomon Islands,2013,69.188,25.48817748,26.82674017,2208.0852835112,582365.0
2291,Solomon Islands,2012,69.084,25.38483763,26.74183361,2087.51788731499,567763.0
2292,Solomon Islands,2011,68.908,25.28549987,26.65685456,1921.35635220457,553721.0
2293,Solomon Islands,2010,68.732,25.19154667,26.57192487,1661.99788468931,540394.0
2294,Solomon Islands,2009,68.466,25.1034231,26.48675507,1526.15990773608,527833.0
2295,Solomon Islands,2008,68.404,25.01861158,26.40061694,1504.52749470466,516001.0
2296,Solomon Islands,2007,67.986,24.9370709,26.31245383,1377.86200603136,504619.0
2297,Solomon Islands,2006,68.09,24.85739973,26.22241819,1250.9538420042,493430.0
2298,Solomon Islands,2005,67.936,24.77924652,26.12964112,1145.86655410897,482486.0
2299,Solomon Islands,2004,67.801,24.70205159,26.03329348,991.98855103909,471785.0
2300,Solomon Islands,2003,67.644,24.62620222,25.93327643,905.582164123425,461216.0
2301,Solomon Islands,2002,67.515,24.55208494,25.83010568,768.49485066385,450760.0
2302,Solomon Islands,2001,67.364,24.47907009,25.72359537,929.866490264359,440395.0
2303,Solomon Islands,2000,67.225,24.40724459,25.61452961,976.428268952486,429978.0
2304,Somalia,2015,54.857,22.49655431,23.8901343,507.482915467098,13763906.0
2305,Somalia,2014,54.277,22.44654107,23.81007083,491.189804120491,13309235.0
2306,Somalia,2013,53.843,22.39636832,23.72906467,454.077264239248,12852485.0
2307,Somalia,2012,53.161,22.3469261,23.64809457,324.887176498939,12440326.0
2308,Somalia,2011,51.304,22.29790249,23.56701504,237.868451296558,12216837.0
2309,Somalia,2010,50.563,22.24952389,23.48624251,223.487606875311,12026649.0
2310,Somalia,2009,51.853,22.20113367,23.40634877,251.371291706029,11730037.0
2311,Somalia,2008,51.12,22.15102337,23.32632984,516.704889868189,11444870.0
2312,Somalia,2007,50.515,22.09774791,23.24553861,488.457347617805,11118092.0
2313,Somalia,2006,50.597,22.0417427,23.16385544,466.087702031569,10784973.0
2314,Somalia,2005,50.661,21.98332502,23.08045267,447.417197695496,10467292.0
2315,Somalia,2004,50.538,21.92295848,22.99515455,381.482432373381,10117354.0
2316,Somalia,2003,50.614,21.85977708,22.90716415,290.699186830303,9758281.0
2317,Somalia,2002,50.731,21.79516285,22.81701773,232.989069888272,9411103.0
2318,Somalia,2001,50.74,21.72869859,22.72553876,248.364050357273,9070747.0
2319,Somalia,2000,50.66,21.66097018,22.63227468,391.310112486964,8721465.0
2320,South Africa,2015,63.95,25.06915981,29.51261355,6204.92990145846,55876504.0
2321,South Africa,2014,63.38,25.0327793,29.43208803,6965.1378973693,54729551.0
2322,South Africa,2013,62.533,24.99641402,29.35058229,7441.23085399675,53873616.0
2323,South Africa,2012,61.846,24.96003966,29.26831291,8173.8691381716,53145033.0
2324,South Africa,2011,60.651,24.92303594,29.18449999,8737.04126942435,52443325.0
2325,South Africa,2010,58.899,24.88336562,29.09861955,8059.56279824609,51784921.0
2326,South Africa,2009,57.447,24.83920084,29.01025081,6444.18684044519,51170779.0
2327,South Africa,2008,56.022,24.78776976,28.91927012,6251.87742691265,50565812.0
2328,South Africa,2007,54.992,24.72632133,28.82522926,6662.06278541847,49996094.0
2329,South Africa,2006,54.278,24.65748582,28.72915588,6139.58161766664,49491756.0
2330,South Africa,2005,53.98,24.58383677,28.63203847,5893.18707587233,49017147.0
2331,South Africa,2004,54.043,24.50785139,28.53408528,5268.27857621702,48556071.0
2332,South Africa,2003,54.331,24.43065023,28.43608232,4095.68370023032,48104048.0
2333,South Africa,2002,55.666,24.35418694,28.3393456,2708.42333318343,47661514.0
2334,South Africa,2001,57.261,24.27891505,28.24449033,2867.47249671099,47229714.0
2335,South Africa,2000,58.47,24.20532769,28.15172881,3241.66139605189,46813266.0
2336,Spain,2015,82.8317073170732,27.1704132,25.0175129,25754.36102944,46444832.0
2337,Spain,2014,83.2292682926829,27.17871232,25.10461149,29513.6511800405,46480882.0
2338,Spain,2013,83.0780487804878,27.18633205,25.1904191,29077.1820557563,46620045.0
2339,Spain,2012,82.4268292682927,27.19248817,25.27423164,28322.9465923276,46773055.0
2340,Spain,2011,82.4756097560976,27.1950588,25.35483495,31677.9003083652,46742697.0
2341,Spain,2010,81.6268292682927,27.19141967,25.43002664,30532.4805081656,46576897.0
2342,Spain,2009,81.4756097560976,27.17939973,25.49852533,32169.5028548583,46362946.0
2343,Spain,2008,81.1756097560976,27.15753953,25.55938652,35510.7222312701,45954106.0
2344,Spain,2007,80.8731707317073,27.12543992,25.61303301,32591.3503065871,45226803.0
2345,Spain,2006,80.8219512195122,27.08356072,25.66045399,28389.0785799873,44397319.0
2346,Spain,2005,80.1707317073171,27.03191209,25.70198813,26429.1509449319,43653155.0
2347,Spain,2004,79.8707317073171,26.97209868,25.73678634,24907.0008505856,42921895.0
2348,Spain,2003,79.619512195122,26.90454391,25.76546728,21510.8362454011,42187645.0
2349,Spain,2002,79.5682926829268,26.83116013,25.78764041,17106.686576658,41431558.0
2350,Spain,2001,79.3682926829268,26.7537453,25.8037309,15369.0011599444,40850412.0
2351,Spain,2000,78.9658536585366,26.67281345,25.81388359,14749.6874248766,40567864.0
2352,Sri Lanka,2015,74.927,22.52865584,23.71384823,3990.35311739446,21336697.0
2353,Sri Lanka,2014,74.651,22.4202815,23.59159878,3885.62361617465,21239457.0
2354,Sri Lanka,2013,74.239,22.31344114,23.46970301,3643.83244664348,21131756.0
2355,Sri Lanka,2012,73.906,22.20862399,23.34892328,3351.89247576451,21017147.0
2356,Sri Lanka,2011,73.38,22.10524529,23.2298016,3248.0402104632,20859743.0
2357,Sri Lanka,2010,73.215,22.00495159,23.11350297,2836.97410911231,20668557.0
2358,Sri Lanka,2009,69.187,21.9079033,23.00037236,2053.76645085487,20482477.0
2359,Sri Lanka,2008,71.729,21.81252268,22.89025922,2007.02665500962,20285643.0
2360,Sri Lanka,2007,72.049,21.71859771,22.78338305,1611.17558723051,20078655.0
2361,Sri Lanka,2006,71.969,21.62552188,22.6794322,1423.19062070134,19870706.0
2362,Sri Lanka,2005,72.118,21.53343985,22.57783432,1240.51831220036,19673866.0
2363,Sri Lanka,2004,67.091,21.443345,22.47853039,1060.1369431645,19490431.0
2364,Sri Lanka,2003,71.373,21.35603316,22.38094601,978.168645643624,19303180.0
2365,Sri Lanka,2002,71.117,21.27126323,22.2845314,865.302139114132,19110707.0
2366,Sri Lanka,2001,70.787,21.18895026,22.18827123,832.427319625871,18920275.0
2367,Sri Lanka,2000,70.355,21.10943388,22.0924775,869.753488572239,18776371.0
2368,Sudan,2015,64.659,23.24492053,26.03298075,1355.12609863281,38171178.0
2369,Sudan,2014,64.269,23.19952685,25.94270251,1338.17309570313,37003245.0
2370,Sudan,2013,63.678,23.15420429,25.85232956,1195.42028808594,35990704.0
2371,Sudan,2012,63.792,23.11005259,25.76271226,1070.33972167969,35159792.0
2372,Sudan,2011,63.246,23.06672796,25.67390742,1391.42565917969,34419624.0
2373,Sudan,2010,63.016,23.02447681,25.58595193,1356.89465332031,33739933.0
2374,Sudan,2009,62.644,22.98274592,25.49918441,1223.90344238281,32948155.0
2375,Sudan,2008,61.206,22.9387168,25.41272706,1585.58239746094,32065241.0
2376,Sudan,2007,61.256,22.89174309,25.3256765,1500.67309570313,31191163.0
2377,Sudan,2006,60.281,22.84144389,25.23796849,1179.89831542969,30332968.0
2378,Sudan,2005,57.279,22.78813149,25.14876468,945.689697265625,29540577.0
2379,Sudan,2004,56.773,22.73213584,25.05784413,737.122802734375,28831550.0
2380,Sudan,2003,58.2,22.67227691,24.96362862,607.00634765625,28188977.0
2381,Sudan,2002,58.976,22.6102353,24.86637336,529.451965332031,27570318.0
2382,Sudan,2001,58.562,22.5448214,24.76618693,471.372772216797,26947253.0
2383,Sudan,2000,58.319,22.47587335,24.66261582,378.157501220703,26298773.0
2384,Suriname,2015,70.8,25.43768437,27.83736595,8907.83725830091,575475.0
2385,Suriname,2014,69.782,25.37849456,27.75755187,9199.17789329145,569682.0
2386,Suriname,2013,69.682,25.31962607,27.67791919,9124.54109297075,563947.0
2387,Suriname,2012,69.764,25.26023392,27.59852557,8922.95618613502,558111.0
2388,Suriname,2011,69.914,25.20008528,27.51970407,8009.25230244723,552146.0
2389,Suriname,2010,69.894,25.13897632,27.44154626,7999.50739437676,546080.0
2390,Suriname,2009,69.505,25.07749553,27.36458121,7176.85765780579,539987.0
2391,Suriname,2008,68.816,25.01504276,27.2880272,6616.8151257419,533938.0
2392,Suriname,2007,68.204,24.95104322,27.2112525,5562.33406798787,527946.0
2393,Suriname,2006,67.571,24.88558645,27.13385517,5031.15846462469,522023.0
2394,Suriname,2005,67.002,24.81837737,27.05522042,3474.12033122968,516220.0
2395,Suriname,2004,66.416,24.74926153,26.97502344,2906.72527754218,510572.0
2396,Suriname,2003,65.596,24.67881067,26.89385648,2529.25942161,503780.0
2397,Suriname,2002,65.531,24.60762996,26.81098912,2206.27290975194,495666.0
2398,Suriname,2001,65.482,24.53603481,26.72599866,1711.71446057638,487394.0
2399,Suriname,2000,65.508,24.46405845,26.63918886,1978.44661083547,478998.0
2400,Sweden,2015,82.2048780487805,26.81740635,25.4199498,51545.4836095322,9799186.0
2401,Sweden,2014,82.2536585365854,26.77155627,25.37967944,60020.3604576572,9696110.0
2402,Sweden,2013,81.9560975609756,26.72567076,25.3395469,61126.9431963979,9600379.0
2403,Sweden,2012,81.7048780487805,26.67872928,25.29899876,58037.8213192173,9519374.0
2404,Sweden,2011,81.8024390243903,26.62928896,25.25824231,60755.7595508465,9449213.0
2405,Sweden,2010,81.4512195121951,26.57581968,25.21631913,52869.0442891587,9378126.0
2406,Sweden,2009,81.3512195121951,26.51718551,25.17269164,46946.9602719954,9298515.0
2407,Sweden,2008,81.1,26.45296507,25.12712035,56152.552340314,9219637.0
2408,Sweden,2007,80.9,26.38425726,25.08019184,53700.0053363063,9148092.0
2409,Sweden,2006,80.7487804878049,26.31020047,25.03216077,46593.6021646111,9080505.0
2410,Sweden,2005,80.5463414634146,26.23107731,24.98344058,43437.0631164776,9029572.0
2411,Sweden,2004,80.4975609756098,26.14801175,24.93365099,42821.6731423358,8993531.0
2412,Sweden,2003,80.0951219512195,26.06032491,24.88220481,37321.7979047059,8958229.0
2413,Sweden,2002,79.8463414634146,25.96856394,24.82848204,29899.1952495081,8924958.0
2414,Sweden,2001,79.7951219512195,25.87287631,24.77211082,27247.857734793,8895960.0
2415,Sweden,2000,79.6439024390244,25.77360135,24.71290913,29624.9126748618,8872109.0
2416,Switzerland,2015,82.8975609756098,26.7865903,23.83783671,83806.4476003837,8282396.0
2417,Switzerland,2014,83.1975609756098,26.74050126,23.85698491,88724.9909402638,8188649.0
2418,Switzerland,2013,82.7975609756098,26.69391368,23.87618586,87304.3305813557,8089346.0
2419,Switzerland,2012,82.6975609756098,26.64597498,23.89565166,85836.2076767359,7996861.0
2420,Switzerland,2011,82.6951219512195,26.59539823,23.91510068,90476.7589651577,7912398.0
2421,Switzerland,2010,82.2463414634147,26.5408866,23.93389089,76531.3729407691,7824909.0
2422,Switzerland,2009,82.0439024390244,26.48242804,23.95105436,71568.3123885672,7743831.0
2423,Switzerland,2008,81.9926829268293,26.41922853,23.96600302,74175.1927898555,7647675.0
2424,Switzerland,2007,81.7414634146342,26.35263706,23.97951698,64989.1553256031,7551117.0
2425,Switzerland,2006,81.490243902439,26.28261214,23.99176764,59011.0324592016,7483934.0
2426,Switzerland,2005,81.2365853658537,26.21086304,24.00302941,56242.8933645639,7437115.0
2427,Switzerland,2004,81.0878048780488,26.13931691,24.01297217,54659.4571488233,7389625.0
2428,Switzerland,2003,80.5365853658537,26.06824207,24.02116947,49335.7456291067,7339001.0
2429,Switzerland,2002,80.3853658536585,25.99846845,24.02767868,42458.7384679187,7284753.0
2430,Switzerland,2001,80.1804878048781,25.9307899,24.03189218,39638.7911061864,7229854.0
2431,Switzerland,2000,79.6804878048781,25.8652932,24.03394139,38865.021939688,7184250.0
2432,Syrian Arab Republic,2015,65.124,27.4658099,29.39012411,857.417884760688,19205178.0
2433,Syrian Arab Republic,2014,63.153,27.37273404,29.29897274,1071.23420366067,20072232.0
2434,Syrian Arab Republic,2013,63.827,27.27930749,29.20795894,993.739883114507,21495821.0
2435,Syrian Arab Republic,2012,66.769,27.18624052,29.11713662,1910.60452580833,22605577.0
2436,Syrian Arab Republic,2011,73.305,27.09376098,29.02678657,2971.2824338307,22730733.0
2437,Syrian Arab Republic,2010,73.881,27.00175477,28.9372798,2748.32269383475,22337563.0
2438,Syrian Arab Republic,2009,73.853,26.91124132,28.84756493,2479.0942337843,21827220.0
2439,Syrian Arab Republic,2008,73.551,26.82244809,28.7581805,2447.50716168131,21474059.0
2440,Syrian Arab Republic,2007,73.709,26.73650652,28.67013354,1954.56255659787,20703005.0
2441,Syrian Arab Republic,2006,73.35,26.65457181,28.58508287,1736.91710704256,19432009.0
2442,Syrian Arab Republic,2005,72.769,26.5739175,28.50019744,1552.93012619927,18583557.0
2443,Syrian Arab Republic,2004,72.475,26.49281198,28.41278594,1387.24512189414,18084007.0
2444,Syrian Arab Republic,2003,72.414,26.41038321,28.32125801,1239.43577575965,17611356.0
2445,Syrian Arab Republic,2002,71.939,26.32676549,28.22611713,1204.22583160339,17164021.0
2446,Syrian Arab Republic,2001,71.644,26.24110233,28.1270796,1209.77329225939,16727948.0
2447,Syrian Arab Republic,2000,70.764,26.15333826,28.02500023,1161.23708189034,16307654.0
2448,Tajikistan,2015,69.306,25.8876485,26.32647878,970.362547188452,8524063.0
2449,Tajikistan,2014,69.069,25.76860778,26.15721414,1094.43005016466,8326348.0
2450,Tajikistan,2013,68.885,25.65024472,25.98897934,1038.32078940175,8136610.0
2451,Tajikistan,2012,68.484,25.53331528,25.82256194,959.360284998425,7956382.0
2452,Tajikistan,2011,68.148,25.41684433,25.65918576,837.881555757687,7784819.0
2453,Tajikistan,2010,67.742,25.30149209,25.49904,740.276134899351,7621779.0
2454,Tajikistan,2009,68.039,25.18835753,25.34194287,666.721344206247,7468596.0
2455,Tajikistan,2008,67.688,25.07747573,25.1876814,704.650178811389,7324627.0
2456,Tajikistan,2007,67.217,24.96981011,25.03768864,517.434922622035,7188391.0
2457,Tajikistan,2006,67.013,24.86693016,24.89245807,401.026869833581,7057417.0
2458,Tajikistan,2005,66.514,24.76869545,24.75173107,333.713902749747,6929145.0
2459,Tajikistan,2004,66.028,24.67571235,24.61547294,305.266077801943,6801204.0
2460,Tajikistan,2003,65.552,24.58790268,24.4831121,233.094061621536,6672492.0
2461,Tajikistan,2002,64.846,24.50499159,24.35545355,186.663398474384,6541755.0
2462,Tajikistan,2001,64.057,24.4269124,24.23251706,168.638569608762,6408810.0
2463,Tajikistan,2000,63.26,24.35368944,24.11490721,137.18190923442,6272998.0
2464,Thailand,2015,77.717,23.8869609,25.01374045,5708.79409105798,70294397.0
2465,Thailand,2014,77.415,23.77194622,24.91351526,5822.37778295314,69960943.0
2466,Thailand,2013,77.083,23.65742419,24.81089639,6041.13394794203,69578602.0
2467,Thailand,2012,76.772,23.54361757,24.70696712,5748.63272062158,69157023.0
2468,Thailand,2011,76.421,23.43045424,24.60202273,5396.64358573682,68712846.0
2469,Thailand,2010,76.131,23.31865991,24.49732801,4996.37209760091,68270489.0
2470,Thailand,2009,75.842,23.20890326,24.39336338,4154.18744707842,67813654.0
2471,Thailand,2008,75.492,23.1004176,24.29053675,4327.79747040393,67328239.0
2472,Thailand,2007,75.187,22.99405767,24.19005978,3934.69090919863,66826754.0
2473,Thailand,2006,74.938,22.88956958,24.09239741,3343.78595174831,66319525.0
2474,Thailand,2005,73.82,22.78766415,23.99765606,2876.24577293139,65821360.0
2475,Thailand,2004,73.08,22.68945803,23.9067428,2647.26073263886,65311166.0
2476,Thailand,2003,73.155,22.59520728,23.81867038,2350.84549582551,64776956.0
2477,Thailand,2002,72.93,22.50464508,23.73384513,2091.17890312133,64222580.0
2478,Thailand,2001,72.613,22.41778758,23.65241648,1889.97141079834,63649892.0
2479,Thailand,2000,72.316,22.33488994,23.57493254,2004.10705891031,63066603.0
2480,The former Yugoslav republic of Macedonia,2015,75.4024390243902,27.37197913,26.339085,5262.68671928674,1912430.0
2481,The former Yugoslav republic of Macedonia,2014,75.4512195121951,27.26846828,26.27608346,5925.38592218015,1917557.0
2482,The former Yugoslav republic of Macedonia,2013,75.4,27.16794588,26.21397518,5626.26115664893,1922716.0
2483,The former Yugoslav republic of Macedonia,2012,74.9024390243903,27.07092936,26.15291901,5049.8265386157,1929821.0
2484,The former Yugoslav republic of Macedonia,2011,75.1,26.97701038,26.09336683,5416.86672931659,1937398.0
2485,The former Yugoslav republic of Macedonia,2010,74.9975609756098,26.88609795,26.03534916,4833.36586759968,1946298.0
2486,The former Yugoslav republic of Macedonia,2009,74.4463414634146,26.79722778,25.97877358,4799.78722768888,1958782.0
2487,The former Yugoslav republic of Macedonia,2008,74.4,26.70875072,25.92281314,5026.4202989873,1971493.0
2488,The former Yugoslav republic of Macedonia,2007,73.8,26.62028991,25.86795647,4204.11328760452,1982933.0
2489,The former Yugoslav republic of Macedonia,2006,73.8951219512195,26.5321089,25.81499783,3440.4411057968,1994287.0
2490,The former Yugoslav republic of Macedonia,2005,73.6975609756098,26.44562968,25.76414377,3120.98401394233,2005330.0
2491,The former Yugoslav republic of Macedonia,2004,73.5975609756098,26.36128564,25.71652851,2818.5814561242,2016186.0
2492,The former Yugoslav republic of Macedonia,2003,73.2414634146342,26.2788403,25.67148218,2445.36286400013,2022725.0
2493,The former Yugoslav republic of Macedonia,2002,73.0390243902439,26.19850143,25.62885325,1989.13537265159,2020157.0
2494,The former Yugoslav republic of Macedonia,2001,73.4365853658537,26.12002714,25.58906386,1823.02267682636,2034882.0
2495,The former Yugoslav republic of Macedonia,2000,72.9463414634147,26.04377508,25.55207259,1861.89899780644,2026350.0
2496,Timor-Leste,2015,67.137,21.25271138,21.265804,1322.9290943123,1205813.0
2497,Timor-Leste,2014,66.787,21.14759478,21.15979546,1221.72396039938,1184830.0
2498,Timor-Leste,2013,66.44,21.04391808,21.05311415,1201.60250698417,1161555.0
2499,Timor-Leste,2012,66.081,20.94168127,20.94714799,1020.11029502248,1137676.0
2500,Timor-Leste,2011,65.697,20.84122634,20.84206908,936.708967668665,1112976.0
2501,Timor-Leste,2010,65.304,20.74457352,20.73930761,810.21648418078,1088486.0
2502,Timor-Leste,2009,64.854,20.65275617,20.64036786,682.224787431725,1065540.0
2503,Timor-Leste,2008,64.329,20.56366679,20.54472714,621.741464667963,1043076.0
2504,Timor-Leste,2007,63.723,20.47741716,20.4532755,532.485417349283,1019362.0
2505,Timor-Leste,2006,63.073,20.39391295,20.36544253,456.27269838844,994564.0
2506,Timor-Leste,2005,62.328,20.31317133,20.28130911,476.902713571364,969313.0
2507,Timor-Leste,2004,61.628,20.23578637,20.20092674,465.937764604028,945989.0
2508,Timor-Leste,2003,60.871,20.16104673,20.12167591,529.219797544245,926721.0
2509,Timor-Leste,2002,60.148,20.08813912,20.04323468,516.089899399652,909639.0
2510,Timor-Leste,2001,59.362,20.01703183,19.96461179,534.650577099018,893001.0
2511,Timor-Leste,2000,58.568,19.94813751,19.88621659,417.737943440047,878360.0
2512,Togo,2015,59.396,22.55156833,24.52094971,770.143807374741,7473229.0
2513,Togo,2014,58.853,22.51356496,24.39914825,877.192960614182,7288383.0
2514,Togo,2013,58.684,22.47564228,24.27642293,847.387971492068,7106229.0
2515,Togo,2012,58.073,22.4380493,24.1529611,781.554774938264,6926635.0
2516,Togo,2011,57.925,22.39853642,24.02814229,803.482843203911,6748672.0
2517,Togo,2010,57.304,22.35480514,23.90059001,722.22980143562,6571855.0
2518,Togo,2009,57.011,22.30604396,23.7696875,737.954113281057,6398624.0
2519,Togo,2008,56.695,22.25065253,23.63490855,735.855830207409,6222482.0
2520,Togo,2007,56.511,22.18843003,23.49619556,621.734921738499,6047537.0
2521,Togo,2006,56.222,22.12005492,23.35332888,565.334021390162,5874240.0
2522,Togo,2005,55.962,22.04632057,23.20664188,564.099744507547,5711597.0
2523,Togo,2004,55.569,21.96847725,23.05584354,573.483645875891,5565218.0
2524,Togo,2003,55.639,21.88663279,22.90079354,551.186773612819,5421001.0
2525,Togo,2002,55.311,21.80293988,22.74244352,456.34416195294,5281538.0
2526,Togo,2001,54.86,21.71852364,22.58207266,406.865957151676,5145426.0
2527,Togo,2000,54.742,21.63427427,22.42070161,420.693695681975,5008035.0
2528,Tonga,2015,70.607,30.68186392,33.93245732,4117.93104694205,106122.0
2529,Tonga,2014,70.54,30.64034768,33.85631037,4125.42545363426,106626.0
2530,Tonga,2013,70.505,30.59942778,33.78030105,4208.18789083239,107089.0
2531,Tonga,2012,70.442,30.55959595,33.70423315,4378.57152827537,107502.0
2532,Tonga,2011,70.381,30.52101608,33.62845765,3852.14446192581,107611.0
2533,Tonga,2010,70.323,30.48342433,33.55297577,3416.11069898939,107383.0
2534,Tonga,2009,70.012,30.44757041,33.477252,2915.49390389952,107144.0
2535,Tonga,2008,70.164,30.41309028,33.40112094,3221.08051916885,106932.0
2536,Tonga,2007,70.048,30.38135826,33.32472401,2799.36818151897,106638.0
2537,Tonga,2006,69.894,30.35207274,33.24711258,2751.96028250318,106190.0
2538,Tonga,2005,69.768,30.32441037,33.16728563,2478.42704686749,105633.0
2539,Tonga,2004,69.67,30.29721966,33.08369933,2195.98639734304,105036.0
2540,Tonga,2003,69.495,30.26971966,32.99519998,1937.04234475148,104410.0
2541,Tonga,2002,69.335,30.24184954,32.90246991,1760.66703430023,103804.0
2542,Tonga,2001,69.127,30.2124967,32.80563651,1754.84187972624,103210.0
2543,Tonga,2000,68.978,30.18022128,32.70430872,1996.51557758043,102603.0
2544,Trinidad and Tobago,2015,74.503,26.68688008,28.75147012,18508.770502876,1460177.0
2545,Trinidad and Tobago,2014,74.215,26.5989204,28.62203083,20473.404028045,1450661.0
2546,Trinidad and Tobago,2013,73.962,26.51140121,28.49297357,19927.4039046998,1440729.0
2547,Trinidad and Tobago,2012,73.716,26.4235186,28.36448983,19110.0538950806,1430377.0
2548,Trinidad and Tobago,2011,73.278,26.33541321,28.23703753,17910.319154168,1420020.0
2549,Trinidad and Tobago,2010,72.725,26.2473322,28.11078852,15711.5587055513,1410296.0
2550,Trinidad and Tobago,2009,73.126,26.15988149,27.98633852,13682.76361003,1401191.0
2551,Trinidad and Tobago,2008,71.47,26.07247953,27.86314538,20011.1482740497,1392803.0
2552,Trinidad and Tobago,2007,71.652,25.98461505,27.74035437,15627.2868179082,1384861.0
2553,Trinidad and Tobago,2006,71.256,25.89616491,27.61773311,13340.916273498,1376919.0
2554,Trinidad and Tobago,2005,71.308,25.80670233,27.49450197,11673.7815403674,1369075.0
2555,Trinidad and Tobago,2004,71.076,25.7157707,27.36994178,9756.50037102982,1361172.0
2556,Trinidad and Tobago,2003,69.729,25.62304889,27.24287877,8352.46315761855,1353548.0
2557,Trinidad and Tobago,2002,70.488,25.52848644,27.11298757,6692.80435504512,1345964.0
2558,Trinidad and Tobago,2001,69.646,25.43164479,26.97924198,6592.77664795341,1338567.0
2559,Trinidad and Tobago,2000,69.102,25.3324738,26.84136155,6120.94270389706,1332203.0
2560,Tunisia,2015,75.692,25.62332822,27.25051704,3960.92484913663,11557779.0
2561,Tunisia,2014,75.65,25.52015541,27.19408847,4398.63869540854,11428948.0
2562,Tunisia,2013,75.65,25.41668188,27.13807863,4308.33830494463,11300284.0
2563,Tunisia,2012,75.55,25.31363214,27.08273091,4233.9162540494,11174383.0
2564,Tunisia,2011,75.46,25.21088009,27.02840997,4361.94912218432,11032528.0
2565,Tunisia,2010,75.421,25.10900545,26.97516727,4241.01190951928,10895063.0
2566,Tunisia,2009,75.267,25.0085147,26.92246296,4029.46120631103,10784504.0
2567,Tunisia,2008,75.185,24.90979194,26.87023989,4200.17264387775,10680380.0
2568,Tunisia,2007,75.072,24.81366905,26.81907785,3678.06247940242,10580395.0
2569,Tunisia,2006,74.921,24.72090587,26.76986485,3279.10281991951,10483558.0
2570,Tunisia,2005,74.764,24.62926807,26.71993525,3106.57663000034,10388344.0
2571,Tunisia,2004,74.49,24.53633048,26.66631791,3029.84876850628,10292225.0
2572,Tunisia,2003,74.305,24.44223558,26.60845496,2693.19661439857,10193798.0
2573,Tunisia,2002,74.059,24.34734813,26.54629985,2292.48370528686,10094561.0
2574,Tunisia,2001,73.816,24.25121924,26.4793309,2207.65992062952,9995123.0
2575,Tunisia,2000,73.69,24.1537495,26.40772402,2170.50867078119,9893316.0
2576,Turkey,2015,76.646,27.19483759,28.87773829,11049.9951100942,78218479.0
2577,Turkey,2014,76.565,27.11437311,28.81208331,12165.220135038,77181884.0
2578,Turkey,2013,76.297,27.03323101,28.74596291,12578.1878632,76147624.0
2579,Turkey,2012,75.678,26.95256187,28.67939375,11713.2849831139,75175827.0
2580,Turkey,2011,74.941,26.87222429,28.61226418,11300.7852215681,74223629.0
2581,Turkey,2010,75.069,26.79225839,28.54509247,10622.7020439723,73142150.0
2582,Turkey,2009,74.765,26.71342209,28.47624171,9012.99945793034,72039206.0
2583,Turkey,2008,74.45,26.63471414,28.40690037,10843.5036940489,71051678.0
2584,Turkey,2007,74.193,26.55663979,28.33867066,9711.22376120832,70158112.0
2585,Turkey,2006,73.845,26.47942776,28.27369284,8003.81449265461,69601333.0
2586,Turkey,2005,73.534,26.40018586,28.20813648,7369.43188923286,68704715.0
2587,Turkey,2004,73.24,26.31662493,28.13919271,6031.79136735234,67785075.0
2588,Turkey,2003,72.89,26.22760722,28.06505321,4704.77266342301,66867327.0
2589,Turkey,2002,72.579,26.13489947,27.98696569,3640.76283635427,65988663.0
2590,Turkey,2001,72.231,26.03950734,27.90510293,3100.45899923828,65072018.0
2591,Turkey,2000,71.861,25.94141109,27.82093649,4278.26311284951,64113547.0
2592,Turkmenistan,2015,68.782,26.56331809,26.66865309,6208.2966545016,5766431.0
2593,Turkmenistan,2014,68.614,26.44360218,26.53409925,7685.50985852327,5663152.0
2594,Turkmenistan,2013,68.74,26.32392597,26.39929876,7049.79750519535,5560095.0
2595,Turkmenistan,2012,68.722,26.20505993,26.26452242,6441.88661774322,5458682.0
2596,Turkmenistan,2011,68.567,26.08671914,26.13104713,5453.15500459414,5360811.0
2597,Turkmenistan,2010,68.293,25.96909505,25.99873712,4286.88050515414,5267970.0
2598,Turkmenistan,2009,67.958,25.85298624,25.86811946,3901.67028309872,5180957.0
2599,Turkmenistan,2008,67.407,25.73893045,25.73856458,3778.6685390822,5100083.0
2600,Turkmenistan,2007,66.895,25.62778565,25.61118623,2520.28502555268,5024894.0
2601,Turkmenistan,2006,66.499,25.52089684,25.48641495,2074.40738939883,4954029.0
2602,Turkmenistan,2005,66.068,25.41798566,25.36375019,1658.67277890821,4885775.0
2603,Turkmenistan,2004,66.075,25.31889292,25.24279803,1418.80626559546,4819792.0
2604,Turkmenistan,2003,65.746,25.22327244,25.1229634,1256.03186702755,4758988.0
2605,Turkmenistan,2002,65.385,25.13099738,25.00432119,949.576398205626,4698968.0
2606,Turkmenistan,2001,65.156,25.04159113,24.88679082,762.610797622974,4635094.0
2607,Turkmenistan,2000,65.026,24.95526335,24.77077011,635.714466332445,4569132.0
2608,Uganda,2015,61.086,21.53710939,23.24687818,864.180059289672,37477356.0
2609,Uganda,2014,60.408,21.462747,23.14806897,897.50972863557,36336539.0
2610,Uganda,2013,59.763,21.38846255,23.04845721,819.757867338416,35273570.0
2611,Uganda,2012,58.817,21.3152107,22.94933251,796.711139410077,34273295.0
2612,Uganda,2011,57.965,21.24341876,22.85089592,837.095884208132,33295738.0
2613,Uganda,2010,57.055,21.17353728,22.75379746,824.73767112214,32341728.0
2614,Uganda,2009,56.488,21.1056548,22.65846402,799.929632091229,31412520.0
2615,Uganda,2008,55.823,21.03811927,22.56423991,473.302833431521,30509862.0
2616,Uganda,2007,55.236,20.96978196,22.47047477,401.709187643744,29629804.0
2617,Uganda,2006,54.369,20.90127156,22.37718885,346.768462326785,28773227.0
2618,Uganda,2005,52.976,20.83286055,22.28431236,330.602854382722,27946588.0
2619,Uganda,2004,51.547,20.76469216,22.19121218,292.472665588666,27146084.0
2620,Uganda,2003,50.368,20.69578219,22.09627896,250.690588410025,26354736.0
2621,Uganda,2002,49.648,20.62771448,21.9999108,241.868930237494,25545090.0
2622,Uganda,2001,49.006,20.55986768,21.90269565,235.852974853568,24763325.0
2623,Uganda,2000,48.342,20.49192105,21.80451123,257.829605739453,24020697.0
2624,Ukraine,2015,71.189512195122,27.00955495,26.38485599,2124.66259765625,45167350.0
2625,Ukraine,2014,71.1865853658537,26.93329141,26.36282629,3104.65380859375,45272155.0
2626,Ukraine,2013,71.159512195122,26.85731221,26.34017659,4187.73974609375,45489648.0
2627,Ukraine,2012,70.9441463414634,26.78218806,26.31681726,4004.78979492188,45593342.0
2628,Ukraine,2011,70.8092682926829,26.70741398,26.29306695,3704.84228515625,45706086.0
2629,Ukraine,2010,70.2653658536586,26.63184329,26.26785191,3078.41479492188,45870741.0
2630,Ukraine,2009,69.19,26.55470546,26.240415,2639.37817382813,46053331.0
2631,Ukraine,2008,68.2514634146342,26.47379843,26.21011147,4066.53173828125,46258189.0
2632,Ukraine,2007,68.2221951219512,26.38879759,26.17645637,3197.93432617188,46509355.0
2633,Ukraine,2006,68.0775609756098,26.30034871,26.13989179,2391.32397460938,46787786.0
2634,Ukraine,2005,67.9568292682927,26.2096835,26.10035007,1894.46008300781,47105171.0
2635,Ukraine,2004,68.1853658536585,26.11746719,26.05763211,1416.60375976563,47451626.0
2636,Ukraine,2003,68.2107317073171,26.02461215,26.01226393,1087.7880859375,47812949.0
2637,Ukraine,2002,68.2756097560976,25.9323084,25.96586512,911.906860351563,48202470.0
2638,Ukraine,2001,67.8370731707317,25.84314788,25.91971408,807.801940917969,48662400.0
2639,Ukraine,2000,67.6756097560976,25.75765791,25.87481539,658.344604492188,49176500.0
2640,United Arab Emirates,2015,79.223,28.10264628,29.57537805,41525.1389043587,8916899.0
2641,United Arab Emirates,2014,79.044,28.01677271,29.51218699,46865.9645976866,8835951.0
2642,United Arab Emirates,2013,78.853,27.93042954,29.44934274,45729.607675743,8751847.0
2643,United Arab Emirates,2012,78.716,27.84423297,29.38665574,44386.7860798374,8664969.0
2644,United Arab Emirates,2011,78.517,27.75792277,29.32428508,42078.6138116482,8575205.0
2645,United Arab Emirates,2010,78.334,27.67181155,29.26222557,35392.26096636,8481771.0
2646,United Arab Emirates,2009,78.003,27.58645222,29.19962069,31722.5887637992,7992644.0
2647,United Arab Emirates,2008,77.488,27.5022418,29.13752412,45140.7690772438,6988685.0
2648,United Arab Emirates,2007,77.129,27.42062693,29.07672327,43918.3801694265,5872624.0
2649,United Arab Emirates,2006,76.909,27.34257793,29.01824007,45339.5851165809,4898954.0
2650,United Arab Emirates,2005,76.683,27.26612644,28.95943556,42190.5543794633,4280993.0
2651,United Arab Emirates,2004,76.453,27.1886465,28.89789679,37017.736365469,3993339.0
2652,United Arab Emirates,2003,76.222,27.10982839,28.83307977,32607.3729348287,3813443.0
2653,United Arab Emirates,2002,74.901,27.03004557,28.76541364,30221.9669995136,3633655.0
2654,United Arab Emirates,2001,74.636,26.94901697,28.69499008,29909.0094348435,3454198.0
2655,United Arab Emirates,2000,74.38,26.86606879,28.62277485,31855.5006047175,3275333.0
2656,United Kingdom of Great Britain and Northern Ireland,2015,80.9560975609756,27.452503,27.12053088,44964.3911437292,65116219.0
2657,United Kingdom of Great Britain and Northern Ireland,2014,81.3048780487805,27.4298954,27.08871367,47439.6165895125,64602298.0
2658,United Kingdom of Great Britain and Northern Ireland,2013,81.0048780487805,27.40762472,27.05638944,43426.2981405143,64128273.0
2659,United Kingdom of Great Britain and Northern Ireland,2012,80.9048780487805,27.38347748,27.02335792,42497.3404974322,63700215.0
2660,United Kingdom of Great Britain and Northern Ireland,2011,80.9512195121951,27.35576851,26.98844321,42109.6418795749,63258810.0
2661,United Kingdom of Great Britain and Northern Ireland,2010,80.4024390243902,27.32199832,26.94987311,39598.957119545,62766365.0
2662,United Kingdom of Great Britain and Northern Ireland,2009,80.0512195121951,27.28023077,26.9055463,38744.131693043,62276270.0
2663,United Kingdom of Great Britain and Northern Ireland,2008,79.6,27.23012434,26.85566551,47396.1202078484,61806995.0
2664,United Kingdom of Great Britain and Northern Ireland,2007,79.4487804878049,27.17214568,26.80137111,50397.6854954706,61322463.0
2665,United Kingdom of Great Britain and Northern Ireland,2006,79.2487804878049,27.1062255,26.74182948,44512.4590296865,60846820.0
2666,United Kingdom of Great Britain and Northern Ireland,2005,79.0487804878049,27.0322719,26.67691931,42104.7884375024,60401206.0
2667,United Kingdom of Great Britain and Northern Ireland,2004,78.7463414634146,26.95080574,26.60579829,40366.8886650968,59987905.0
2668,United Kingdom of Great Britain and Northern Ireland,2003,78.4463414634146,26.8615675,26.52770238,34442.6875402308,59647577.0
2669,United Kingdom of Great Britain and Northern Ireland,2002,78.1439024390244,26.76542593,26.44251274,30077.741432188,59370479.0
2670,United Kingdom of Great Britain and Northern Ireland,2001,77.9926829268293,26.66341241,26.34985319,27906.5695029641,59119673.0
2671,United Kingdom of Great Britain and Northern Ireland,2000,77.7414634146342,26.55601653,26.25058188,28280.926786099,58892514.0
2672,United Republic of Tanzania,2015,64.651,22.37008266,24.0549663,929.7998046875,52542823.0
2673,United Republic of Tanzania,2014,63.873,22.33657621,23.94989079,1013.42877197266,50814552.0
2674,United Republic of Tanzania,2013,62.96,22.30287181,23.84342007,954.658813476563,49253643.0
2675,United Republic of Tanzania,2012,62.03,22.27043931,23.73635668,854.540466308594,47786137.0
2676,United Republic of Tanzania,2011,61.049,22.23895022,23.62938575,768.933410644531,46416031.0
2677,United Republic of Tanzania,2010,60.105,22.20815894,23.52293314,730.782348632813,45110527.0
2678,United Republic of Tanzania,2009,58.894,22.17784711,23.41794207,688.710388183594,43957933.0
2679,United Republic of Tanzania,2008,58.086,22.14583087,23.31368052,671.244445800781,42870884.0
2680,United Republic of Tanzania,2007,57.52,22.11126395,23.20983441,539.53955078125,41716497.0
2681,United Republic of Tanzania,2006,56.911,22.07404634,23.10680098,472.613342285156,40562052.0
2682,United Republic of Tanzania,2005,56.299,22.03447164,23.00405386,480.180053710938,39439505.0
2683,United Republic of Tanzania,2004,55.596,21.99315649,22.9020387,447.435882568359,38360879.0
2684,United Republic of Tanzania,2003,54.895,21.948387,22.79850189,419.420257568359,37333918.0
2685,United Republic of Tanzania,2002,53.863,21.90126146,22.69331289,400.076934814453,36353531.0
2686,United Republic of Tanzania,2001,53.161,21.85118709,22.58728877,394.217681884766,35414469.0
2687,United Republic of Tanzania,2000,52.362,21.79882716,22.48048972,399.325439453125,34463704.0
2688,United States of America,2015,78.690243902439,28.97117223,28.99665654,57040.2082136605,320738994.0
2689,United States of America,2014,78.8414634146341,28.92939724,28.92275041,55304.3155317137,318386329.0
2690,United States of America,2013,78.7414634146342,28.88799473,28.84840157,53409.7507774372,316059947.0
2691,United States of America,2012,78.7414634146342,28.84501159,28.77371996,51784.4114692048,313877662.0
2692,United States of America,2011,78.6414634146341,28.79841336,28.69826191,50065.9789470675,311583481.0
2693,United States of America,2010,78.5414634146342,28.7442759,28.62012062,48650.6643227232,309327143.0
2694,United States of America,2009,78.390243902439,28.68092622,28.5371162,47194.9500893872,306771529.0
2695,United States of America,2008,78.0390243902439,28.60709156,28.44960829,48570.0594269601,304093966.0
2696,United States of America,2007,77.9878048780488,28.52403974,28.35860352,48050.227412195,301231207.0
2697,United States of America,2006,77.6878048780488,28.43304641,28.26364178,46301.9876485519,298379912.0
2698,United States of America,2005,77.4878048780488,28.33478841,28.16483363,44123.3996470026,295516599.0
2699,United States of America,2004,77.4878048780488,28.23063532,28.06104725,41724.6411982614,292805298.0
2700,United States of America,2003,77.0365853658537,28.12022792,27.95167015,39490.3023903176,290107933.0
2701,United States of America,2002,76.9365853658537,28.00486439,27.83557814,37997.7424300242,287625193.0
2702,United States of America,2001,76.8365853658537,27.88524423,27.71194812,37133.6203973517,284968955.0
2703,United States of America,2000,76.6365853658537,27.76170662,27.58170466,36329.9702595751,282162411.0
2704,Uruguay,2015,77.483,27.40277198,27.46816369,16950.7531694816,3402818.0
2705,Uruguay,2014,77.366,27.275932,27.37758739,18131.5788465661,3391662.0
2706,Uruguay,2013,77.24,27.1492552,27.287232,18140.8922133059,3381180.0
2707,Uruguay,2012,77.111,27.02355363,27.19777424,16087.2520777973,3371133.0
2708,Uruguay,2011,76.983,26.89876176,27.10949944,14975.5628186737,3361637.0
2709,Uruguay,2010,76.858,26.77557253,27.02252434,12512.5941268441,3352651.0
2710,Uruguay,2009,76.738,26.65462774,26.93780383,9780.73961786409,3344156.0
2711,Uruguay,2008,76.623,26.5362525,26.85596617,9328.06570819932,3336126.0
2712,Uruguay,2007,76.498,26.4208724,26.77736179,7149.37463386796,3328651.0
2713,Uruguay,2006,76.362,26.30862457,26.70116487,5942.12674899064,3322282.0
2714,Uruguay,2005,76.194,26.20002001,26.62751088,5233.45717058668,3317665.0
2715,Uruguay,2004,76.007,26.09499009,26.55597731,4130.1001146777,3313801.0
2716,Uruguay,2003,75.785,25.99342969,26.48662827,3638.94359070859,3310202.0
2717,Uruguay,2002,75.54,25.89562672,26.41838992,4115.15454913195,3306441.0
2718,Uruguay,2001,75.285,25.80143607,26.35086268,6331.15660187559,3300939.0
2719,Uruguay,2000,75.025,25.71057663,26.28262286,6932.47813396337,3292224.0
2720,Uzbekistan,2015,70.475,26.35759742,27.48593148,2753.97105825798,31298900.0
2721,Uzbekistan,2014,70.234,26.22817247,27.3143648,2628.46005421254,30757700.0
2722,Uzbekistan,2013,69.99,26.09912991,27.14334633,2419.71874387996,30243200.0
2723,Uzbekistan,2012,69.874,25.9717062,26.97349828,2267.62327535512,29774500.0
2724,Uzbekistan,2011,69.649,25.84550848,26.80624054,2051.12951516418,29339400.0
2725,Uzbekistan,2010,69.235,25.72114786,26.6413468,1742.34925645077,28562400.0
2726,Uzbekistan,2009,68.871,25.59966875,26.47956507,1213.26532816388,27767400.0
2727,Uzbekistan,2008,68.765,25.48059601,26.32010792,1082.28602501699,27302800.0
2728,Uzbekistan,2007,68.292,25.36450006,26.16406828,830.407694204322,26868000.0
2729,Uzbekistan,2006,67.891,25.25349229,26.01173277,654.283837283285,26488250.0
2730,Uzbekistan,2005,67.49,25.14678364,25.86250225,546.776850185552,26167000.0
2731,Uzbekistan,2004,67.401,25.04456337,25.7165073,465.119886944025,25864350.0
2732,Uzbekistan,2003,67.04,24.94689732,25.57313564,396.377979026633,25567650.0
2733,Uzbekistan,2002,66.604,24.85373533,25.43272233,383.343067990742,25271850.0
2734,Uzbekistan,2001,66.087,24.76489678,25.29482204,456.706289511583,24964450.0
2735,Uzbekistan,2000,65.724,24.6799702,25.15975938,558.226802377,24650400.0
2736,Vanuatu,2015,69.513,25.67513029,26.9101991,2643.8868859095,276438.0
2737,Vanuatu,2014,69.465,25.63973433,26.85506582,2861.20315425441,269927.0
2738,Vanuatu,2013,69.534,25.60499856,26.79962166,2877.44452801285,263534.0
2739,Vanuatu,2012,69.497,25.57201896,26.74378169,2906.34246130818,257313.0
2740,Vanuatu,2011,69.551,25.54132086,26.68770514,3064.75120066071,251294.0
2741,Vanuatu,2010,69.617,25.51331457,26.63160794,2732.55156662187,245453.0
2742,Vanuatu,2009,69.653,25.4872091,26.57530929,2472.46356380837,239689.0
2743,Vanuatu,2008,69.602,25.46151945,26.5175565,2525.0839035439,233952.0
2744,Vanuatu,2007,69.544,25.43614368,26.45736705,2261.45929411079,228345.0
2745,Vanuatu,2006,69.462,25.4099788,26.39459192,1970.8984112702,222923.0
2746,Vanuatu,2005,69.39,25.38214544,26.32844642,1814.81782563854,217632.0
2747,Vanuatu,2004,69.313,25.35177176,26.25768485,1718.26302892176,212422.0
2748,Vanuatu,2003,69.276,25.31905718,26.18141713,1517.29444943875,207258.0
2749,Vanuatu,2002,69.196,25.28421856,26.10039222,1299.17890191232,202125.0
2750,Vanuatu,2001,69.037,25.24667238,26.0144968,1309.04758427698,197034.0
2751,Vanuatu,2000,68.966,25.20631115,25.9239831,1416.19702737102,192074.0
2752,Viet Nam,2015,73.876,21.8128405,21.80618924,2595.23484372958,92191398.0
2753,Viet Nam,2014,73.855,21.65535587,21.67052511,2558.77875834959,91235504.0
2754,Viet Nam,2013,73.775,21.49943156,21.53400493,2367.49933068934,90267739.0
2755,Viet Nam,2012,73.704,21.34604346,21.39818554,2190.2324398772,89301326.0
2756,Viet Nam,2011,73.692,21.19549844,21.26324877,1953.55714968747,88349117.0
2757,Viet Nam,2010,73.513,21.04978983,21.13099782,1684.01177184608,87411012.0
2758,Viet Nam,2009,73.498,20.91084771,21.00251547,1225.84500948487,86482923.0
2759,Viet Nam,2008,73.411,20.77690782,20.87765713,1158.10162735417,85597241.0
2760,Viet Nam,2007,73.436,20.64794298,20.75706103,913.312331601755,84762269.0
2761,Viet Nam,2006,73.319,20.52434938,20.6411135,790.592516384921,83951800.0
2762,Viet Nam,2005,73.271,20.40608766,20.52968486,693.18984250035,83142095.0
2763,Viet Nam,2004,73.135,20.29409868,20.42257361,551.903505134912,82311227.0
2764,Viet Nam,2003,72.98,20.18853522,20.31891869,485.45090806895,81475825.0
2765,Viet Nam,2002,72.801,20.08906576,20.21826679,434.810292146332,80642308.0
2766,Viet Nam,2001,72.647,19.99545254,20.11958812,409.497733926552,79817777.0
2767,Viet Nam,2000,72.462,19.90748806,20.02330698,394.583136574358,79001142.0
2768,Yemen,2015,65.873,23.64013971,24.09178764,1488.4162886442,28516545.0
2769,Yemen,2014,67.384,23.55344083,23.98507063,1557.60140563182,27753304.0
2770,Yemen,2013,67.545,23.4665589,23.87841435,1497.7479410273,26984002.0
2771,Yemen,2012,67.343,23.38049504,23.77193287,1349.99060989449,26223391.0
2772,Yemen,2011,67.419,23.29457917,23.66525107,1284.61763539287,25475610.0
2773,Yemen,2010,67.28,23.20987841,23.55850084,1249.06308529856,24743946.0
2774,Yemen,2009,67.196,23.12730962,23.45104953,1045.80557797129,24029589.0
2775,Yemen,2008,66.963,23.04802053,23.3431351,1153.5364221845,23329004.0
2776,Yemen,2007,66.565,22.97287671,23.23571711,956.230476661668,22641538.0
2777,Yemen,2006,65.988,22.90257302,23.1300453,867.83596261227,21966298.0
2778,Yemen,2005,65.543,22.83418669,23.02338707,784.757980515193,21320671.0
2779,Yemen,2004,65.006,22.7657624,22.91346517,668.854619037377,20733406.0
2780,Yemen,2003,64.541,22.69632914,22.79887958,583.369652749026,20188799.0
2781,Yemen,2002,63.906,22.62538423,22.68027751,543.900068398865,19660653.0
2782,Yemen,2001,63.222,22.55303396,22.55721547,514.692340729636,19143457.0
2783,Yemen,2000,62.588,22.47827347,22.43059599,519.591639254824,18628700.0
2784,Zambia,2015,61.208,21.39328021,23.75530099,1307.90964916032,16248230.0
2785,Zambia,2014,60.699,21.33859367,23.67527402,1724.57621968232,15737793.0
2786,Zambia,2013,59.878,21.28398494,23.5943335,1840.32055335789,15234976.0
2787,Zambia,2012,58.867,21.22990622,23.51303645,1729.64747097057,14744658.0
2788,Zambia,2011,57.771,21.17643823,23.43169313,1644.45683054452,14265814.0
2789,Zambia,2010,56.799,21.12367258,23.35030494,1469.36145002684,13792086.0
2790,Zambia,2009,55.3,21.07127535,23.26962262,1150.94174590972,13318087.0
2791,Zambia,2008,53.945,21.01779563,23.18916909,1393.51949098012,12852966.0
2792,Zambia,2007,52.739,20.96283504,23.10884747,1133.43615831521,12402073.0
2793,Zambia,2006,51.795,20.90730182,23.02914449,1065.59641685012,11971567.0
2794,Zambia,2005,50.659,20.85194802,22.95039381,720.446504729389,11564870.0
2795,Zambia,2004,49.487,20.79752534,22.87340631,556.050051613635,11188040.0
2796,Zambia,2003,48.284,20.74379046,22.79780742,452.2865820075,10837973.0
2797,Zambia,2002,46.979,20.69308169,22.72477518,399.099077873756,10508294.0
2798,Zambia,2001,46.019,20.6453526,22.65630654,401.732315892622,10191964.0
2799,Zambia,2000,45.231,20.60080782,22.59283296,364.026145370374,9891136.0
2800,Zimbabwe,2015,59.591,22.26952183,25.39340921,1410.32917348908,14154937.0
2801,Zimbabwe,2014,58.846,22.2390996,25.35622211,1407.03429109916,13855753.0
2802,Zimbabwe,2013,57.458,22.20951074,25.31994849,1408.36781031236,13555422.0
2803,Zimbabwe,2012,55.626,22.18102031,25.28484034,1290.19395746702,13265331.0
2804,Zimbabwe,2011,53.347,22.15290505,25.25040894,1082.61577325282,13025785.0
2805,Zimbabwe,2010,50.652,22.12520414,25.21625778,937.840339987372,12839771.0
2806,Zimbabwe,2009,48.063,22.09763345,25.18266355,762.297960300667,12679810.0
2807,Zimbabwe,2008,46.723,22.06778525,25.148895,351.839100544391,12550347.0
2808,Zimbabwe,2007,45.61,22.03378106,25.11425438,425.036841692684,12450568.0
2809,Zimbabwe,2006,45.364,21.99684746,25.07940925,441.498796884795,12330490.0
2810,Zimbabwe,2005,44.768,21.95826256,25.04416187,470.783761438779,12224753.0
2811,Zimbabwe,2004,44.502,21.91905543,25.00762997,477.399491040164,12160881.0
2812,Zimbabwe,2003,43.393,21.88046904,24.97106489,474.30220105818,12075828.0
2813,Zimbabwe,2002,44.565,21.84314163,24.93435675,529.186882814375,11984644.0
2814,Zimbabwe,2001,41.957,21.80630321,24.89739965,569.003208636604,11910978.0
2815,Zimbabwe,2000,44.686,21.76907377,24.859916,565.284389703613,11834676.0
