Entity,Code,Year,Mean BMI (male)
Afghanistan,AFG,2000,21.36950574
Afghanistan,AFG,2001,21.45684626
Afghanistan,AFG,2002,21.54346323
Afghanistan,AFG,2003,21.6282274
Afghanistan,AFG,2004,21.71044689
Afghanistan,AFG,2005,21.79068685
Afghanistan,AFG,2006,21.86935021
Afghanistan,AFG,2007,21.94726997
Afghanistan,AFG,2008,22.02480215
Afghanistan,AFG,2009,22.1029582
Afghanistan,AFG,2010,22.18156918
Afghanistan,AFG,2011,22.26185019
Afghanistan,AFG,2012,22.3438711
Afghanistan,AFG,2013,22.42778543
Afghanistan,AFG,2014,22.51238634
Afghanistan,AFG,2015,22.59727899
Albania,ALB,2000,25.49308165
Albania,ALB,2001,25.58343886
Albania,ALB,2002,25.67802931
Albania,ALB,2003,25.77613126
Albania,ALB,2004,25.87671391
Albania,ALB,2005,25.97969087
Albania,ALB,2006,26.08452347
Albania,ALB,2007,26.19041371
Albania,ALB,2008,26.29694754
Albania,ALB,2009,26.40341746
Albania,ALB,2010,26.50991056
Albania,ALB,2011,26.61704145
Albania,ALB,2012,26.72517754
Albania,ALB,2013,26.83524213
Albania,ALB,2014,26.94717003
Albania,ALB,2015,27.06083759
Algeria,DZA,2000,23.53687812
Algeria,DZA,2001,23.61528689
Algeria,DZA,2002,23.69203495
Algeria,DZA,2003,23.76777048
Algeria,DZA,2004,23.84326152
Algeria,DZA,2005,23.91810353
Algeria,DZA,2006,23.99328618
Algeria,DZA,2007,24.07101123
Algeria,DZA,2008,24.15330378
Algeria,DZA,2009,24.23944194
Algeria,DZA,2010,24.32793414
Algeria,DZA,2011,24.41764774
Algeria,DZA,2012,24.50780301
Algeria,DZA,2013,24.59774192
Algeria,DZA,2014,24.68790379
Algeria,DZA,2015,24.77725397
American Samoa,ASM,2000,33.55654846
American Samoa,ASM,2001,33.54555315
American Samoa,ASM,2002,33.52482326
American Samoa,ASM,2003,33.4968854
American Samoa,ASM,2004,33.46450436
American Samoa,ASM,2005,33.42977254
American Samoa,ASM,2006,33.3933362
American Samoa,ASM,2007,33.35639821
American Samoa,ASM,2008,33.32038989
American Samoa,ASM,2009,33.28521654
American Samoa,ASM,2010,33.25046616
American Samoa,ASM,2011,33.21720688
American Samoa,ASM,2012,33.1851278
American Samoa,ASM,2013,33.15407533
American Samoa,ASM,2014,33.12424455
American Samoa,ASM,2015,33.09525727
Andorra,AND,2000,27.00349421
Andorra,AND,2001,27.06797411
Andorra,AND,2002,27.13061799
Andorra,AND,2003,27.19091908
Andorra,AND,2004,27.24799903
Andorra,AND,2005,27.29948586
Andorra,AND,2006,27.34517188
Andorra,AND,2007,27.38383724
Andorra,AND,2008,27.41471644
Andorra,AND,2009,27.43791512
Andorra,AND,2010,27.45355031
Andorra,AND,2011,27.46293149
Andorra,AND,2012,27.46757086
Andorra,AND,2013,27.46988628
Andorra,AND,2014,27.47202023
Andorra,AND,2015,27.47462216
Angola,AGO,2000,21.16084534
Angola,AGO,2001,21.24756836
Angola,AGO,2002,21.3350444
Angola,AGO,2003,21.42245528
Angola,AGO,2004,21.50967157
Angola,AGO,2005,21.59569525
Angola,AGO,2006,21.68047209
Angola,AGO,2007,21.76357357
Angola,AGO,2008,21.84431603
Angola,AGO,2009,21.92239025
Angola,AGO,2010,21.99831533
Angola,AGO,2011,22.07261159
Angola,AGO,2012,22.14630885
Angola,AGO,2013,22.2192578
Angola,AGO,2014,22.29213236
Angola,AGO,2015,22.36461265
Antigua and Barbuda,ATG,2000,24.44679745
Antigua and Barbuda,ATG,2001,24.53339668
Antigua and Barbuda,ATG,2002,24.61931782
Antigua and Barbuda,ATG,2003,24.70516501
Antigua and Barbuda,ATG,2004,24.79065097
Antigua and Barbuda,ATG,2005,24.8760207
Antigua and Barbuda,ATG,2006,24.96114369
Antigua and Barbuda,ATG,2007,25.04595771
Antigua and Barbuda,ATG,2008,25.13068316
Antigua and Barbuda,ATG,2009,25.21528378
Antigua and Barbuda,ATG,2010,25.30013302
Antigua and Barbuda,ATG,2011,25.38662689
Antigua and Barbuda,ATG,2012,25.47325038
Antigua and Barbuda,ATG,2013,25.56026357
Antigua and Barbuda,ATG,2014,25.64770011
Antigua and Barbuda,ATG,2015,25.73584965
Argentina,ARG,2000,26.53225733
Argentina,ARG,2001,26.60954902
Argentina,ARG,2002,26.68877122
Argentina,ARG,2003,26.77056476
Argentina,ARG,2004,26.85531503
Argentina,ARG,2005,26.94258322
Argentina,ARG,2006,27.03195549
Argentina,ARG,2007,27.12365834
Argentina,ARG,2008,27.21775047
Argentina,ARG,2009,27.31384462
Argentina,ARG,2010,27.41184965
Argentina,ARG,2011,27.51136877
Argentina,ARG,2012,27.61173296
Argentina,ARG,2013,27.71254199
Argentina,ARG,2014,27.81400675
Argentina,ARG,2015,27.91578809
Armenia,ARM,2000,24.67270532
Armenia,ARM,2001,24.72215127
Armenia,ARM,2002,24.77370756
Armenia,ARM,2003,24.82819509
Armenia,ARM,2004,24.88577716
Armenia,ARM,2005,24.94667285
Armenia,ARM,2006,25.01064842
Armenia,ARM,2007,25.07773205
Armenia,ARM,2008,25.1485833
Armenia,ARM,2009,25.22144389
Armenia,ARM,2010,25.29518116
Armenia,ARM,2011,25.36943051
Armenia,ARM,2012,25.44413903
Armenia,ARM,2013,25.5187466
Armenia,ARM,2014,25.59390227
Armenia,ARM,2015,25.66860041
Australia,AUS,2000,26.75915697
Australia,AUS,2001,26.85500948
Australia,AUS,2002,26.94766763
Australia,AUS,2003,27.03637391
Australia,AUS,2004,27.1205661
Australia,AUS,2005,27.19953392
Australia,AUS,2006,27.2726828
Australia,AUS,2007,27.33976952
Australia,AUS,2008,27.40079481
Australia,AUS,2009,27.45540122
Australia,AUS,2010,27.50275149
Australia,AUS,2011,27.54400091
Australia,AUS,2012,27.58035331
Australia,AUS,2013,27.61457686
Australia,AUS,2014,27.64853378
Australia,AUS,2015,27.68325796
Austria,AUT,2000,25.85309272
Austria,AUT,2001,25.92680698
Austria,AUT,2002,25.99945474
Austria,AUT,2003,26.07096634
Austria,AUT,2004,26.14106197
Austria,AUT,2005,26.20799436
Austria,AUT,2006,26.27162676
Austria,AUT,2007,26.33048229
Austria,AUT,2008,26.38398586
Austria,AUT,2009,26.43261235
Austria,AUT,2010,26.47593121
Austria,AUT,2011,26.5142204
Austria,AUT,2012,26.54817731
Austria,AUT,2013,26.57962094
Austria,AUT,2014,26.61050389
Austria,AUT,2015,26.64113411
Azerbaijan,AZE,2000,24.91521572
Azerbaijan,AZE,2001,24.97175866
Azerbaijan,AZE,2002,25.03249653
Azerbaijan,AZE,2003,25.09753608
Azerbaijan,AZE,2004,25.16685401
Azerbaijan,AZE,2005,25.24063321
Azerbaijan,AZE,2006,25.31885368
Azerbaijan,AZE,2007,25.40147811
Azerbaijan,AZE,2008,25.48874622
Azerbaijan,AZE,2009,25.57920155
Azerbaijan,AZE,2010,25.67171465
Azerbaijan,AZE,2011,25.7659835
Azerbaijan,AZE,2012,25.86109173
Azerbaijan,AZE,2013,25.95707542
Azerbaijan,AZE,2014,26.05366527
Azerbaijan,AZE,2015,26.15012541
Bahamas,BHS,2000,25.90684293
Bahamas,BHS,2001,25.9956005
Bahamas,BHS,2002,26.08391878
Bahamas,BHS,2003,26.17198935
Bahamas,BHS,2004,26.25947439
Bahamas,BHS,2005,26.34651217
Bahamas,BHS,2006,26.43299118
Bahamas,BHS,2007,26.5188088
Bahamas,BHS,2008,26.60435646
Bahamas,BHS,2009,26.68968506
Bahamas,BHS,2010,26.77495958
Bahamas,BHS,2011,26.86076803
Bahamas,BHS,2012,26.94575003
Bahamas,BHS,2013,27.0307908
Bahamas,BHS,2014,27.11556605
Bahamas,BHS,2015,27.20071868
Bahrain,BHR,2000,25.27161869
Bahrain,BHR,2001,25.25353021
Bahrain,BHR,2002,25.22787405
Bahrain,BHR,2003,25.19680549
Bahrain,BHR,2004,25.16191555
Bahrain,BHR,2005,25.12443766
Bahrain,BHR,2006,25.08672074
Bahrain,BHR,2007,25.05184782
Bahrain,BHR,2008,25.02393736
Bahrain,BHR,2009,25.00079089
Bahrain,BHR,2010,24.98097512
Bahrain,BHR,2011,24.96405741
Bahrain,BHR,2012,24.94899742
Bahrain,BHR,2013,24.93493344
Bahrain,BHR,2014,24.92193451
Bahrain,BHR,2015,24.90852026
Bangladesh,BGD,2000,20.53623664
Bangladesh,BGD,2001,20.59534515
Bangladesh,BGD,2002,20.65275625
Bangladesh,BGD,2003,20.70742962
Bangladesh,BGD,2004,20.75911506
Bangladesh,BGD,2005,20.80824431
Bangladesh,BGD,2006,20.85571766
Bangladesh,BGD,2007,20.90281325
Bangladesh,BGD,2008,20.95016191
Bangladesh,BGD,2009,20.99858388
Bangladesh,BGD,2010,21.04835649
Bangladesh,BGD,2011,21.10096178
Bangladesh,BGD,2012,21.15780745
Bangladesh,BGD,2013,21.21733836
Bangladesh,BGD,2014,21.27846663
Bangladesh,BGD,2015,21.33982943
Barbados,BRB,2000,25.17457935
Barbados,BRB,2001,25.25683191
Barbados,BRB,2002,25.33960597
Barbados,BRB,2003,25.42257778
Barbados,BRB,2004,25.50578832
Barbados,BRB,2005,25.58851429
Barbados,BRB,2006,25.67105345
Barbados,BRB,2007,25.75368806
Barbados,BRB,2008,25.83676395
Barbados,BRB,2009,25.91984977
Barbados,BRB,2010,26.00340329
Barbados,BRB,2011,26.08818463
Barbados,BRB,2012,26.17306853
Barbados,BRB,2013,26.25786642
Barbados,BRB,2014,26.3431166
Barbados,BRB,2015,26.42875441
Belarus,BLR,2000,25.36859083
Belarus,BLR,2001,25.45567982
Belarus,BLR,2002,25.5455979
Belarus,BLR,2003,25.63780334
Belarus,BLR,2004,25.72989904
Belarus,BLR,2005,25.82049267
Belarus,BLR,2006,25.9086844
Belarus,BLR,2007,25.99394454
Belarus,BLR,2008,26.07456211
Belarus,BLR,2009,26.15060901
Belarus,BLR,2010,26.22234747
Belarus,BLR,2011,26.29205543
Belarus,BLR,2012,26.36030413
Belarus,BLR,2013,26.42808234
Belarus,BLR,2014,26.49580622
Belarus,BLR,2015,26.56296535
Belgium,BEL,2000,26.03457879
Belgium,BEL,2001,26.10244422
Belgium,BEL,2002,26.17050996
Belgium,BEL,2003,26.23813002
Belgium,BEL,2004,26.30471505
Belgium,BEL,2005,26.36921457
Belgium,BEL,2006,26.43071931
Belgium,BEL,2007,26.48765835
Belgium,BEL,2008,26.53938042
Belgium,BEL,2009,26.58627211
Belgium,BEL,2010,26.62776006
Belgium,BEL,2011,26.6639898
Belgium,BEL,2012,26.69536739
Belgium,BEL,2013,26.72327028
Belgium,BEL,2014,26.74927066
Belgium,BEL,2015,26.77505168
Belize,BLZ,2000,26.13409606
Belize,BLZ,2001,26.23492839
Belize,BLZ,2002,26.3344862
Belize,BLZ,2003,26.43252733
Belize,BLZ,2004,26.52890649
Belize,BLZ,2005,26.6235108
Belize,BLZ,2006,26.7163438
Belize,BLZ,2007,26.80831439
Belize,BLZ,2008,26.89946947
Belize,BLZ,2009,26.99023834
Belize,BLZ,2010,27.08136286
Belize,BLZ,2011,27.17332015
Belize,BLZ,2012,27.26489629
Belize,BLZ,2013,27.35620914
Belize,BLZ,2014,27.44771399
Belize,BLZ,2015,27.53950567
Benin,BEN,2000,21.78360858
Benin,BEN,2001,21.86430019
Benin,BEN,2002,21.94384029
Benin,BEN,2003,22.02235217
Benin,BEN,2004,22.09840653
Benin,BEN,2005,22.17056904
Benin,BEN,2006,22.23887001
Benin,BEN,2007,22.30236316
Benin,BEN,2008,22.35983705
Benin,BEN,2009,22.41043997
Benin,BEN,2010,22.4546351
Benin,BEN,2011,22.49446362
Benin,BEN,2012,22.52999177
Benin,BEN,2013,22.5637992
Benin,BEN,2014,22.59805057
Benin,BEN,2015,22.63234042
Bermuda,BMU,2000,26.47626277
Bermuda,BMU,2001,26.55473134
Bermuda,BMU,2002,26.63359836
Bermuda,BMU,2003,26.71284001
Bermuda,BMU,2004,26.79216562
Bermuda,BMU,2005,26.87121934
Bermuda,BMU,2006,26.95040336
Bermuda,BMU,2007,27.02949913
Bermuda,BMU,2008,27.10820212
Bermuda,BMU,2009,27.18655538
Bermuda,BMU,2010,27.26514427
Bermuda,BMU,2011,27.34416586
Bermuda,BMU,2012,27.42255243
Bermuda,BMU,2013,27.50056001
Bermuda,BMU,2014,27.57866732
Bermuda,BMU,2015,27.656563
Bhutan,BTN,2000,22.07747199
Bhutan,BTN,2001,22.1881506
Bhutan,BTN,2002,22.29767487
Bhutan,BTN,2003,22.40540417
Bhutan,BTN,2004,22.51039443
Bhutan,BTN,2005,22.6126262
Bhutan,BTN,2006,22.71006493
Bhutan,BTN,2007,22.80415295
Bhutan,BTN,2008,22.89530892
Bhutan,BTN,2009,22.98506631
Bhutan,BTN,2010,23.07279101
Bhutan,BTN,2011,23.15983592
Bhutan,BTN,2012,23.24715558
Bhutan,BTN,2013,23.33465569
Bhutan,BTN,2014,23.42196599
Bhutan,BTN,2015,23.5086725
Bolivia,BOL,2000,23.76895716
Bolivia,BOL,2001,23.86288728
Bolivia,BOL,2002,23.95743283
Bolivia,BOL,2003,24.05320354
Bolivia,BOL,2004,24.15093156
Bolivia,BOL,2005,24.25026724
Bolivia,BOL,2006,24.35139811
Bolivia,BOL,2007,24.45412244
Bolivia,BOL,2008,24.55880018
Bolivia,BOL,2009,24.66498041
Bolivia,BOL,2010,24.77222097
Bolivia,BOL,2011,24.88035731
Bolivia,BOL,2012,24.98892496
Bolivia,BOL,2013,25.09742201
Bolivia,BOL,2014,25.20572542
Bolivia,BOL,2015,25.31401264
Bosnia and Herzegovina,BIH,2000,25.23821322
Bosnia and Herzegovina,BIH,2001,25.3105924
Bosnia and Herzegovina,BIH,2002,25.38481812
Bosnia and Herzegovina,BIH,2003,25.46060931
Bosnia and Herzegovina,BIH,2004,25.53782012
Bosnia and Herzegovina,BIH,2005,25.6164318
Bosnia and Herzegovina,BIH,2006,25.6956657
Bosnia and Herzegovina,BIH,2007,25.7751911
Bosnia and Herzegovina,BIH,2008,25.85443759
Bosnia and Herzegovina,BIH,2009,25.93282694
Bosnia and Herzegovina,BIH,2010,26.0109357
Bosnia and Herzegovina,BIH,2011,26.09049398
Bosnia and Herzegovina,BIH,2012,26.17228275
Bosnia and Herzegovina,BIH,2013,26.25735447
Bosnia and Herzegovina,BIH,2014,26.34591726
Bosnia and Herzegovina,BIH,2015,26.43731882
Botswana,BWA,2000,21.76729165
Botswana,BWA,2001,21.840112
Botswana,BWA,2002,21.90985561
Botswana,BWA,2003,21.97702502
Botswana,BWA,2004,22.04303312
Botswana,BWA,2005,22.10770929
Botswana,BWA,2006,22.1698176
Botswana,BWA,2007,22.22826942
Botswana,BWA,2008,22.28239256
Botswana,BWA,2009,22.33101204
Botswana,BWA,2010,22.37570906
Botswana,BWA,2011,22.41919057
Botswana,BWA,2012,22.46207715
Botswana,BWA,2013,22.50443925
Botswana,BWA,2014,22.54718393
Botswana,BWA,2015,22.59010931
Brazil,BRA,2000,24.62157116
Brazil,BRA,2001,24.71296374
Brazil,BRA,2002,24.80642867
Brazil,BRA,2003,24.90261944
Brazil,BRA,2004,25.003013
Brazil,BRA,2005,25.10747459
Brazil,BRA,2006,25.21634696
Brazil,BRA,2007,25.3292521
Brazil,BRA,2008,25.44585493
Brazil,BRA,2009,25.56615686
Brazil,BRA,2010,25.68976399
Brazil,BRA,2011,25.81635176
Brazil,BRA,2012,25.94513057
Brazil,BRA,2013,26.075243
Brazil,BRA,2014,26.20689236
Brazil,BRA,2015,26.33917967
Brunei,BRN,2000,25.14876936
Brunei,BRN,2001,25.26483495
Brunei,BRN,2002,25.38378732
Brunei,BRN,2003,25.50580916
Brunei,BRN,2004,25.63076534
Brunei,BRN,2005,25.75945376
Brunei,BRN,2006,25.89108554
Brunei,BRN,2007,26.02462914
Brunei,BRN,2008,26.1598859
Brunei,BRN,2009,26.29726738
Brunei,BRN,2010,26.43655022
Brunei,BRN,2011,26.57874307
Brunei,BRN,2012,26.72338836
Brunei,BRN,2013,26.86980705
Brunei,BRN,2014,27.01812815
Brunei,BRN,2015,27.167919
Bulgaria,BGR,2000,25.80430541
Bulgaria,BGR,2001,25.88371147
Bulgaria,BGR,2002,25.96729589
Bulgaria,BGR,2003,26.05390054
Bulgaria,BGR,2004,26.14333096
Bulgaria,BGR,2005,26.23535112
Bulgaria,BGR,2006,26.32938606
Bulgaria,BGR,2007,26.42466086
Bulgaria,BGR,2008,26.52034657
Bulgaria,BGR,2009,26.61574034
Bulgaria,BGR,2010,26.71115646
Bulgaria,BGR,2011,26.80752093
Bulgaria,BGR,2012,26.9057579
Bulgaria,BGR,2013,27.00646463
Bulgaria,BGR,2014,27.1096759
Bulgaria,BGR,2015,27.21528481
Burkina Faso,BFA,2000,21.03208383
Burkina Faso,BFA,2001,21.12536941
Burkina Faso,BFA,2002,21.22032202
Burkina Faso,BFA,2003,21.31623998
Burkina Faso,BFA,2004,21.41170356
Burkina Faso,BFA,2005,21.50458921
Burkina Faso,BFA,2006,21.59513357
Burkina Faso,BFA,2007,21.68127995
Burkina Faso,BFA,2008,21.7622512
Burkina Faso,BFA,2009,21.83630299
Burkina Faso,BFA,2010,21.90361302
Burkina Faso,BFA,2011,21.9661274
Burkina Faso,BFA,2012,22.02460387
Burkina Faso,BFA,2013,22.08141148
Burkina Faso,BFA,2014,22.13865166
Burkina Faso,BFA,2015,22.19577356
Burundi,BDI,2000,20.94883893
Burundi,BDI,2001,21.01776363
Burundi,BDI,2002,21.08493199
Burundi,BDI,2003,21.15039877
Burundi,BDI,2004,21.21488733
Burundi,BDI,2005,21.27659308
Burundi,BDI,2006,21.33636061
Burundi,BDI,2007,21.39337903
Burundi,BDI,2008,21.44763842
Burundi,BDI,2009,21.49919663
Burundi,BDI,2010,21.54853644
Burundi,BDI,2011,21.5981561
Burundi,BDI,2012,21.64887263
Burundi,BDI,2013,21.70018881
Burundi,BDI,2014,21.7525225
Burundi,BDI,2015,21.80526402
Cambodia,KHM,2000,20.74019742
Cambodia,KHM,2001,20.8164617
Cambodia,KHM,2002,20.89368304
Cambodia,KHM,2003,20.97211591
Cambodia,KHM,2004,21.05174572
Cambodia,KHM,2005,21.13320369
Cambodia,KHM,2006,21.21618754
Cambodia,KHM,2007,21.30030958
Cambodia,KHM,2008,21.38577824
Cambodia,KHM,2009,21.47314173
Cambodia,KHM,2010,21.56209291
Cambodia,KHM,2011,21.65514216
Cambodia,KHM,2012,21.75127582
Cambodia,KHM,2013,21.84929865
Cambodia,KHM,2014,21.94926331
Cambodia,KHM,2015,22.05113884
Cameroon,CMR,2000,22.65049686
Cameroon,CMR,2001,22.74268558
Cameroon,CMR,2002,22.83407797
Cameroon,CMR,2003,22.92428175
Cameroon,CMR,2004,23.01159769
Cameroon,CMR,2005,23.09429575
Cameroon,CMR,2006,23.1723351
Cameroon,CMR,2007,23.24448141
Cameroon,CMR,2008,23.31000279
Cameroon,CMR,2009,23.36786486
Cameroon,CMR,2010,23.41842306
Cameroon,CMR,2011,23.46320358
Cameroon,CMR,2012,23.50333711
Cameroon,CMR,2013,23.54141149
Cameroon,CMR,2014,23.57978347
Cameroon,CMR,2015,23.61837342
Canada,CAN,2000,26.88792163
Canada,CAN,2001,26.9638172
Canada,CAN,2002,27.03466447
Canada,CAN,2003,27.10012372
Canada,CAN,2004,27.16022092
Canada,CAN,2005,27.214071
Canada,CAN,2006,27.26199086
Canada,CAN,2007,27.30392768
Canada,CAN,2008,27.33966953
Canada,CAN,2009,27.36879711
Canada,CAN,2010,27.39109928
Canada,CAN,2011,27.40769719
Canada,CAN,2012,27.41932724
Canada,CAN,2013,27.42854023
Canada,CAN,2014,27.43701704
Canada,CAN,2015,27.44537476
Cape Verde,CPV,2000,22.71535468
Cape Verde,CPV,2001,22.81382741
Cape Verde,CPV,2002,22.91097917
Cape Verde,CPV,2003,23.00683514
Cape Verde,CPV,2004,23.09986535
Cape Verde,CPV,2005,23.18867632
Cape Verde,CPV,2006,23.27226048
Cape Verde,CPV,2007,23.34964672
Cape Verde,CPV,2008,23.42026319
Cape Verde,CPV,2009,23.48314251
Cape Verde,CPV,2010,23.53849252
Cape Verde,CPV,2011,23.58808957
Cape Verde,CPV,2012,23.63299159
Cape Verde,CPV,2013,23.67512561
Cape Verde,CPV,2014,23.71752594
Cape Verde,CPV,2015,23.75957849
Central African Republic,CAF,2000,21.14436186
Central African Republic,CAF,2001,21.20691413
Central African Republic,CAF,2002,21.27020681
Central African Republic,CAF,2003,21.33338178
Central African Republic,CAF,2004,21.39679204
Central African Republic,CAF,2005,21.45943096
Central African Republic,CAF,2006,21.52104062
Central African Republic,CAF,2007,21.58143152
Central African Republic,CAF,2008,21.63968712
Central African Republic,CAF,2009,21.69567773
Central African Republic,CAF,2010,21.75007536
Central African Republic,CAF,2011,21.80370333
Central African Republic,CAF,2012,21.85770257
Central African Republic,CAF,2013,21.91191039
Central African Republic,CAF,2014,21.96709178
Central African Republic,CAF,2015,22.02261212
"Central Asia, Middle East and North Africa",,2000,25.31334573
"Central Asia, Middle East and North Africa",,2001,25.39535731
"Central Asia, Middle East and North Africa",,2002,25.47698919
"Central Asia, Middle East and North Africa",,2003,25.55901239
"Central Asia, Middle East and North Africa",,2004,25.64190423
"Central Asia, Middle East and North Africa",,2005,25.72550066
"Central Asia, Middle East and North Africa",,2006,25.81065443
"Central Asia, Middle East and North Africa",,2007,25.89868879
"Central Asia, Middle East and North Africa",,2008,25.99062779
"Central Asia, Middle East and North Africa",,2009,26.08434708
"Central Asia, Middle East and North Africa",,2010,26.17771636
"Central Asia, Middle East and North Africa",,2011,26.27039034
"Central Asia, Middle East and North Africa",,2012,26.36193795
"Central Asia, Middle East and North Africa",,2013,26.45258402
"Central Asia, Middle East and North Africa",,2014,26.54339823
"Central Asia, Middle East and North Africa",,2015,26.63396766
Central and Eastern Europe,,2000,25.45949352
Central and Eastern Europe,,2001,25.53376477
Central and Eastern Europe,,2002,25.61275074
Central and Eastern Europe,,2003,25.69626926
Central and Eastern Europe,,2004,25.78259428
Central and Eastern Europe,,2005,25.87010324
Central and Eastern Europe,,2006,25.95722928
Central and Eastern Europe,,2007,26.04341939
Central and Eastern Europe,,2008,26.12778851
Central and Eastern Europe,,2009,26.2102916
Central and Eastern Europe,,2010,26.290846
Central and Eastern Europe,,2011,26.37084447
Central and Eastern Europe,,2012,26.45127926
Central and Eastern Europe,,2013,26.53363327
Central and Eastern Europe,,2014,26.61821319
Central and Eastern Europe,,2015,26.70398279
Chad,TCD,2000,21.18090442
Chad,TCD,2001,21.2598872
Chad,TCD,2002,21.33819022
Chad,TCD,2003,21.41601846
Chad,TCD,2004,21.49154303
Chad,TCD,2005,21.56335276
Chad,TCD,2006,21.63103505
Chad,TCD,2007,21.69378272
Chad,TCD,2008,21.75058041
Chad,TCD,2009,21.80030514
Chad,TCD,2010,21.84304352
Chad,TCD,2011,21.88114582
Chad,TCD,2012,21.91528831
Chad,TCD,2013,21.94809306
Chad,TCD,2014,21.98147914
Chad,TCD,2015,22.0155931
Chile,CHL,2000,26.42286222
Chile,CHL,2001,26.51026079
Chile,CHL,2002,26.59929587
Chile,CHL,2003,26.68995462
Chile,CHL,2004,26.78231039
Chile,CHL,2005,26.87642764
Chile,CHL,2006,26.97199935
Chile,CHL,2007,27.06909837
Chile,CHL,2008,27.16795814
Chile,CHL,2009,27.26768325
Chile,CHL,2010,27.36891517
Chile,CHL,2011,27.47158437
Chile,CHL,2012,27.57494936
Chile,CHL,2013,27.67873852
Chile,CHL,2014,27.78297785
Chile,CHL,2015,27.8873564
China,CHN,2000,22.49666789
China,CHN,2001,22.56697911
China,CHN,2002,22.64218073
China,CHN,2003,22.7231744
China,CHN,2004,22.80964132
China,CHN,2005,22.9021595
China,CHN,2006,23.00159503
China,CHN,2007,23.10676032
China,CHN,2008,23.21594156
China,CHN,2009,23.33035212
China,CHN,2010,23.44923811
China,CHN,2011,23.57391257
China,CHN,2012,23.70453322
China,CHN,2013,23.84128089
China,CHN,2014,23.98322938
China,CHN,2015,24.12940796
Colombia,COL,2000,24.20469284
Colombia,COL,2001,24.31407977
Colombia,COL,2002,24.42383705
Colombia,COL,2003,24.53389343
Colombia,COL,2004,24.6441342
Colombia,COL,2005,24.7539114
Colombia,COL,2006,24.86360735
Colombia,COL,2007,24.97403605
Colombia,COL,2008,25.08545096
Colombia,COL,2009,25.19739373
Colombia,COL,2010,25.3101021
Colombia,COL,2011,25.42362106
Colombia,COL,2012,25.53714981
Colombia,COL,2013,25.65034242
Colombia,COL,2014,25.76383415
Colombia,COL,2015,25.87730931
Comoros,COM,2000,22.42590878
Comoros,COM,2001,22.49502037
Comoros,COM,2002,22.56236689
Comoros,COM,2003,22.6282796
Comoros,COM,2004,22.69271869
Comoros,COM,2005,22.75463484
Comoros,COM,2006,22.81524723
Comoros,COM,2007,22.87381762
Comoros,COM,2008,22.92994652
Comoros,COM,2009,22.9835696
Comoros,COM,2010,23.03553047
Comoros,COM,2011,23.08808895
Comoros,COM,2012,23.14152667
Comoros,COM,2013,23.1958147
Comoros,COM,2014,23.25089101
Comoros,COM,2015,23.30573763
Congo,COG,2000,21.50407128
Congo,COG,2001,21.56412811
Congo,COG,2002,21.62440226
Congo,COG,2003,21.68532156
Congo,COG,2004,21.74677263
Congo,COG,2005,21.80755723
Congo,COG,2006,21.86742682
Congo,COG,2007,21.92590161
Congo,COG,2008,21.98223836
Congo,COG,2009,22.03625138
Congo,COG,2010,22.08829609
Congo,COG,2011,22.13933717
Congo,COG,2012,22.18997752
Congo,COG,2013,22.24070605
Congo,COG,2014,22.29168228
Congo,COG,2015,22.34269887
Cook Islands,COK,2000,31.39416709
Cook Islands,COK,2001,31.47566296
Cook Islands,COK,2002,31.55923249
Cook Islands,COK,2003,31.64591619
Cook Islands,COK,2004,31.73592932
Cook Islands,COK,2005,31.82889221
Cook Islands,COK,2006,31.92124824
Cook Islands,COK,2007,32.01383261
Cook Islands,COK,2008,32.10726869
Cook Islands,COK,2009,32.20163674
Cook Islands,COK,2010,32.29590014
Cook Islands,COK,2011,32.38997522
Cook Islands,COK,2012,32.48395804
Cook Islands,COK,2013,32.57782971
Cook Islands,COK,2014,32.67093212
Cook Islands,COK,2015,32.76346746
Costa Rica,CRI,2000,25.57943677
Costa Rica,CRI,2001,25.6797526
Costa Rica,CRI,2002,25.77915347
Costa Rica,CRI,2003,25.87688183
Costa Rica,CRI,2004,25.97268902
Costa Rica,CRI,2005,26.06524675
Costa Rica,CRI,2006,26.15403673
Costa Rica,CRI,2007,26.23978681
Costa Rica,CRI,2008,26.32334683
Costa Rica,CRI,2009,26.40442052
Costa Rica,CRI,2010,26.48329129
Costa Rica,CRI,2011,26.55960807
Costa Rica,CRI,2012,26.63324588
Costa Rica,CRI,2013,26.70473592
Costa Rica,CRI,2014,26.77451349
Costa Rica,CRI,2015,26.84277233
Cote d'Ivoire,CIV,2000,22.47174406
Cote d'Ivoire,CIV,2001,22.55711574
Cote d'Ivoire,CIV,2002,22.64255675
Cote d'Ivoire,CIV,2003,22.72837758
Cote d'Ivoire,CIV,2004,22.81239153
Cote d'Ivoire,CIV,2005,22.89303121
Cote d'Ivoire,CIV,2006,22.97038003
Cote d'Ivoire,CIV,2007,23.04328895
Cote d'Ivoire,CIV,2008,23.1104493
Cote d'Ivoire,CIV,2009,23.17087727
Cote d'Ivoire,CIV,2010,23.22414621
Cote d'Ivoire,CIV,2011,23.27189895
Cote d'Ivoire,CIV,2012,23.31500731
Cote d'Ivoire,CIV,2013,23.35570074
Cote d'Ivoire,CIV,2014,23.39680344
Cote d'Ivoire,CIV,2015,23.4377857
Croatia,HRV,2000,26.28583813
Croatia,HRV,2001,26.39907123
Croatia,HRV,2002,26.5155836
Croatia,HRV,2003,26.63490969
Croatia,HRV,2004,26.75594303
Croatia,HRV,2005,26.87806158
Croatia,HRV,2006,27.00086014
Croatia,HRV,2007,27.12254565
Croatia,HRV,2008,27.24176113
Croatia,HRV,2009,27.35841186
Croatia,HRV,2010,27.47370547
Croatia,HRV,2011,27.58973001
Croatia,HRV,2012,27.70658265
Croatia,HRV,2013,27.82558857
Croatia,HRV,2014,27.94738209
Croatia,HRV,2015,28.07157985
Cuba,CUB,2000,24.0607451
Cuba,CUB,2001,24.14321986
Cuba,CUB,2002,24.22598356
Cuba,CUB,2003,24.30874517
Cuba,CUB,2004,24.39139066
Cuba,CUB,2005,24.47407228
Cuba,CUB,2006,24.55627898
Cuba,CUB,2007,24.63796669
Cuba,CUB,2008,24.71922659
Cuba,CUB,2009,24.80048132
Cuba,CUB,2010,24.88229794
Cuba,CUB,2011,24.96457073
Cuba,CUB,2012,25.04642744
Cuba,CUB,2013,25.12808914
Cuba,CUB,2014,25.2097003
Cuba,CUB,2015,25.29132131
Cyprus,CYP,2000,26.92123404
Cyprus,CYP,2001,27.01111823
Cyprus,CYP,2002,27.09828179
Cyprus,CYP,2003,27.18232441
Cyprus,CYP,2004,27.26193972
Cyprus,CYP,2005,27.33571908
Cyprus,CYP,2006,27.40283689
Cyprus,CYP,2007,27.46265927
Cyprus,CYP,2008,27.51414324
Cyprus,CYP,2009,27.55748806
Cyprus,CYP,2010,27.59284372
Cyprus,CYP,2011,27.62182528
Cyprus,CYP,2012,27.64617493
Cyprus,CYP,2013,27.66855726
Cyprus,CYP,2014,27.69026763
Cyprus,CYP,2015,27.71205826
Czechia,CZE,2000,27.06703202
Czechia,CZE,2001,27.12121626
Czechia,CZE,2002,27.17890575
Czechia,CZE,2003,27.23965547
Czechia,CZE,2004,27.30333691
Czechia,CZE,2005,27.36999033
Czechia,CZE,2006,27.43905156
Czechia,CZE,2007,27.50917467
Czechia,CZE,2008,27.58010947
Czechia,CZE,2009,27.65083467
Czechia,CZE,2010,27.72186643
Czechia,CZE,2011,27.79376641
Czechia,CZE,2012,27.86773167
Czechia,CZE,2013,27.94430817
Czechia,CZE,2014,28.02359322
Czechia,CZE,2015,28.10546988
Democratic Republic of Congo,COD,2000,20.36389835
Democratic Republic of Congo,COD,2001,20.43616333
Democratic Republic of Congo,COD,2002,20.50897765
Democratic Republic of Congo,COD,2003,20.58219023
Democratic Republic of Congo,COD,2004,20.65597896
Democratic Republic of Congo,COD,2005,20.72900835
Democratic Republic of Congo,COD,2006,20.8011481
Democratic Republic of Congo,COD,2007,20.87187553
Democratic Republic of Congo,COD,2008,20.94041161
Democratic Republic of Congo,COD,2009,21.00624396
Democratic Republic of Congo,COD,2010,21.0701841
Democratic Republic of Congo,COD,2011,21.13300042
Democratic Republic of Congo,COD,2012,21.19515289
Democratic Republic of Congo,COD,2013,21.25673802
Democratic Republic of Congo,COD,2014,21.31890184
Democratic Republic of Congo,COD,2015,21.38105291
Denmark,DNK,2000,25.60728184
Denmark,DNK,2001,25.693801
Denmark,DNK,2002,25.77705296
Denmark,DNK,2003,25.85640142
Denmark,DNK,2004,25.93077971
Denmark,DNK,2005,25.99857403
Denmark,DNK,2006,26.05940442
Denmark,DNK,2007,26.11191998
Denmark,DNK,2008,26.15548247
Denmark,DNK,2009,26.19120421
Denmark,DNK,2010,26.21837987
Denmark,DNK,2011,26.23791586
Denmark,DNK,2012,26.25077159
Denmark,DNK,2013,26.25934967
Denmark,DNK,2014,26.26607011
Denmark,DNK,2015,26.27218229
Djibouti,DJI,2000,23.01805124
Djibouti,DJI,2001,23.06080116
Djibouti,DJI,2002,23.10171587
Djibouti,DJI,2003,23.14093024
Djibouti,DJI,2004,23.17895239
Djibouti,DJI,2005,23.21424255
Djibouti,DJI,2006,23.24749665
Djibouti,DJI,2007,23.27800202
Djibouti,DJI,2008,23.30588394
Djibouti,DJI,2009,23.33099966
Djibouti,DJI,2010,23.35456482
Djibouti,DJI,2011,23.37807247
Djibouti,DJI,2012,23.40244652
Djibouti,DJI,2013,23.42759741
Djibouti,DJI,2014,23.45363896
Djibouti,DJI,2015,23.47983819
Dominica,DMA,2000,23.77082254
Dominica,DMA,2001,23.84787508
Dominica,DMA,2002,23.92577222
Dominica,DMA,2003,24.00419486
Dominica,DMA,2004,24.08311701
Dominica,DMA,2005,24.16272284
Dominica,DMA,2006,24.24307043
Dominica,DMA,2007,24.32409017
Dominica,DMA,2008,24.40657238
Dominica,DMA,2009,24.48966654
Dominica,DMA,2010,24.57385627
Dominica,DMA,2011,24.65879543
Dominica,DMA,2012,24.74319659
Dominica,DMA,2013,24.82689415
Dominica,DMA,2014,24.91050608
Dominica,DMA,2015,24.99421325
Dominican Republic,DOM,2000,24.40268175
Dominican Republic,DOM,2001,24.49346937
Dominican Republic,DOM,2002,24.58390413
Dominican Republic,DOM,2003,24.67329791
Dominican Republic,DOM,2004,24.76148711
Dominican Republic,DOM,2005,24.84766461
Dominican Republic,DOM,2006,24.93232772
Dominican Republic,DOM,2007,25.01542597
Dominican Republic,DOM,2008,25.09702816
Dominican Republic,DOM,2009,25.17727497
Dominican Republic,DOM,2010,25.25648351
Dominican Republic,DOM,2011,25.3336639
Dominican Republic,DOM,2012,25.40834366
Dominican Republic,DOM,2013,25.4810041
Dominican Republic,DOM,2014,25.55210799
Dominican Republic,DOM,2015,25.62181586
East Timor,TLS,2000,19.94813751
East Timor,TLS,2001,20.01703183
East Timor,TLS,2002,20.08813912
East Timor,TLS,2003,20.16104673
East Timor,TLS,2004,20.23578637
East Timor,TLS,2005,20.31317133
East Timor,TLS,2006,20.39391295
East Timor,TLS,2007,20.47741716
East Timor,TLS,2008,20.56366679
East Timor,TLS,2009,20.65275617
East Timor,TLS,2010,20.74457352
East Timor,TLS,2011,20.84122634
East Timor,TLS,2012,20.94168127
East Timor,TLS,2013,21.04391808
East Timor,TLS,2014,21.14759478
East Timor,TLS,2015,21.25271138
East and South East Asia,,2000,22.24099051
East and South East Asia,,2001,22.31153608
East and South East Asia,,2002,22.38643682
East and South East Asia,,2003,22.466301
East and South East Asia,,2004,22.55092899
East and South East Asia,,2005,22.64094797
East and South East Asia,,2006,22.73693556
East and South East Asia,,2007,22.83769217
East and South East Asia,,2008,22.94156724
East and South East Asia,,2009,23.04928352
East and South East Asia,,2010,23.16026231
East and South East Asia,,2011,23.27588099
East and South East Asia,,2012,23.39593837
East and South East Asia,,2013,23.52016385
East and South East Asia,,2014,23.64800382
East and South East Asia,,2015,23.77894747
Ecuador,ECU,2000,24.88242024
Ecuador,ECU,2001,24.99107946
Ecuador,ECU,2002,25.10027856
Ecuador,ECU,2003,25.21069028
Ecuador,ECU,2004,25.32325524
Ecuador,ECU,2005,25.43719823
Ecuador,ECU,2006,25.55249761
Ecuador,ECU,2007,25.66961994
Ecuador,ECU,2008,25.78836925
Ecuador,ECU,2009,25.90865548
Ecuador,ECU,2010,26.0298059
Ecuador,ECU,2011,26.15240277
Ecuador,ECU,2012,26.27562807
Ecuador,ECU,2013,26.39869943
Ecuador,ECU,2014,26.52188046
Ecuador,ECU,2015,26.64511661
Egypt,EGY,2000,26.52802401
Egypt,EGY,2001,26.61096457
Egypt,EGY,2002,26.69228126
Egypt,EGY,2003,26.77229423
Egypt,EGY,2004,26.85110256
Egypt,EGY,2005,26.92880024
Egypt,EGY,2006,27.00620045
Egypt,EGY,2007,27.08577138
Egypt,EGY,2008,27.17001336
Egypt,EGY,2009,27.25922168
Egypt,EGY,2010,27.35126725
Egypt,EGY,2011,27.44575361
Egypt,EGY,2012,27.54124834
Egypt,EGY,2013,27.63735249
Egypt,EGY,2014,27.73471443
Egypt,EGY,2015,27.83207752
El Salvador,SLV,2000,25.59192034
El Salvador,SLV,2001,25.70096526
El Salvador,SLV,2002,25.80561125
El Salvador,SLV,2003,25.90620503
El Salvador,SLV,2004,26.00314038
El Salvador,SLV,2005,26.09538952
El Salvador,SLV,2006,26.18397984
El Salvador,SLV,2007,26.26930378
El Salvador,SLV,2008,26.35247265
El Salvador,SLV,2009,26.43402222
El Salvador,SLV,2010,26.51449381
El Salvador,SLV,2011,26.59437248
El Salvador,SLV,2012,26.67298607
El Salvador,SLV,2013,26.75016262
El Salvador,SLV,2014,26.82719128
El Salvador,SLV,2015,26.90353006
Equatorial Guinea,GNQ,2000,21.44009077
Equatorial Guinea,GNQ,2001,21.50792466
Equatorial Guinea,GNQ,2002,21.57475516
Equatorial Guinea,GNQ,2003,21.64017633
Equatorial Guinea,GNQ,2004,21.7048689
Equatorial Guinea,GNQ,2005,21.76860179
Equatorial Guinea,GNQ,2006,21.83171892
Equatorial Guinea,GNQ,2007,21.89356304
Equatorial Guinea,GNQ,2008,21.95315394
Equatorial Guinea,GNQ,2009,22.01014675
Equatorial Guinea,GNQ,2010,22.06539897
Equatorial Guinea,GNQ,2011,22.11971907
Equatorial Guinea,GNQ,2012,22.17380722
Equatorial Guinea,GNQ,2013,22.22784009
Equatorial Guinea,GNQ,2014,22.28262375
Equatorial Guinea,GNQ,2015,22.33733491
Eritrea,ERI,2000,20.22225991
Eritrea,ERI,2001,20.25348938
Eritrea,ERI,2002,20.27959592
Eritrea,ERI,2003,20.30108599
Eritrea,ERI,2004,20.31837666
Eritrea,ERI,2005,20.32977312
Eritrea,ERI,2006,20.33698881
Eritrea,ERI,2007,20.34021254
Eritrea,ERI,2008,20.33974756
Eritrea,ERI,2009,20.33576213
Eritrea,ERI,2010,20.3303541
Eritrea,ERI,2011,20.3259232
Eritrea,ERI,2012,20.32300024
Eritrea,ERI,2013,20.32103354
Eritrea,ERI,2014,20.31997977
Eritrea,ERI,2015,20.31910317
Estonia,EST,2000,25.73950989
Estonia,EST,2001,25.84787485
Estonia,EST,2002,25.95891611
Estonia,EST,2003,26.07060304
Estonia,EST,2004,26.17922376
Estonia,EST,2005,26.28357882
Estonia,EST,2006,26.38226019
Estonia,EST,2007,26.47478367
Estonia,EST,2008,26.5596811
Estonia,EST,2009,26.63704664
Estonia,EST,2010,26.70770922
Estonia,EST,2011,26.77533282
Estonia,EST,2012,26.8413562
Estonia,EST,2013,26.90741643
Estonia,EST,2014,26.97380522
Estonia,EST,2015,27.04053275
Eswatini,SWZ,2000,23.24479143
Eswatini,SWZ,2001,23.33132751
Eswatini,SWZ,2002,23.41931671
Eswatini,SWZ,2003,23.50904005
Eswatini,SWZ,2004,23.60033778
Eswatini,SWZ,2005,23.69164163
Eswatini,SWZ,2006,23.78354192
Eswatini,SWZ,2007,23.87405671
Eswatini,SWZ,2008,23.96165927
Eswatini,SWZ,2009,24.04547101
Eswatini,SWZ,2010,24.12675147
Eswatini,SWZ,2011,24.20759046
Eswatini,SWZ,2012,24.28853654
Eswatini,SWZ,2013,24.36994557
Eswatini,SWZ,2014,24.45248653
Eswatini,SWZ,2015,24.53559782
Ethiopia,ETH,2000,19.75269578
Ethiopia,ETH,2001,19.79315259
Ethiopia,ETH,2002,19.82987255
Ethiopia,ETH,2003,19.86359506
Ethiopia,ETH,2004,19.89441501
Ethiopia,ETH,2005,19.92145641
Ethiopia,ETH,2006,19.94572843
Ethiopia,ETH,2007,19.96659893
Ethiopia,ETH,2008,19.98437536
Ethiopia,ETH,2009,19.99923005
Ethiopia,ETH,2010,20.01224712
Ethiopia,ETH,2011,20.02611342
Ethiopia,ETH,2012,20.04134107
Ethiopia,ETH,2013,20.05791469
Ethiopia,ETH,2014,20.07536564
Ethiopia,ETH,2015,20.09282568
Fiji,FJI,2000,25.21449168
Fiji,FJI,2001,25.30510933
Fiji,FJI,2002,25.39708798
Fiji,FJI,2003,25.49043572
Fiji,FJI,2004,25.58564599
Fiji,FJI,2005,25.68217048
Fiji,FJI,2006,25.7792087
Fiji,FJI,2007,25.87649619
Fiji,FJI,2008,25.97461558
Fiji,FJI,2009,26.07342125
Fiji,FJI,2010,26.17228164
Fiji,FJI,2011,26.27307811
Fiji,FJI,2012,26.37648677
Fiji,FJI,2013,26.48180368
Fiji,FJI,2014,26.58894075
Fiji,FJI,2015,26.69718793
Finland,FIN,2000,26.3216667
Finland,FIN,2001,26.36988693
Finland,FIN,2002,26.41371887
Finland,FIN,2003,26.45341089
Finland,FIN,2004,26.48881388
Finland,FIN,2005,26.518776
Finland,FIN,2006,26.54348024
Finland,FIN,2007,26.56211469
Finland,FIN,2008,26.57477397
Finland,FIN,2009,26.58317533
Finland,FIN,2010,26.58644982
Finland,FIN,2011,26.58520268
Finland,FIN,2012,26.58005493
Finland,FIN,2013,26.5722037
Finland,FIN,2014,26.56332723
Finland,FIN,2015,26.55423323
France,FRA,2000,25.47822224
France,FRA,2001,25.53290439
France,FRA,2002,25.58928285
France,FRA,2003,25.64706773
France,FRA,2004,25.70406917
France,FRA,2005,25.75867184
France,FRA,2006,25.81032126
France,FRA,2007,25.85773315
France,FRA,2008,25.89964231
France,FRA,2009,25.93455557
France,FRA,2010,25.96314178
France,FRA,2011,25.98607758
France,FRA,2012,26.00501729
France,FRA,2013,26.02205896
France,FRA,2014,26.03888503
France,FRA,2015,26.05554699
French Polynesia,PYF,2000,29.40551579
French Polynesia,PYF,2001,29.41240209
French Polynesia,PYF,2002,29.41862271
French Polynesia,PYF,2003,29.42533188
French Polynesia,PYF,2004,29.43351265
French Polynesia,PYF,2005,29.44343836
French Polynesia,PYF,2006,29.45506981
French Polynesia,PYF,2007,29.46910774
French Polynesia,PYF,2008,29.48563171
French Polynesia,PYF,2009,29.50458421
French Polynesia,PYF,2010,29.5245483
French Polynesia,PYF,2011,29.5461648
French Polynesia,PYF,2012,29.56849732
French Polynesia,PYF,2013,29.5914672
French Polynesia,PYF,2014,29.61541163
French Polynesia,PYF,2015,29.63941808
Gabon,GAB,2000,23.04576931
Gabon,GAB,2001,23.13334136
Gabon,GAB,2002,23.21903096
Gabon,GAB,2003,23.30256353
Gabon,GAB,2004,23.38477498
Gabon,GAB,2005,23.46438452
Gabon,GAB,2006,23.54083115
Gabon,GAB,2007,23.61383549
Gabon,GAB,2008,23.682695
Gabon,GAB,2009,23.74745463
Gabon,GAB,2010,23.80897806
Gabon,GAB,2011,23.86754325
Gabon,GAB,2012,23.92446328
Gabon,GAB,2013,23.9802197
Gabon,GAB,2014,24.03532005
Gabon,GAB,2015,24.09015275
Gambia,GMB,2000,21.36697092
Gambia,GMB,2001,21.5186348
Gambia,GMB,2002,21.67343016
Gambia,GMB,2003,21.83078329
Gambia,GMB,2004,21.98849716
Gambia,GMB,2005,22.1450172
Gambia,GMB,2006,22.29944713
Gambia,GMB,2007,22.44937125
Gambia,GMB,2008,22.5943878
Gambia,GMB,2009,22.73239029
Gambia,GMB,2010,22.86291293
Gambia,GMB,2011,22.98623425
Gambia,GMB,2012,23.10400447
Gambia,GMB,2013,23.21847537
Gambia,GMB,2014,23.33240881
Gambia,GMB,2015,23.44597904
Georgia,GEO,2000,25.81366949
Georgia,GEO,2001,25.89947559
Georgia,GEO,2002,25.98966971
Georgia,GEO,2003,26.08459498
Georgia,GEO,2004,26.1839626
Georgia,GEO,2005,26.28816426
Georgia,GEO,2006,26.39787475
Georgia,GEO,2007,26.51294558
Georgia,GEO,2008,26.63360749
Georgia,GEO,2009,26.75876907
Georgia,GEO,2010,26.88655059
Georgia,GEO,2011,27.01688569
Georgia,GEO,2012,27.14923781
Georgia,GEO,2013,27.28264098
Georgia,GEO,2014,27.41782222
Georgia,GEO,2015,27.55347287
Germany,DEU,2000,26.49500018
Germany,DEU,2001,26.57301607
Germany,DEU,2002,26.65205238
Germany,DEU,2003,26.73148504
Germany,DEU,2004,26.81051982
Germany,DEU,2005,26.88729
Germany,DEU,2006,26.9616123
Germany,DEU,2007,27.03195045
Germany,DEU,2008,27.09777838
Germany,DEU,2009,27.15883644
Germany,DEU,2010,27.21413542
Germany,DEU,2011,27.26496901
Germany,DEU,2012,27.3116693
Germany,DEU,2013,27.3556894
Germany,DEU,2014,27.39878484
Germany,DEU,2015,27.44128879
Ghana,GHA,2000,22.07237249
Ghana,GHA,2001,22.14643242
Ghana,GHA,2002,22.21768027
Ghana,GHA,2003,22.28664119
Ghana,GHA,2004,22.35138609
Ghana,GHA,2005,22.4096128
Ghana,GHA,2006,22.46108696
Ghana,GHA,2007,22.50437459
Ghana,GHA,2008,22.53860279
Ghana,GHA,2009,22.56299676
Ghana,GHA,2010,22.57820332
Ghana,GHA,2011,22.58660809
Ghana,GHA,2012,22.58963561
Ghana,GHA,2013,22.5898917
Ghana,GHA,2014,22.59006771
Ghana,GHA,2015,22.59036443
Greece,GRC,2000,26.86648904
Greece,GRC,2001,26.93650822
Greece,GRC,2002,27.00712949
Greece,GRC,2003,27.07849085
Greece,GRC,2004,27.14948534
Greece,GRC,2005,27.21773962
Greece,GRC,2006,27.28267013
Greece,GRC,2007,27.34231135
Greece,GRC,2008,27.39606169
Greece,GRC,2009,27.44341509
Greece,GRC,2010,27.4841287
Greece,GRC,2011,27.51841614
Greece,GRC,2012,27.54828962
Greece,GRC,2013,27.57572263
Greece,GRC,2014,27.60239518
Greece,GRC,2015,27.62935311
Greenland,GRL,2000,25.32973751
Greenland,GRL,2001,25.40170148
Greenland,GRL,2002,25.4727064
Greenland,GRL,2003,25.54285114
Greenland,GRL,2004,25.61109154
Greenland,GRL,2005,25.6761236
Greenland,GRL,2006,25.73798625
Greenland,GRL,2007,25.79555477
Greenland,GRL,2008,25.84801466
Greenland,GRL,2009,25.8959483
Greenland,GRL,2010,25.93832168
Greenland,GRL,2011,25.97661246
Greenland,GRL,2012,26.01100201
Greenland,GRL,2013,26.04326718
Greenland,GRL,2014,26.07457466
Greenland,GRL,2015,26.10590492
Grenada,GRD,2000,23.89045902
Grenada,GRD,2001,23.98247753
Grenada,GRD,2002,24.07311814
Grenada,GRD,2003,24.16278919
Grenada,GRD,2004,24.25098382
Grenada,GRD,2005,24.33824753
Grenada,GRD,2006,24.42428791
Grenada,GRD,2007,24.50948031
Grenada,GRD,2008,24.59394681
Grenada,GRD,2009,24.67813126
Grenada,GRD,2010,24.76226916
Grenada,GRD,2011,24.84681767
Grenada,GRD,2012,24.93082059
Grenada,GRD,2013,25.01435108
Grenada,GRD,2014,25.09789353
Grenada,GRD,2015,25.18168793
Guatemala,GTM,2000,24.45508638
Guatemala,GTM,2001,24.54997359
Guatemala,GTM,2002,24.64402415
Guatemala,GTM,2003,24.73695862
Guatemala,GTM,2004,24.82851633
Guatemala,GTM,2005,24.91787917
Guatemala,GTM,2006,25.00519269
Guatemala,GTM,2007,25.09060045
Guatemala,GTM,2008,25.17496362
Guatemala,GTM,2009,25.25810106
Guatemala,GTM,2010,25.3408253
Guatemala,GTM,2011,25.42362009
Guatemala,GTM,2012,25.50597902
Guatemala,GTM,2013,25.58722946
Guatemala,GTM,2014,25.66842105
Guatemala,GTM,2015,25.74940884
Guinea,GIN,2000,21.55522776
Guinea,GIN,2001,21.63545876
Guinea,GIN,2002,21.71541714
Guinea,GIN,2003,21.7950917
Guinea,GIN,2004,21.87276671
Guinea,GIN,2005,21.94675317
Guinea,GIN,2006,22.01718249
Guinea,GIN,2007,22.08260276
Guinea,GIN,2008,22.14224155
Guinea,GIN,2009,22.19514174
Guinea,GIN,2010,22.24152905
Guinea,GIN,2011,22.28319533
Guinea,GIN,2012,22.32104706
Guinea,GIN,2013,22.35701277
Guinea,GIN,2014,22.39379183
Guinea,GIN,2015,22.43095651
Guinea-Bissau,GNB,2000,21.75550839
Guinea-Bissau,GNB,2001,21.85273469
Guinea-Bissau,GNB,2002,21.94882485
Guinea-Bissau,GNB,2003,22.04414681
Guinea-Bissau,GNB,2004,22.13666555
Guinea-Bissau,GNB,2005,22.22470158
Guinea-Bissau,GNB,2006,22.30824338
Guinea-Bissau,GNB,2007,22.38629362
Guinea-Bissau,GNB,2008,22.45802724
Guinea-Bissau,GNB,2009,22.52273139
Guinea-Bissau,GNB,2010,22.58025915
Guinea-Bissau,GNB,2011,22.63204632
Guinea-Bissau,GNB,2012,22.67888701
Guinea-Bissau,GNB,2013,22.72329034
Guinea-Bissau,GNB,2014,22.76774363
Guinea-Bissau,GNB,2015,22.81176024
Guyana,GUY,2000,23.72365644
Guyana,GUY,2001,23.81219899
Guyana,GUY,2002,23.90089989
Guyana,GUY,2003,23.98966276
Guyana,GUY,2004,24.07872381
Guyana,GUY,2005,24.16799923
Guyana,GUY,2006,24.25757625
Guyana,GUY,2007,24.34752462
Guyana,GUY,2008,24.43797253
Guyana,GUY,2009,24.5287851
Guyana,GUY,2010,24.6199771
Guyana,GUY,2011,24.71289962
Guyana,GUY,2012,24.80612457
Guyana,GUY,2013,24.89927203
Guyana,GUY,2014,24.99280047
Guyana,GUY,2015,25.08693127
Haiti,HTI,2000,24.4695187
Haiti,HTI,2001,24.59419743
Haiti,HTI,2002,24.72375666
Haiti,HTI,2003,24.85750833
Haiti,HTI,2004,24.99464018
Haiti,HTI,2005,25.13375249
Haiti,HTI,2006,25.27379611
Haiti,HTI,2007,25.41474819
Haiti,HTI,2008,25.55552404
Haiti,HTI,2009,25.69587695
Haiti,HTI,2010,25.83557038
Haiti,HTI,2011,25.97314255
Haiti,HTI,2012,26.10782929
Haiti,HTI,2013,26.23995598
Haiti,HTI,2014,26.36974682
Haiti,HTI,2015,26.4981443
High-income Asia Pacific,,2000,23.1808141
High-income Asia Pacific,,2001,23.23349788
High-income Asia Pacific,,2002,23.28887653
High-income Asia Pacific,,2003,23.34549954
High-income Asia Pacific,,2004,23.40257436
High-income Asia Pacific,,2005,23.45903391
High-income Asia Pacific,,2006,23.51198431
High-income Asia Pacific,,2007,23.56196846
High-income Asia Pacific,,2008,23.6101068
High-income Asia Pacific,,2009,23.65652607
High-income Asia Pacific,,2010,23.70140172
High-income Asia Pacific,,2011,23.74427572
High-income Asia Pacific,,2012,23.78607314
High-income Asia Pacific,,2013,23.82732275
High-income Asia Pacific,,2014,23.86808952
High-income Asia Pacific,,2015,23.90896743
High-income Western countries,,2000,26.8424225
High-income Western countries,,2001,26.94265698
High-income Western countries,,2002,27.03966002
High-income Western countries,,2003,27.13322072
High-income Western countries,,2004,27.22267272
High-income Western countries,,2005,27.30680111
High-income Western countries,,2006,27.38559341
High-income Western countries,,2007,27.45776308
High-income Western countries,,2008,27.52278486
High-income Western countries,,2009,27.580004
High-income Western countries,,2010,27.62878867
High-income Western countries,,2011,27.67027313
High-income Western countries,,2012,27.70596293
High-income Western countries,,2013,27.73870462
High-income Western countries,,2014,27.77024848
High-income Western countries,,2015,27.80176228
Honduras,HND,2000,24.57887396
Honduras,HND,2001,24.67790238
Honduras,HND,2002,24.77586554
Honduras,HND,2003,24.87213299
Honduras,HND,2004,24.96683806
Honduras,HND,2005,25.05942442
Honduras,HND,2006,25.15030059
Honduras,HND,2007,25.23975902
Honduras,HND,2008,25.32826194
Honduras,HND,2009,25.41576445
Honduras,HND,2010,25.50250701
Honduras,HND,2011,25.58879457
Honduras,HND,2012,25.67406022
Honduras,HND,2013,25.75822525
Honduras,HND,2014,25.84217538
Honduras,HND,2015,25.92582168
Hong Kong,HKG,2000,23.72910177
Hong Kong,HKG,2001,23.77000153
Hong Kong,HKG,2002,23.8117303
Hong Kong,HKG,2003,23.85498175
Hong Kong,HKG,2004,23.8996026
Hong Kong,HKG,2005,23.94637229
Hong Kong,HKG,2006,23.99607943
Hong Kong,HKG,2007,24.04916759
Hong Kong,HKG,2008,24.10388342
Hong Kong,HKG,2009,24.16108304
Hong Kong,HKG,2010,24.22032854
Hong Kong,HKG,2011,24.28344343
Hong Kong,HKG,2012,24.35063411
Hong Kong,HKG,2013,24.42122614
Hong Kong,HKG,2014,24.49492112
Hong Kong,HKG,2015,24.57139386
Hungary,HUN,2000,26.59105011
Hungary,HUN,2001,26.68551988
Hungary,HUN,2002,26.78522979
Hungary,HUN,2003,26.88920876
Hungary,HUN,2004,26.99669727
Hungary,HUN,2005,27.10675403
Hungary,HUN,2006,27.21912767
Hungary,HUN,2007,27.33322138
Hungary,HUN,2008,27.44769832
Hungary,HUN,2009,27.56215996
Hungary,HUN,2010,27.67660481
Hungary,HUN,2011,27.79179466
Hungary,HUN,2012,27.90866222
Hungary,HUN,2013,28.02743138
Hungary,HUN,2014,28.14857697
Hungary,HUN,2015,28.27164273
Iceland,ISL,2000,26.16290869
Iceland,ISL,2001,26.2456729
Iceland,ISL,2002,26.32814319
Iceland,ISL,2003,26.40949302
Iceland,ISL,2004,26.48924143
Iceland,ISL,2005,26.56625841
Iceland,ISL,2006,26.64043956
Iceland,ISL,2007,26.71042803
Iceland,ISL,2008,26.7753725
Iceland,ISL,2009,26.83583507
Iceland,ISL,2010,26.89135019
Iceland,ISL,2011,26.94238898
Iceland,ISL,2012,26.9892069
Iceland,ISL,2013,27.03317745
Iceland,ISL,2014,27.07598366
Iceland,ISL,2015,27.11867107
India,IND,2000,20.68330202
India,IND,2001,20.75923832
India,IND,2002,20.83484813
India,IND,2003,20.90878197
India,IND,2004,20.97924642
India,IND,2005,21.04613709
India,IND,2006,21.11063362
India,IND,2007,21.17568547
India,IND,2008,21.24147163
India,IND,2009,21.30801006
India,IND,2010,21.37529485
India,IND,2011,21.44427447
India,IND,2012,21.51565154
India,IND,2013,21.58970994
India,IND,2014,21.66416247
India,IND,2015,21.73911153
Indonesia,IDN,2000,21.13279246
Indonesia,IDN,2001,21.21588606
Indonesia,IDN,2002,21.30030564
Indonesia,IDN,2003,21.38584026
Indonesia,IDN,2004,21.47220725
Indonesia,IDN,2005,21.56015326
Indonesia,IDN,2006,21.64872161
Indonesia,IDN,2007,21.73762073
Indonesia,IDN,2008,21.82673991
Indonesia,IDN,2009,21.91676878
Indonesia,IDN,2010,22.00793114
Indonesia,IDN,2011,22.10146496
Indonesia,IDN,2012,22.19664936
Indonesia,IDN,2013,22.29278068
Indonesia,IDN,2014,22.39012316
Indonesia,IDN,2015,22.48871007
Iran,IRN,2000,24.36974789
Iran,IRN,2001,24.45145148
Iran,IRN,2002,24.52929207
Iran,IRN,2003,24.60384077
Iran,IRN,2004,24.67508932
Iran,IRN,2005,24.7427538
Iran,IRN,2006,24.80692643
Iran,IRN,2007,24.86974929
Iran,IRN,2008,24.93351657
Iran,IRN,2009,24.99729453
Iran,IRN,2010,25.05943837
Iran,IRN,2011,25.11946783
Iran,IRN,2012,25.17698606
Iran,IRN,2013,25.23277537
Iran,IRN,2014,25.28746469
Iran,IRN,2015,25.34127062
Iraq,IRQ,2000,26.23931397
Iraq,IRQ,2001,26.32726833
Iraq,IRQ,2002,26.41625936
Iraq,IRQ,2003,26.5066913
Iraq,IRQ,2004,26.59911216
Iraq,IRQ,2005,26.69322662
Iraq,IRQ,2006,26.78946906
Iraq,IRQ,2007,26.88965955
Iraq,IRQ,2008,26.99601659
Iraq,IRQ,2009,27.10750948
Iraq,IRQ,2010,27.22237355
Iraq,IRQ,2011,27.34053562
Iraq,IRQ,2012,27.4607745
Iraq,IRQ,2013,27.58249141
Iraq,IRQ,2014,27.70566567
Iraq,IRQ,2015,27.82863352
Ireland,IRL,2000,26.90113835
Ireland,IRL,2001,27.00649807
Ireland,IRL,2002,27.10952969
Ireland,IRL,2003,27.20960809
Ireland,IRL,2004,27.30633593
Ireland,IRL,2005,27.39844113
Ireland,IRL,2006,27.48601989
Ireland,IRL,2007,27.56854226
Ireland,IRL,2008,27.64569831
Ireland,IRL,2009,27.71726892
Ireland,IRL,2010,27.78195935
Ireland,IRL,2011,27.84052478
Ireland,IRL,2012,27.89390187
Ireland,IRL,2013,27.94465213
Ireland,IRL,2014,27.99437537
Ireland,IRL,2015,28.04430241
Israel,ISR,2000,26.2357679
Israel,ISR,2001,26.34678521
Israel,ISR,2002,26.46008099
Israel,ISR,2003,26.57476864
Israel,ISR,2004,26.68929115
Israel,ISR,2005,26.80212117
Israel,ISR,2006,26.91270954
Israel,ISR,2007,27.0200458
Israel,ISR,2008,27.12293168
Israel,ISR,2009,27.22033358
Israel,ISR,2010,27.31253331
Israel,ISR,2011,27.40041712
Israel,ISR,2012,27.48573318
Israel,ISR,2013,27.57007392
Israel,ISR,2014,27.65513508
Israel,ISR,2015,27.74111499
Italy,ITA,2000,26.12721843
Italy,ITA,2001,26.20842772
Italy,ITA,2002,26.28709016
Italy,ITA,2003,26.36282806
Italy,ITA,2004,26.43355829
Italy,ITA,2005,26.49692152
Italy,ITA,2006,26.55247751
Italy,ITA,2007,26.59870306
Italy,ITA,2008,26.63442679
Italy,ITA,2009,26.65907754
Italy,ITA,2010,26.67294813
Italy,ITA,2011,26.67785406
Italy,ITA,2012,26.67577112
Italy,ITA,2013,26.67018428
Italy,ITA,2014,26.66303918
Italy,ITA,2015,26.65554418
Jamaica,JAM,2000,23.95919286
Jamaica,JAM,2001,24.08366712
Jamaica,JAM,2002,24.2087951
Jamaica,JAM,2003,24.33491335
Jamaica,JAM,2004,24.46142479
Jamaica,JAM,2005,24.58793024
Jamaica,JAM,2006,24.71452461
Jamaica,JAM,2007,24.84128241
Jamaica,JAM,2008,24.9679864
Jamaica,JAM,2009,25.09440627
Jamaica,JAM,2010,25.22092132
Jamaica,JAM,2011,25.34798344
Jamaica,JAM,2012,25.47439299
Jamaica,JAM,2013,25.60028621
Jamaica,JAM,2014,25.72579557
Jamaica,JAM,2015,25.85155025
Japan,JPN,2000,23.06317363
Japan,JPN,2001,23.10548327
Japan,JPN,2002,23.15188131
Japan,JPN,2003,23.20063454
Japan,JPN,2004,23.25092548
Japan,JPN,2005,23.30140838
Japan,JPN,2006,23.34861994
Japan,JPN,2007,23.39285145
Japan,JPN,2008,23.43494178
Japan,JPN,2009,23.47462104
Japan,JPN,2010,23.51175857
Japan,JPN,2011,23.54498057
Japan,JPN,2012,23.57542386
Japan,JPN,2013,23.6038337
Japan,JPN,2014,23.63065087
Japan,JPN,2015,23.65673215
Jordan,JOR,2000,26.85978303
Jordan,JOR,2001,26.95753954
Jordan,JOR,2002,27.0528146
Jordan,JOR,2003,27.14716004
Jordan,JOR,2004,27.24152409
Jordan,JOR,2005,27.33647282
Jordan,JOR,2006,27.43281566
Jordan,JOR,2007,27.53192358
Jordan,JOR,2008,27.63599731
Jordan,JOR,2009,27.74329339
Jordan,JOR,2010,27.85180818
Jordan,JOR,2011,27.96111279
Jordan,JOR,2012,28.07039426
Jordan,JOR,2013,28.17946602
Jordan,JOR,2014,28.28877888
Jordan,JOR,2015,28.39733058
Kazakhstan,KAZ,2000,25.20962444
Kazakhstan,KAZ,2001,25.27261298
Kazakhstan,KAZ,2002,25.33685474
Kazakhstan,KAZ,2003,25.40328341
Kazakhstan,KAZ,2004,25.47190677
Kazakhstan,KAZ,2005,25.54328723
Kazakhstan,KAZ,2006,25.61784299
Kazakhstan,KAZ,2007,25.69586585
Kazakhstan,KAZ,2008,25.77751574
Kazakhstan,KAZ,2009,25.86145068
Kazakhstan,KAZ,2010,25.94723724
Kazakhstan,KAZ,2011,26.03484148
Kazakhstan,KAZ,2012,26.12360204
Kazakhstan,KAZ,2013,26.21297614
Kazakhstan,KAZ,2014,26.303491
Kazakhstan,KAZ,2015,26.39460399
Kenya,KEN,2000,21.3879485
Kenya,KEN,2001,21.45330112
Kenya,KEN,2002,21.51691186
Kenya,KEN,2003,21.57872103
Kenya,KEN,2004,21.63901309
Kenya,KEN,2005,21.69646077
Kenya,KEN,2006,21.75166503
Kenya,KEN,2007,21.80441957
Kenya,KEN,2008,21.85439069
Kenya,KEN,2009,21.90143018
Kenya,KEN,2010,21.94683781
Kenya,KEN,2011,21.99250109
Kenya,KEN,2012,22.03840979
Kenya,KEN,2013,22.08444396
Kenya,KEN,2014,22.13115188
Kenya,KEN,2015,22.1780619
Kiribati,KIR,2000,28.31342414
Kiribati,KIR,2001,28.38015186
Kiribati,KIR,2002,28.44089061
Kiribati,KIR,2003,28.4971573
Kiribati,KIR,2004,28.55045565
Kiribati,KIR,2005,28.60139588
Kiribati,KIR,2006,28.65013132
Kiribati,KIR,2007,28.69800588
Kiribati,KIR,2008,28.74612133
Kiribati,KIR,2009,28.79513188
Kiribati,KIR,2010,28.84430184
Kiribati,KIR,2011,28.89545053
Kiribati,KIR,2012,28.94849869
Kiribati,KIR,2013,29.00249657
Kiribati,KIR,2014,29.05758195
Kiribati,KIR,2015,29.11343124
Kuwait,KWT,2000,27.65723527
Kuwait,KWT,2001,27.74361778
Kuwait,KWT,2002,27.82925946
Kuwait,KWT,2003,27.91440527
Kuwait,KWT,2004,27.99962645
Kuwait,KWT,2005,28.08426846
Kuwait,KWT,2006,28.16905735
Kuwait,KWT,2007,28.25584078
Kuwait,KWT,2008,28.34749916
Kuwait,KWT,2009,28.4444582
Kuwait,KWT,2010,28.54568514
Kuwait,KWT,2011,28.6505317
Kuwait,KWT,2012,28.757458
Kuwait,KWT,2013,28.86563593
Kuwait,KWT,2014,28.97507951
Kuwait,KWT,2015,29.08421368
Kyrgyzstan,KGZ,2000,24.5806903
Kyrgyzstan,KGZ,2001,24.65390001
Kyrgyzstan,KGZ,2002,24.73029305
Kyrgyzstan,KGZ,2003,24.81031166
Kyrgyzstan,KGZ,2004,24.89419876
Kyrgyzstan,KGZ,2005,24.98266594
Kyrgyzstan,KGZ,2006,25.07530746
Kyrgyzstan,KGZ,2007,25.17206215
Kyrgyzstan,KGZ,2008,25.27332966
Kyrgyzstan,KGZ,2009,25.3771448
Kyrgyzstan,KGZ,2010,25.48290159
Kyrgyzstan,KGZ,2011,25.59032962
Kyrgyzstan,KGZ,2012,25.69891126
Kyrgyzstan,KGZ,2013,25.8078747
Kyrgyzstan,KGZ,2014,25.91763132
Kyrgyzstan,KGZ,2015,26.02755189
Laos,LAO,2000,20.93843334
Laos,LAO,2001,21.0375186
Laos,LAO,2002,21.13991306
Laos,LAO,2003,21.24538023
Laos,LAO,2004,21.3534559
Laos,LAO,2005,21.46428848
Laos,LAO,2006,21.57760208
Laos,LAO,2007,21.69259879
Laos,LAO,2008,21.80875347
Laos,LAO,2009,21.92632878
Laos,LAO,2010,22.04534913
Laos,LAO,2011,22.16722206
Laos,LAO,2012,22.29136287
Laos,LAO,2013,22.41632467
Laos,LAO,2014,22.54232635
Laos,LAO,2015,22.66914386
Latin America and Caribbean,,2000,25.24870922
Latin America and Caribbean,,2001,25.33797049
Latin America and Caribbean,,2002,25.42737816
Latin America and Caribbean,,2003,25.51729155
Latin America and Caribbean,,2004,25.60852621
Latin America and Caribbean,,2005,25.70088091
Latin America and Caribbean,,2006,25.79457633
Latin America and Caribbean,,2007,25.88962704
Latin America and Caribbean,,2008,25.9861999
Latin America and Caribbean,,2009,26.08415529
Latin America and Caribbean,,2010,26.1835458
Latin America and Caribbean,,2011,26.2844066
Latin America and Caribbean,,2012,26.38597527
Latin America and Caribbean,,2013,26.48758462
Latin America and Caribbean,,2014,26.58959703
Latin America and Caribbean,,2015,26.69161494
Latvia,LVA,2000,25.71328149
Latvia,LVA,2001,25.804824
Latvia,LVA,2002,25.90120833
Latvia,LVA,2003,26.00129171
Latvia,LVA,2004,26.10267504
Latvia,LVA,2005,26.20415392
Latvia,LVA,2006,26.30457314
Latvia,LVA,2007,26.40321921
Latvia,LVA,2008,26.49848867
Latvia,LVA,2009,26.58982962
Latvia,LVA,2010,26.67748368
Latvia,LVA,2011,26.76373396
Latvia,LVA,2012,26.84929474
Latvia,LVA,2013,26.93485455
Latvia,LVA,2014,27.02112421
Latvia,LVA,2015,27.10745356
Lebanon,LBN,2000,26.44767647
Lebanon,LBN,2001,26.54648565
Lebanon,LBN,2002,26.6443612
Lebanon,LBN,2003,26.74213186
Lebanon,LBN,2004,26.84005645
Lebanon,LBN,2005,26.93771281
Lebanon,LBN,2006,27.03562945
Lebanon,LBN,2007,27.13562394
Lebanon,LBN,2008,27.2399006
Lebanon,LBN,2009,27.34741566
Lebanon,LBN,2010,27.45644545
Lebanon,LBN,2011,27.56703104
Lebanon,LBN,2012,27.6781438
Lebanon,LBN,2013,27.78942114
Lebanon,LBN,2014,27.90108797
Lebanon,LBN,2015,28.01263058
Lesotho,LSO,2000,21.59530603
Lesotho,LSO,2001,21.67681227
Lesotho,LSO,2002,21.75939551
Lesotho,LSO,2003,21.84321035
Lesotho,LSO,2004,21.92779544
Lesotho,LSO,2005,22.01257001
Lesotho,LSO,2006,22.09683717
Lesotho,LSO,2007,22.17888031
Lesotho,LSO,2008,22.25732781
Lesotho,LSO,2009,22.33154978
Lesotho,LSO,2010,22.40253757
Lesotho,LSO,2011,22.47260737
Lesotho,LSO,2012,22.54162627
Lesotho,LSO,2013,22.60935266
Lesotho,LSO,2014,22.67718248
Lesotho,LSO,2015,22.74478919
Liberia,LBR,2000,22.93354995
Liberia,LBR,2001,22.97369902
Liberia,LBR,2002,23.01816767
Liberia,LBR,2003,23.06533157
Liberia,LBR,2004,23.11172403
Liberia,LBR,2005,23.15458635
Liberia,LBR,2006,23.19234704
Liberia,LBR,2007,23.22337078
Liberia,LBR,2008,23.24623445
Liberia,LBR,2009,23.25903516
Liberia,LBR,2010,23.26140871
Liberia,LBR,2011,23.25526667
Liberia,LBR,2012,23.24132978
Liberia,LBR,2013,23.22349412
Liberia,LBR,2014,23.20656943
Liberia,LBR,2015,23.18944146
Libya,LBY,2000,25.97855921
Libya,LBY,2001,26.04216162
Libya,LBY,2002,26.1042599
Libya,LBY,2003,26.16520036
Libya,LBY,2004,26.22528656
Libya,LBY,2005,26.28422464
Libya,LBY,2006,26.3428748
Libya,LBY,2007,26.40359746
Libya,LBY,2008,26.46871681
Libya,LBY,2009,26.53693366
Libya,LBY,2010,26.60715386
Libya,LBY,2011,26.67948851
Libya,LBY,2012,26.75305026
Libya,LBY,2013,26.82715928
Libya,LBY,2014,26.90212615
Libya,LBY,2015,26.97740739
Lithuania,LTU,2000,26.13244116
Lithuania,LTU,2001,26.19489644
Lithuania,LTU,2002,26.26236335
Lithuania,LTU,2003,26.33411331
Lithuania,LTU,2004,26.40783993
Lithuania,LTU,2005,26.4822194
Lithuania,LTU,2006,26.55687505
Lithuania,LTU,2007,26.63069393
Lithuania,LTU,2008,26.70171381
Lithuania,LTU,2009,26.77006705
Lithuania,LTU,2010,26.83572741
Lithuania,LTU,2011,26.89992044
Lithuania,LTU,2012,26.96332654
Lithuania,LTU,2013,27.0265167
Lithuania,LTU,2014,27.09018652
Lithuania,LTU,2015,27.15383776
Luxembourg,LUX,2000,26.22599759
Luxembourg,LUX,2001,26.31422492
Luxembourg,LUX,2002,26.40203851
Luxembourg,LUX,2003,26.48896476
Luxembourg,LUX,2004,26.57417606
Luxembourg,LUX,2005,26.65617582
Luxembourg,LUX,2006,26.73434986
Luxembourg,LUX,2007,26.80731877
Luxembourg,LUX,2008,26.87421614
Luxembourg,LUX,2009,26.93583866
Luxembourg,LUX,2010,26.99118262
Luxembourg,LUX,2011,27.04110241
Luxembourg,LUX,2012,27.0859871
Luxembourg,LUX,2013,27.12758295
Luxembourg,LUX,2014,27.16737369
Luxembourg,LUX,2015,27.20635551
Madagascar,MDG,2000,20.83110452
Madagascar,MDG,2001,20.88385302
Madagascar,MDG,2002,20.93473185
Madagascar,MDG,2003,20.98377772
Madagascar,MDG,2004,21.03194804
Madagascar,MDG,2005,21.07830373
Madagascar,MDG,2006,21.1249911
Madagascar,MDG,2007,21.1712458
Madagascar,MDG,2008,21.21668178
Madagascar,MDG,2009,21.26063159
Madagascar,MDG,2010,21.30385524
Madagascar,MDG,2011,21.34802679
Madagascar,MDG,2012,21.39319675
Madagascar,MDG,2013,21.43885222
Madagascar,MDG,2014,21.48526885
Madagascar,MDG,2015,21.531647
Malawi,MWI,2000,21.53583343
Malawi,MWI,2001,21.61632891
Malawi,MWI,2002,21.6947894
Malawi,MWI,2003,21.77107304
Malawi,MWI,2004,21.84559846
Malawi,MWI,2005,21.91738314
Malawi,MWI,2006,21.98697492
Malawi,MWI,2007,22.05385567
Malawi,MWI,2008,22.11760038
Malawi,MWI,2009,22.17801342
Malawi,MWI,2010,22.23636434
Malawi,MWI,2011,22.29488663
Malawi,MWI,2012,22.35420073
Malawi,MWI,2013,22.4142858
Malawi,MWI,2014,22.47520458
Malawi,MWI,2015,22.53632451
Malaysia,MYS,2000,23.61284686
Malaysia,MYS,2001,23.73573512
Malaysia,MYS,2002,23.85733082
Malaysia,MYS,2003,23.97716993
Malaysia,MYS,2004,24.09511683
Malaysia,MYS,2005,24.21140098
Malaysia,MYS,2006,24.32601482
Malaysia,MYS,2007,24.43819478
Malaysia,MYS,2008,24.54764707
Malaysia,MYS,2009,24.65477924
Malaysia,MYS,2010,24.76068397
Malaysia,MYS,2011,24.86697157
Malaysia,MYS,2012,24.97356078
Malaysia,MYS,2013,25.07996866
Malaysia,MYS,2014,25.18671194
Malaysia,MYS,2015,25.29432954
Maldives,MDV,2000,22.48076161
Maldives,MDV,2001,22.59667247
Maldives,MDV,2002,22.72027753
Maldives,MDV,2003,22.85048001
Maldives,MDV,2004,22.98706235
Maldives,MDV,2005,23.12927703
Maldives,MDV,2006,23.27614644
Maldives,MDV,2007,23.42607843
Maldives,MDV,2008,23.57856934
Maldives,MDV,2009,23.73284569
Maldives,MDV,2010,23.88884201
Maldives,MDV,2011,24.04690022
Maldives,MDV,2012,24.20588017
Maldives,MDV,2013,24.36503242
Maldives,MDV,2014,24.52431147
Maldives,MDV,2015,24.68409528
Mali,MLI,2000,21.64198752
Mali,MLI,2001,21.74865266
Mali,MLI,2002,21.85642876
Mali,MLI,2003,21.96482858
Mali,MLI,2004,22.07191509
Mali,MLI,2005,22.17568786
Mali,MLI,2006,22.27592898
Mali,MLI,2007,22.37096496
Mali,MLI,2008,22.46004868
Mali,MLI,2009,22.5420068
Mali,MLI,2010,22.61679204
Mali,MLI,2011,22.68619339
Mali,MLI,2012,22.75106423
Mali,MLI,2013,22.81359858
Mali,MLI,2014,22.87613033
Mali,MLI,2015,22.93814775
Malta,MLT,2000,27.26898609
Malta,MLT,2001,27.34483609
Malta,MLT,2002,27.4193707
Malta,MLT,2003,27.49197397
Malta,MLT,2004,27.5614506
Malta,MLT,2005,27.62628376
Malta,MLT,2006,27.68568954
Malta,MLT,2007,27.73824469
Malta,MLT,2008,27.78351979
Malta,MLT,2009,27.82109228
Malta,MLT,2010,27.85103701
Malta,MLT,2011,27.87470211
Malta,MLT,2012,27.89344432
Malta,MLT,2013,27.90940455
Malta,MLT,2014,27.92447568
Malta,MLT,2015,27.93964227
Marshall Islands,MHL,2000,28.52463357
Marshall Islands,MHL,2001,28.54888488
Marshall Islands,MHL,2002,28.57233866
Marshall Islands,MHL,2003,28.59657945
Marshall Islands,MHL,2004,28.6226619
Marshall Islands,MHL,2005,28.65014124
Marshall Islands,MHL,2006,28.67978884
Marshall Islands,MHL,2007,28.71217362
Marshall Islands,MHL,2008,28.74662426
Marshall Islands,MHL,2009,28.78349003
Marshall Islands,MHL,2010,28.82158536
Marshall Islands,MHL,2011,28.8613693
Marshall Islands,MHL,2012,28.90240411
Marshall Islands,MHL,2013,28.94499185
Marshall Islands,MHL,2014,28.98855037
Marshall Islands,MHL,2015,29.0327298
Mauritania,MRT,2000,22.3444058
Mauritania,MRT,2001,22.43855496
Mauritania,MRT,2002,22.53164744
Mauritania,MRT,2003,22.62362996
Mauritania,MRT,2004,22.71292061
Mauritania,MRT,2005,22.79798909
Mauritania,MRT,2006,22.87824491
Mauritania,MRT,2007,22.95252959
Mauritania,MRT,2008,23.02012707
Mauritania,MRT,2009,23.0799953
Mauritania,MRT,2010,23.1321438
Mauritania,MRT,2011,23.17792955
Mauritania,MRT,2012,23.21864179
Mauritania,MRT,2013,23.25670219
Mauritania,MRT,2014,23.29487958
Mauritania,MRT,2015,23.3325681
Mauritius,MUS,2000,24.01131136
Mauritius,MUS,2001,24.07047115
Mauritius,MUS,2002,24.1261515
Mauritius,MUS,2003,24.17902109
Mauritius,MUS,2004,24.22952746
Mauritius,MUS,2005,24.27644848
Mauritius,MUS,2006,24.32069829
Mauritius,MUS,2007,24.36216383
Mauritius,MUS,2008,24.40045424
Mauritius,MUS,2009,24.43529353
Mauritius,MUS,2010,24.46806136
Mauritius,MUS,2011,24.50084915
Mauritius,MUS,2012,24.5338935
Mauritius,MUS,2013,24.56717478
Mauritius,MUS,2014,24.60124453
Mauritius,MUS,2015,24.63542765
Mexico,MEX,2000,26.46993867
Mexico,MEX,2001,26.55751652
Mexico,MEX,2002,26.64259665
Mexico,MEX,2003,26.72475012
Mexico,MEX,2004,26.80381765
Mexico,MEX,2005,26.87962468
Mexico,MEX,2006,26.95245083
Mexico,MEX,2007,27.02258128
Mexico,MEX,2008,27.09145861
Mexico,MEX,2009,27.15921105
Mexico,MEX,2010,27.22700637
Mexico,MEX,2011,27.29587229
Mexico,MEX,2012,27.36480328
Mexico,MEX,2013,27.43265491
Mexico,MEX,2014,27.50022031
Mexico,MEX,2015,27.56749763
Micronesia (country),FSM,2000,27.66066143
Micronesia (country),FSM,2001,27.68039517
Micronesia (country),FSM,2002,27.70146316
Micronesia (country),FSM,2003,27.72511659
Micronesia (country),FSM,2004,27.75259418
Micronesia (country),FSM,2005,27.78435313
Micronesia (country),FSM,2006,27.82042882
Micronesia (country),FSM,2007,27.86081143
Micronesia (country),FSM,2008,27.90556546
Micronesia (country),FSM,2009,27.9542262
Micronesia (country),FSM,2010,28.0044862
Micronesia (country),FSM,2011,28.05684113
Micronesia (country),FSM,2012,28.11090493
Micronesia (country),FSM,2013,28.16623605
Micronesia (country),FSM,2014,28.22288809
Micronesia (country),FSM,2015,28.28030449
Moldova,MDA,2000,25.32054925
Moldova,MDA,2001,25.41304897
Moldova,MDA,2002,25.50896233
Moldova,MDA,2003,25.60751982
Moldova,MDA,2004,25.70673128
Moldova,MDA,2005,25.80581959
Moldova,MDA,2006,25.90341182
Moldova,MDA,2007,25.99893863
Moldova,MDA,2008,26.09120842
Moldova,MDA,2009,26.17993043
Moldova,MDA,2010,26.26549065
Moldova,MDA,2011,26.35018444
Moldova,MDA,2012,26.43467252
Moldova,MDA,2013,26.51979846
Moldova,MDA,2014,26.60564383
Moldova,MDA,2015,26.6924838
Mongolia,MNG,2000,23.94021434
Mongolia,MNG,2001,24.02517818
Mongolia,MNG,2002,24.11968615
Mongolia,MNG,2003,24.22360401
Mongolia,MNG,2004,24.33635122
Mongolia,MNG,2005,24.45846096
Mongolia,MNG,2006,24.58877063
Mongolia,MNG,2007,24.72602444
Mongolia,MNG,2008,24.8697869
Mongolia,MNG,2009,25.01690104
Mongolia,MNG,2010,25.16539387
Mongolia,MNG,2011,25.31464669
Mongolia,MNG,2012,25.46343732
Mongolia,MNG,2013,25.61132329
Mongolia,MNG,2014,25.75889135
Mongolia,MNG,2015,25.90569314
Montenegro,MNE,2000,25.59326215
Montenegro,MNE,2001,25.69745254
Montenegro,MNE,2002,25.80278283
Montenegro,MNE,2003,25.90865328
Montenegro,MNE,2004,26.01483747
Montenegro,MNE,2005,26.1209194
Montenegro,MNE,2006,26.22390917
Montenegro,MNE,2007,26.32410407
Montenegro,MNE,2008,26.42113489
Montenegro,MNE,2009,26.51483507
Montenegro,MNE,2010,26.6061973
Montenegro,MNE,2011,26.69687467
Montenegro,MNE,2012,26.7883886
Montenegro,MNE,2013,26.88200132
Montenegro,MNE,2014,26.97782577
Montenegro,MNE,2015,27.07576197
Morocco,MAR,2000,24.06522729
Morocco,MAR,2001,24.15058644
Morocco,MAR,2002,24.23455702
Morocco,MAR,2003,24.31804355
Morocco,MAR,2004,24.40146315
Morocco,MAR,2005,24.48457372
Morocco,MAR,2006,24.56898381
Morocco,MAR,2007,24.6564573
Morocco,MAR,2008,24.74898448
Morocco,MAR,2009,24.84557894
Morocco,MAR,2010,24.94497538
Morocco,MAR,2011,25.04673147
Morocco,MAR,2012,25.14937383
Morocco,MAR,2013,25.25233482
Morocco,MAR,2014,25.35569119
Morocco,MAR,2015,25.45877178
Mozambique,MOZ,2000,21.10361629
Mozambique,MOZ,2001,21.17249406
Mozambique,MOZ,2002,21.23899365
Mozambique,MOZ,2003,21.30375487
Mozambique,MOZ,2004,21.36765431
Mozambique,MOZ,2005,21.42949877
Mozambique,MOZ,2006,21.49069588
Mozambique,MOZ,2007,21.55046682
Mozambique,MOZ,2008,21.60851719
Mozambique,MOZ,2009,21.66428109
Mozambique,MOZ,2010,21.71874329
Mozambique,MOZ,2011,21.77435917
Mozambique,MOZ,2012,21.83153176
Mozambique,MOZ,2013,21.88953715
Mozambique,MOZ,2014,21.94854556
Mozambique,MOZ,2015,22.00762231
Myanmar,MMR,2000,20.95264937
Myanmar,MMR,2001,21.02386127
Myanmar,MMR,2002,21.09709495
Myanmar,MMR,2003,21.17194035
Myanmar,MMR,2004,21.24844697
Myanmar,MMR,2005,21.32647907
Myanmar,MMR,2006,21.40653356
Myanmar,MMR,2007,21.48846354
Myanmar,MMR,2008,21.57189576
Myanmar,MMR,2009,21.65715168
Myanmar,MMR,2010,21.7440374
Myanmar,MMR,2011,21.83473068
Myanmar,MMR,2012,21.92826762
Myanmar,MMR,2013,22.02366123
Myanmar,MMR,2014,22.1206921
Myanmar,MMR,2015,22.21915318
Namibia,NAM,2000,21.7402786
Namibia,NAM,2001,21.8198517
Namibia,NAM,2002,21.9023707
Namibia,NAM,2003,21.98783297
Namibia,NAM,2004,22.07539155
Namibia,NAM,2005,22.16404783
Namibia,NAM,2006,22.25383819
Namibia,NAM,2007,22.34297292
Namibia,NAM,2008,22.42977961
Namibia,NAM,2009,22.51256055
Namibia,NAM,2010,22.59223385
Namibia,NAM,2011,22.67065807
Namibia,NAM,2012,22.7488327
Namibia,NAM,2013,22.82637656
Namibia,NAM,2014,22.90403491
Namibia,NAM,2015,22.98169747
Nauru,NRU,2000,33.20946995
Nauru,NRU,2001,33.14419156
Nauru,NRU,2002,33.07543808
Nauru,NRU,2003,33.00569127
Nauru,NRU,2004,32.93616106
Nauru,NRU,2005,32.86847042
Nauru,NRU,2006,32.80318451
Nauru,NRU,2007,32.74138304
Nauru,NRU,2008,32.682731
Nauru,NRU,2009,32.62712563
Nauru,NRU,2010,32.57339496
Nauru,NRU,2011,32.52184628
Nauru,NRU,2012,32.47205635
Nauru,NRU,2013,32.42321964
Nauru,NRU,2014,32.37576257
Nauru,NRU,2015,32.32922718
Nepal,NPL,2000,21.09386457
Nepal,NPL,2001,21.19278553
Nepal,NPL,2002,21.28987171
Nepal,NPL,2003,21.38464591
Nepal,NPL,2004,21.47630965
Nepal,NPL,2005,21.56549172
Nepal,NPL,2006,21.65302328
Nepal,NPL,2007,21.74093326
Nepal,NPL,2008,21.83030385
Nepal,NPL,2009,21.92252818
Nepal,NPL,2010,22.01722073
Nepal,NPL,2011,22.11458985
Nepal,NPL,2012,22.21437376
Nepal,NPL,2013,22.31613672
Nepal,NPL,2014,22.41835648
Nepal,NPL,2015,22.52026182
Netherlands,NLD,2000,25.3173109
Netherlands,NLD,2001,25.40821627
Netherlands,NLD,2002,25.49636056
Netherlands,NLD,2003,25.58168011
Netherlands,NLD,2004,25.66336221
Netherlands,NLD,2005,25.74006073
Netherlands,NLD,2006,25.80986268
Netherlands,NLD,2007,25.87185357
Netherlands,NLD,2008,25.92581867
Netherlands,NLD,2009,25.97263197
Netherlands,NLD,2010,26.01195738
Netherlands,NLD,2011,26.04384467
Netherlands,NLD,2012,26.06939896
Netherlands,NLD,2013,26.09048046
Netherlands,NLD,2014,26.10927191
Netherlands,NLD,2015,26.12676929
New Zealand,NZL,2000,26.94635168
New Zealand,NZL,2001,27.06315164
New Zealand,NZL,2002,27.17787729
New Zealand,NZL,2003,27.28959409
New Zealand,NZL,2004,27.39750374
New Zealand,NZL,2005,27.50025719
New Zealand,NZL,2006,27.5973616
New Zealand,NZL,2007,27.68882583
New Zealand,NZL,2008,27.77397952
New Zealand,NZL,2009,27.85300962
New Zealand,NZL,2010,27.92520963
New Zealand,NZL,2011,27.99150711
New Zealand,NZL,2012,28.05355579
New Zealand,NZL,2013,28.11355509
New Zealand,NZL,2014,28.17226062
New Zealand,NZL,2015,28.23136585
Nicaragua,NIC,2000,25.40937306
Nicaragua,NIC,2001,25.50057018
Nicaragua,NIC,2002,25.59014257
Nicaragua,NIC,2003,25.67772036
Nicaragua,NIC,2004,25.76309569
Nicaragua,NIC,2005,25.84577157
Nicaragua,NIC,2006,25.92592975
Nicaragua,NIC,2007,26.00438867
Nicaragua,NIC,2008,26.08179569
Nicaragua,NIC,2009,26.1577929
Nicaragua,NIC,2010,26.23330027
Nicaragua,NIC,2011,26.30834142
Nicaragua,NIC,2012,26.38276973
Nicaragua,NIC,2013,26.45617898
Nicaragua,NIC,2014,26.52929279
Nicaragua,NIC,2015,26.60201215
Niger,NER,2000,20.62004525
Niger,NER,2001,20.69378422
Niger,NER,2002,20.7676024
Niger,NER,2003,20.84108787
Niger,NER,2004,20.91253819
Niger,NER,2005,20.98046063
Niger,NER,2006,21.04522997
Niger,NER,2007,21.10533103
Niger,NER,2008,21.16024298
Niger,NER,2009,21.20886806
Niger,NER,2010,21.25117973
Niger,NER,2011,21.28917102
Niger,NER,2012,21.32351397
Niger,NER,2013,21.35609064
Niger,NER,2014,21.38963067
Niger,NER,2015,21.4237689
Nigeria,NGA,2000,21.85221204
Nigeria,NGA,2001,21.92338249
Nigeria,NGA,2002,21.99507403
Nigeria,NGA,2003,22.06694841
Nigeria,NGA,2004,22.13709041
Nigeria,NGA,2005,22.20396842
Nigeria,NGA,2006,22.26746189
Nigeria,NGA,2007,22.32629332
Nigeria,NGA,2008,22.37984445
Nigeria,NGA,2009,22.42710773
Nigeria,NGA,2010,22.46769316
Nigeria,NGA,2011,22.50313761
Nigeria,NGA,2012,22.53427565
Nigeria,NGA,2013,22.56290002
Nigeria,NGA,2014,22.59163634
Nigeria,NGA,2015,22.62029901
Niue,NIU,2000,30.56398145
Niue,NIU,2001,30.61498019
Niue,NIU,2002,30.66549945
Niue,NIU,2003,30.71669552
Niue,NIU,2004,30.76924689
Niue,NIU,2005,30.82330506
Niue,NIU,2006,30.88053177
Niue,NIU,2007,30.94151725
Niue,NIU,2008,31.00621609
Niue,NIU,2009,31.0741166
Niue,NIU,2010,31.1436407
Niue,NIU,2011,31.21503329
Niue,NIU,2012,31.28788807
Niue,NIU,2013,31.36212602
Niue,NIU,2014,31.43761818
Niue,NIU,2015,31.513537
North Korea,PRK,2000,23.0358247
North Korea,PRK,2001,23.09731361
North Korea,PRK,2002,23.16108282
North Korea,PRK,2003,23.2271885
North Korea,PRK,2004,23.29590414
North Korea,PRK,2005,23.36700525
North Korea,PRK,2006,23.44140583
North Korea,PRK,2007,23.51872228
North Korea,PRK,2008,23.59820308
North Korea,PRK,2009,23.68022398
North Korea,PRK,2010,23.76468962
North Korea,PRK,2011,23.85332299
North Korea,PRK,2012,23.94658785
North Korea,PRK,2013,24.04390737
North Korea,PRK,2014,24.14434986
North Korea,PRK,2015,24.24775404
North Macedonia,MKD,2000,26.04377508
North Macedonia,MKD,2001,26.12002714
North Macedonia,MKD,2002,26.19850143
North Macedonia,MKD,2003,26.2788403
North Macedonia,MKD,2004,26.36128564
North Macedonia,MKD,2005,26.44562968
North Macedonia,MKD,2006,26.5321089
North Macedonia,MKD,2007,26.62028991
North Macedonia,MKD,2008,26.70875072
North Macedonia,MKD,2009,26.79722778
North Macedonia,MKD,2010,26.88609795
North Macedonia,MKD,2011,26.97701038
North Macedonia,MKD,2012,27.07092936
North Macedonia,MKD,2013,27.16794588
North Macedonia,MKD,2014,27.26846828
North Macedonia,MKD,2015,27.37197913
Norway,NOR,2000,26.16506512
Norway,NOR,2001,26.2697211
Norway,NOR,2002,26.37341833
Norway,NOR,2003,26.4760755
Norway,NOR,2004,26.57662835
Norway,NOR,2005,26.6739442
Norway,NOR,2006,26.76729102
Norway,NOR,2007,26.85594261
Norway,NOR,2008,26.9382324
Norway,NOR,2009,27.01482542
Norway,NOR,2010,27.08557427
Norway,NOR,2011,27.15122317
Norway,NOR,2012,27.21218108
Norway,NOR,2013,27.27041317
Norway,NOR,2014,27.32713884
Norway,NOR,2015,27.38326736
Oceania,,2000,24.73316052
Oceania,,2001,24.80096078
Oceania,,2002,24.87052998
Oceania,,2003,24.9411883
Oceania,,2004,25.01277758
Oceania,,2005,25.08408836
Oceania,,2006,25.15454484
Oceania,,2007,25.2249272
Oceania,,2008,25.29577604
Oceania,,2009,25.367904
Oceania,,2010,25.44145752
Oceania,,2011,25.51800482
Oceania,,2012,25.5974007
Oceania,,2013,25.67930745
Oceania,,2014,25.76335997
Oceania,,2015,25.84859678
Oman,OMN,2000,25.19231006
Oman,OMN,2001,25.2652281
Oman,OMN,2002,25.33558867
Oman,OMN,2003,25.40427913
Oman,OMN,2004,25.47266904
Oman,OMN,2005,25.54090401
Oman,OMN,2006,25.61274628
Oman,OMN,2007,25.68987243
Oman,OMN,2008,25.77338929
Oman,OMN,2009,25.86220717
Oman,OMN,2010,25.95423966
Oman,OMN,2011,26.04827839
Oman,OMN,2012,26.14329543
Oman,OMN,2013,26.23864101
Oman,OMN,2014,26.3347573
Oman,OMN,2015,26.43041626
Pakistan,PAK,2000,22.1306934
Pakistan,PAK,2001,22.22841136
Pakistan,PAK,2002,22.32332082
Pakistan,PAK,2003,22.41479416
Pakistan,PAK,2004,22.50136771
Pakistan,PAK,2005,22.58300984
Pakistan,PAK,2006,22.65992408
Pakistan,PAK,2007,22.73368432
Pakistan,PAK,2008,22.8059846
Pakistan,PAK,2009,22.87773636
Pakistan,PAK,2010,22.94969458
Pakistan,PAK,2011,23.02318013
Pakistan,PAK,2012,23.09949377
Pakistan,PAK,2013,23.17782357
Pakistan,PAK,2014,23.25745728
Pakistan,PAK,2015,23.3372988
Palau,PLW,2000,29.38811301
Palau,PLW,2001,29.38499048
Palau,PLW,2002,29.38599877
Palau,PLW,2003,29.392007
Palau,PLW,2004,29.40342805
Palau,PLW,2005,29.41994599
Palau,PLW,2006,29.43913245
Palau,PLW,2007,29.46082405
Palau,PLW,2008,29.4843827
Palau,PLW,2009,29.50895228
Palau,PLW,2010,29.53303275
Palau,PLW,2011,29.55484723
Palau,PLW,2012,29.57398526
Palau,PLW,2013,29.59129925
Palau,PLW,2014,29.60760764
Palau,PLW,2015,29.62266165
Palestine,PSE,2000,26.62099355
Palestine,PSE,2001,26.72034156
Palestine,PSE,2002,26.81832626
Palestine,PSE,2003,26.91514252
Palestine,PSE,2004,27.01134143
Palestine,PSE,2005,27.1067843
Palestine,PSE,2006,27.2021484
Palestine,PSE,2007,27.29968868
Palestine,PSE,2008,27.40154784
Palestine,PSE,2009,27.50656601
Palestine,PSE,2010,27.61328478
Palestine,PSE,2011,27.72136031
Palestine,PSE,2012,27.829969
Palestine,PSE,2013,27.93871143
Palestine,PSE,2014,28.04800869
Palestine,PSE,2015,28.15702136
Panama,PAN,2000,25.10284883
Panama,PAN,2001,25.20115444
Panama,PAN,2002,25.29479521
Panama,PAN,2003,25.38409539
Panama,PAN,2004,25.46931099
Panama,PAN,2005,25.55042459
Panama,PAN,2006,25.62816951
Panama,PAN,2007,25.70301203
Panama,PAN,2008,25.77569865
Panama,PAN,2009,25.84690747
Panama,PAN,2010,25.91729628
Panama,PAN,2011,25.98748712
Panama,PAN,2012,26.05718063
Panama,PAN,2013,26.12593213
Panama,PAN,2014,26.19469018
Panama,PAN,2015,26.26350401
Papua New Guinea,PNG,2000,24.08389361
Papua New Guinea,PNG,2001,24.1585326
Papua New Guinea,PNG,2002,24.2341106
Papua New Guinea,PNG,2003,24.31038839
Papua New Guinea,PNG,2004,24.38792524
Papua New Guinea,PNG,2005,24.46586166
Papua New Guinea,PNG,2006,24.54376446
Papua New Guinea,PNG,2007,24.62223968
Papua New Guinea,PNG,2008,24.7012931
Papua New Guinea,PNG,2009,24.78153345
Papua New Guinea,PNG,2010,24.86307941
Papua New Guinea,PNG,2011,24.94736734
Papua New Guinea,PNG,2012,25.03414362
Papua New Guinea,PNG,2013,25.12318082
Papua New Guinea,PNG,2014,25.2140924
Papua New Guinea,PNG,2015,25.30592447
Paraguay,PRY,2000,24.94885666
Paraguay,PRY,2001,25.05135852
Paraguay,PRY,2002,25.15448864
Paraguay,PRY,2003,25.25898553
Paraguay,PRY,2004,25.36491293
Paraguay,PRY,2005,25.4720327
Paraguay,PRY,2006,25.57975686
Paraguay,PRY,2007,25.68891248
Paraguay,PRY,2008,25.79907665
Paraguay,PRY,2009,25.91012916
Paraguay,PRY,2010,26.02211145
Paraguay,PRY,2011,26.13558376
Paraguay,PRY,2012,26.24963915
Paraguay,PRY,2013,26.36373178
Paraguay,PRY,2014,26.4782399
Paraguay,PRY,2015,26.59270083
Peru,PER,2000,24.47614059
Peru,PER,2001,24.57558296
Peru,PER,2002,24.67772876
Peru,PER,2003,24.78252829
Peru,PER,2004,24.89058373
Peru,PER,2005,25.00082328
Peru,PER,2006,25.11425441
Peru,PER,2007,25.23102809
Peru,PER,2008,25.35101462
Peru,PER,2009,25.47409127
Peru,PER,2010,25.59962111
Peru,PER,2011,25.72641802
Peru,PER,2012,25.8543414
Peru,PER,2013,25.9825339
Peru,PER,2014,26.1108272
Peru,PER,2015,26.23881223
Philippines,PHL,2000,22.11456888
Philippines,PHL,2001,22.16012516
Philippines,PHL,2002,22.20532454
Philippines,PHL,2003,22.25009052
Philippines,PHL,2004,22.29411637
Philippines,PHL,2005,22.33845936
Philippines,PHL,2006,22.38312673
Philippines,PHL,2007,22.42822353
Philippines,PHL,2008,22.47368892
Philippines,PHL,2009,22.519661
Philippines,PHL,2010,22.56639611
Philippines,PHL,2011,22.61619835
Philippines,PHL,2012,22.66888155
Philippines,PHL,2013,22.72360831
Philippines,PHL,2014,22.78043703
Philippines,PHL,2015,22.83917654
Poland,POL,2000,25.76527535
Poland,POL,2001,25.84817991
Poland,POL,2002,25.93751201
Poland,POL,2003,26.03283043
Poland,POL,2004,26.1340667
Poland,POL,2005,26.24041362
Poland,POL,2006,26.35115321
Poland,POL,2007,26.46585731
Poland,POL,2008,26.58334096
Poland,POL,2009,26.70300778
Poland,POL,2010,26.82470962
Poland,POL,2011,26.94977305
Poland,POL,2012,27.07864232
Poland,POL,2013,27.21243672
Poland,POL,2014,27.35120724
Poland,POL,2015,27.49402668
Portugal,PRT,2000,25.80460553
Portugal,PRT,2001,25.89810138
Portugal,PRT,2002,25.98663598
Portugal,PRT,2003,26.06887041
Portugal,PRT,2004,26.14279074
Portugal,PRT,2005,26.20563835
Portugal,PRT,2006,26.25767314
Portugal,PRT,2007,26.29788142
Portugal,PRT,2008,26.32600301
Portugal,PRT,2009,26.34188794
Portugal,PRT,2010,26.34675005
Portugal,PRT,2011,26.34225013
Portugal,PRT,2012,26.33151847
Portugal,PRT,2013,26.3176553
Portugal,PRT,2014,26.30293376
Portugal,PRT,2015,26.2877195
Puerto Rico,PRI,2000,27.28169222
Puerto Rico,PRI,2001,27.36360994
Puerto Rico,PRI,2002,27.44395488
Puerto Rico,PRI,2003,27.52264003
Puerto Rico,PRI,2004,27.5996615
Puerto Rico,PRI,2005,27.67510768
Puerto Rico,PRI,2006,27.74928919
Puerto Rico,PRI,2007,27.82264795
Puerto Rico,PRI,2008,27.89557656
Puerto Rico,PRI,2009,27.96790733
Puerto Rico,PRI,2010,28.0399887
Puerto Rico,PRI,2011,28.11224211
Puerto Rico,PRI,2012,28.18400162
Puerto Rico,PRI,2013,28.25524965
Puerto Rico,PRI,2014,28.32617239
Puerto Rico,PRI,2015,28.39770066
Qatar,QAT,2000,27.35269269
Qatar,QAT,2001,27.4407428
Qatar,QAT,2002,27.5278096
Qatar,QAT,2003,27.61496102
Qatar,QAT,2004,27.70298842
Qatar,QAT,2005,27.79136373
Qatar,QAT,2006,27.88139763
Qatar,QAT,2007,27.97545297
Qatar,QAT,2008,28.07519339
Qatar,QAT,2009,28.17927237
Qatar,QAT,2010,28.28608234
Qatar,QAT,2011,28.39437567
Qatar,QAT,2012,28.50284834
Qatar,QAT,2013,28.6108503
Qatar,QAT,2014,28.71899449
Qatar,QAT,2015,28.82671223
Romania,ROU,2000,24.85002005
Romania,ROU,2001,24.96426835
Romania,ROU,2002,25.08696391
Romania,ROU,2003,25.21710156
Romania,ROU,2004,25.35417652
Romania,ROU,2005,25.49682322
Romania,ROU,2006,25.64505816
Romania,ROU,2007,25.79766926
Romania,ROU,2008,25.95373252
Romania,ROU,2009,26.11232868
Romania,ROU,2010,26.27322417
Romania,ROU,2011,26.43755855
Romania,ROU,2012,26.60630341
Romania,ROU,2013,26.78065985
Romania,ROU,2014,26.95984625
Romania,ROU,2015,27.14276793
Russia,RUS,2000,25.06036199
Russia,RUS,2001,25.11832971
Russia,RUS,2002,25.18133219
Russia,RUS,2003,25.24865658
Russia,RUS,2004,25.31742685
Russia,RUS,2005,25.3863803
Russia,RUS,2006,25.45424823
Russia,RUS,2007,25.52027632
Russia,RUS,2008,25.58236228
Russia,RUS,2009,25.64000987
Russia,RUS,2010,25.69319511
Russia,RUS,2011,25.743993
Russia,RUS,2012,25.79338813
Russia,RUS,2013,25.84241872
Russia,RUS,2014,25.89124353
Russia,RUS,2015,25.93945519
Rwanda,RWA,2000,20.41227319
Rwanda,RWA,2001,20.48812728
Rwanda,RWA,2002,20.5601024
Rwanda,RWA,2003,20.6290351
Rwanda,RWA,2004,20.69494531
Rwanda,RWA,2005,20.75704768
Rwanda,RWA,2006,20.81619762
Rwanda,RWA,2007,20.87177564
Rwanda,RWA,2008,20.9238952
Rwanda,RWA,2009,20.97223686
Rwanda,RWA,2010,21.01775718
Rwanda,RWA,2011,21.06301676
Rwanda,RWA,2012,21.10789979
Rwanda,RWA,2013,21.15194716
Rwanda,RWA,2014,21.19566534
Rwanda,RWA,2015,21.23847105
Saint Kitts and Nevis,KNA,2000,26.5558552
Saint Kitts and Nevis,KNA,2001,26.67107155
Saint Kitts and Nevis,KNA,2002,26.78678157
Saint Kitts and Nevis,KNA,2003,26.9026518
Saint Kitts and Nevis,KNA,2004,27.01809488
Saint Kitts and Nevis,KNA,2005,27.1326773
Saint Kitts and Nevis,KNA,2006,27.2469409
Saint Kitts and Nevis,KNA,2007,27.36085338
Saint Kitts and Nevis,KNA,2008,27.47377779
Saint Kitts and Nevis,KNA,2009,27.58616984
Saint Kitts and Nevis,KNA,2010,27.69836441
Saint Kitts and Nevis,KNA,2011,27.81150931
Saint Kitts and Nevis,KNA,2012,27.92430146
Saint Kitts and Nevis,KNA,2013,28.03674884
Saint Kitts and Nevis,KNA,2014,28.14933014
Saint Kitts and Nevis,KNA,2015,28.26228291
Saint Lucia,LCA,2000,26.26903236
Saint Lucia,LCA,2001,26.47601184
Saint Lucia,LCA,2002,26.68417804
Saint Lucia,LCA,2003,26.89358755
Saint Lucia,LCA,2004,27.10424184
Saint Lucia,LCA,2005,27.31611966
Saint Lucia,LCA,2006,27.52973824
Saint Lucia,LCA,2007,27.74534734
Saint Lucia,LCA,2008,27.96308162
Saint Lucia,LCA,2009,28.18225334
Saint Lucia,LCA,2010,28.40328638
Saint Lucia,LCA,2011,28.63047805
Saint Lucia,LCA,2012,28.86174642
Saint Lucia,LCA,2013,29.09550949
Saint Lucia,LCA,2014,29.33231799
Saint Lucia,LCA,2015,29.57158453
Saint Vincent and the Grenadines,VCT,2000,24.77614308
Saint Vincent and the Grenadines,VCT,2001,24.88188206
Saint Vincent and the Grenadines,VCT,2002,24.98770507
Saint Vincent and the Grenadines,VCT,2003,25.09364916
Saint Vincent and the Grenadines,VCT,2004,25.19923359
Saint Vincent and the Grenadines,VCT,2005,25.30437304
Saint Vincent and the Grenadines,VCT,2006,25.40949901
Saint Vincent and the Grenadines,VCT,2007,25.51420642
Saint Vincent and the Grenadines,VCT,2008,25.61894894
Saint Vincent and the Grenadines,VCT,2009,25.72349744
Saint Vincent and the Grenadines,VCT,2010,25.82786722
Saint Vincent and the Grenadines,VCT,2011,25.93237379
Saint Vincent and the Grenadines,VCT,2012,26.03608595
Saint Vincent and the Grenadines,VCT,2013,26.13902899
Saint Vincent and the Grenadines,VCT,2014,26.24180616
Saint Vincent and the Grenadines,VCT,2015,26.34416017
Samoa,WSM,2000,29.25907079
Samoa,WSM,2001,29.33966222
Samoa,WSM,2002,29.41865759
Samoa,WSM,2003,29.49744413
Samoa,WSM,2004,29.57700967
Samoa,WSM,2005,29.65784798
Samoa,WSM,2006,29.73978781
Samoa,WSM,2007,29.82346571
Samoa,WSM,2008,29.90881294
Samoa,WSM,2009,29.99610608
Samoa,WSM,2010,30.08355754
Samoa,WSM,2011,30.17220268
Samoa,WSM,2012,30.26179262
Samoa,WSM,2013,30.35239874
Samoa,WSM,2014,30.44420998
Samoa,WSM,2015,30.53673108
Sao Tome and Principe,STP,2000,22.85464387
Sao Tome and Principe,STP,2001,22.95729943
Sao Tome and Principe,STP,2002,23.05882774
Sao Tome and Principe,STP,2003,23.15878044
Sao Tome and Principe,STP,2004,23.25578843
Sao Tome and Principe,STP,2005,23.34860469
Sao Tome and Principe,STP,2006,23.43619628
Sao Tome and Principe,STP,2007,23.51738922
Sao Tome and Principe,STP,2008,23.59158624
Sao Tome and Principe,STP,2009,23.65763219
Sao Tome and Principe,STP,2010,23.71576882
Sao Tome and Principe,STP,2011,23.76718316
Sao Tome and Principe,STP,2012,23.81296243
Sao Tome and Principe,STP,2013,23.85581616
Sao Tome and Principe,STP,2014,23.89779704
Sao Tome and Principe,STP,2015,23.93923179
Saudi Arabia,SAU,2000,27.0050573
Saudi Arabia,SAU,2001,27.06929074
Saudi Arabia,SAU,2002,27.13201609
Saudi Arabia,SAU,2003,27.19394043
Saudi Arabia,SAU,2004,27.25524424
Saudi Arabia,SAU,2005,27.31601351
Saudi Arabia,SAU,2006,27.37794137
Saudi Arabia,SAU,2007,27.44282649
Saudi Arabia,SAU,2008,27.51314877
Saudi Arabia,SAU,2009,27.58762401
Saudi Arabia,SAU,2010,27.66454599
Saudi Arabia,SAU,2011,27.74317755
Saudi Arabia,SAU,2012,27.82252256
Saudi Arabia,SAU,2013,27.90140381
Saudi Arabia,SAU,2014,27.98108105
Saudi Arabia,SAU,2015,28.06040105
Senegal,SEN,2000,21.23035447
Senegal,SEN,2001,21.29719945
Senegal,SEN,2002,21.36324846
Senegal,SEN,2003,21.42812927
Senegal,SEN,2004,21.49054811
Senegal,SEN,2005,21.54903047
Senegal,SEN,2006,21.60411238
Senegal,SEN,2007,21.65439622
Senegal,SEN,2008,21.69833955
Senegal,SEN,2009,21.7351569
Senegal,SEN,2010,21.76540772
Senegal,SEN,2011,21.79142854
Senegal,SEN,2012,21.81402569
Senegal,SEN,2013,21.83516972
Senegal,SEN,2014,21.857323
Senegal,SEN,2015,21.8800931
Serbia,SRB,2000,25.71859476
Serbia,SRB,2001,25.78496132
Serbia,SRB,2002,25.85241655
Serbia,SRB,2003,25.92044138
Serbia,SRB,2004,25.98938699
Serbia,SRB,2005,26.05865999
Serbia,SRB,2006,26.12728546
Serbia,SRB,2007,26.19524163
Serbia,SRB,2008,26.26140485
Serbia,SRB,2009,26.32590133
Serbia,SRB,2010,26.38926835
Serbia,SRB,2011,26.45245454
Serbia,SRB,2012,26.51604073
Serbia,SRB,2013,26.58132138
Serbia,SRB,2014,26.64870988
Serbia,SRB,2015,26.7182548
Seychelles,SYC,2000,24.27291875
Seychelles,SYC,2001,24.36941406
Seychelles,SYC,2002,24.4650008
Seychelles,SYC,2003,24.55962516
Seychelles,SYC,2004,24.65370941
Seychelles,SYC,2005,24.74494316
Seychelles,SYC,2006,24.83444795
Seychelles,SYC,2007,24.92204098
Seychelles,SYC,2008,25.00781609
Seychelles,SYC,2009,25.09173288
Seychelles,SYC,2010,25.17441627
Seychelles,SYC,2011,25.25762193
Seychelles,SYC,2012,25.34141836
Seychelles,SYC,2013,25.42585245
Seychelles,SYC,2014,25.51098977
Seychelles,SYC,2015,25.59593808
Sierra Leone,SLE,2000,21.44710791
Sierra Leone,SLE,2001,21.50918177
Sierra Leone,SLE,2002,21.56930262
Sierra Leone,SLE,2003,21.62759481
Sierra Leone,SLE,2004,21.68270231
Sierra Leone,SLE,2005,21.73271353
Sierra Leone,SLE,2006,21.77733622
Sierra Leone,SLE,2007,21.81551149
Sierra Leone,SLE,2008,21.84664333
Sierra Leone,SLE,2009,21.86918796
Sierra Leone,SLE,2010,21.88365066
Sierra Leone,SLE,2011,21.89261908
Sierra Leone,SLE,2012,21.89727813
Sierra Leone,SLE,2013,21.9001137
Sierra Leone,SLE,2014,21.90357485
Sierra Leone,SLE,2015,21.90734103
Singapore,SGP,2000,23.70188036
Singapore,SGP,2001,23.74476067
Singapore,SGP,2002,23.78721223
Singapore,SGP,2003,23.8288357
Singapore,SGP,2004,23.8699784
Singapore,SGP,2005,23.91084998
Singapore,SGP,2006,23.95137127
Singapore,SGP,2007,23.99260702
Singapore,SGP,2008,24.03441955
Singapore,SGP,2009,24.07699674
Singapore,SGP,2010,24.12050508
Singapore,SGP,2011,24.1649395
Singapore,SGP,2012,24.21109683
Singapore,SGP,2013,24.25784717
Singapore,SGP,2014,24.305316
Singapore,SGP,2015,24.35347984
Slovakia,SVK,2000,26.2481628
Slovakia,SVK,2001,26.31208662
Slovakia,SVK,2002,26.37909108
Slovakia,SVK,2003,26.44931728
Slovakia,SVK,2004,26.52283668
Slovakia,SVK,2005,26.59940013
Slovakia,SVK,2006,26.67816483
Slovakia,SVK,2007,26.75871852
Slovakia,SVK,2008,26.84019559
Slovakia,SVK,2009,26.92259596
Slovakia,SVK,2010,27.00570285
Slovakia,SVK,2011,27.09003705
Slovakia,SVK,2012,27.17662788
Slovakia,SVK,2013,27.26549518
Slovakia,SVK,2014,27.35761318
Slovakia,SVK,2015,27.45215582
Slovenia,SVN,2000,25.42579528
Slovenia,SVN,2001,25.50050514
Slovenia,SVN,2002,25.57786723
Slovenia,SVN,2003,25.65719635
Slovenia,SVN,2004,25.73865946
Slovenia,SVN,2005,25.82191073
Slovenia,SVN,2006,25.90622452
Slovenia,SVN,2007,25.99077034
Slovenia,SVN,2008,26.0746233
Slovenia,SVN,2009,26.15820604
Slovenia,SVN,2010,26.24160506
Slovenia,SVN,2011,26.32612781
Slovenia,SVN,2012,26.41266263
Slovenia,SVN,2013,26.50140105
Slovenia,SVN,2014,26.59301134
Slovenia,SVN,2015,26.68745865
Solomon Islands,SLB,2000,24.40724459
Solomon Islands,SLB,2001,24.47907009
Solomon Islands,SLB,2002,24.55208494
Solomon Islands,SLB,2003,24.62620222
Solomon Islands,SLB,2004,24.70205159
Solomon Islands,SLB,2005,24.77924652
Solomon Islands,SLB,2006,24.85739973
Solomon Islands,SLB,2007,24.9370709
Solomon Islands,SLB,2008,25.01861158
Solomon Islands,SLB,2009,25.1034231
Solomon Islands,SLB,2010,25.19154667
Solomon Islands,SLB,2011,25.28549987
Solomon Islands,SLB,2012,25.38483763
Solomon Islands,SLB,2013,25.48817748
Solomon Islands,SLB,2014,25.59445448
Solomon Islands,SLB,2015,25.70205635
Somalia,SOM,2000,21.66097018
Somalia,SOM,2001,21.72869859
Somalia,SOM,2002,21.79516285
Somalia,SOM,2003,21.85977708
Somalia,SOM,2004,21.92295848
Somalia,SOM,2005,21.98332502
Somalia,SOM,2006,22.0417427
Somalia,SOM,2007,22.09774791
Somalia,SOM,2008,22.15102337
Somalia,SOM,2009,22.20113367
Somalia,SOM,2010,22.24952389
Somalia,SOM,2011,22.29790249
Somalia,SOM,2012,22.3469261
Somalia,SOM,2013,22.39636832
Somalia,SOM,2014,22.44654107
Somalia,SOM,2015,22.49655431
South Africa,ZAF,2000,24.20532769
South Africa,ZAF,2001,24.27891505
South Africa,ZAF,2002,24.35418694
South Africa,ZAF,2003,24.43065023
South Africa,ZAF,2004,24.50785139
South Africa,ZAF,2005,24.58383677
South Africa,ZAF,2006,24.65748582
South Africa,ZAF,2007,24.72632133
South Africa,ZAF,2008,24.78776976
South Africa,ZAF,2009,24.83920084
South Africa,ZAF,2010,24.88336562
South Africa,ZAF,2011,24.92303594
South Africa,ZAF,2012,24.96003966
South Africa,ZAF,2013,24.99641402
South Africa,ZAF,2014,25.0327793
South Africa,ZAF,2015,25.06915981
South Asia,,2000,20.81819713
South Asia,,2001,20.89549088
South Asia,,2002,20.97209372
South Asia,,2003,21.04679623
South Asia,,2004,21.11802982
South Asia,,2005,21.18577608
South Asia,,2006,21.25108666
South Asia,,2007,21.31658984
South Asia,,2008,21.38266134
South Asia,,2009,21.44948877
South Asia,,2010,21.51713407
South Asia,,2011,21.58660829
South Asia,,2012,21.6587221
South Asia,,2013,21.73348424
South Asia,,2014,21.8089122
South Asia,,2015,21.88483988
South Korea,KOR,2000,23.38756642
South Korea,KOR,2001,23.46942758
South Korea,KOR,2002,23.54961334
South Korea,KOR,2003,23.62744309
South Korea,KOR,2004,23.70211218
South Korea,KOR,2005,23.77326963
South Korea,KOR,2006,23.83943236
South Korea,KOR,2007,23.90175719
South Korea,KOR,2008,23.96204263
South Korea,KOR,2009,24.02119378
South Korea,KOR,2010,24.08000421
South Korea,KOR,2011,24.14015116
South Korea,KOR,2012,24.20198696
South Korea,KOR,2013,24.26580702
South Korea,KOR,2014,24.33102487
South Korea,KOR,2015,24.39793499
Spain,ESP,2000,26.67281345
Spain,ESP,2001,26.7537453
Spain,ESP,2002,26.83116013
Spain,ESP,2003,26.90454391
Spain,ESP,2004,26.97209868
Spain,ESP,2005,27.03191209
Spain,ESP,2006,27.08356072
Spain,ESP,2007,27.12543992
Spain,ESP,2008,27.15753953
Spain,ESP,2009,27.17939973
Spain,ESP,2010,27.19141967
Spain,ESP,2011,27.1950588
Spain,ESP,2012,27.19248817
Spain,ESP,2013,27.18633205
Spain,ESP,2014,27.17871232
Spain,ESP,2015,27.1704132
Sri Lanka,LKA,2000,21.10943388
Sri Lanka,LKA,2001,21.18895026
Sri Lanka,LKA,2002,21.27126323
Sri Lanka,LKA,2003,21.35603316
Sri Lanka,LKA,2004,21.443345
Sri Lanka,LKA,2005,21.53343985
Sri Lanka,LKA,2006,21.62552188
Sri Lanka,LKA,2007,21.71859771
Sri Lanka,LKA,2008,21.81252268
Sri Lanka,LKA,2009,21.9079033
Sri Lanka,LKA,2010,22.00495159
Sri Lanka,LKA,2011,22.10524529
Sri Lanka,LKA,2012,22.20862399
Sri Lanka,LKA,2013,22.31344114
Sri Lanka,LKA,2014,22.4202815
Sri Lanka,LKA,2015,22.52865584
Sub-Saharan Africa,,2000,21.59614682
Sub-Saharan Africa,,2001,21.66335312
Sub-Saharan Africa,,2002,21.7293082
Sub-Saharan Africa,,2003,21.79405355
Sub-Saharan Africa,,2004,21.85718723
Sub-Saharan Africa,,2005,21.91733297
Sub-Saharan Africa,,2006,21.97473741
Sub-Saharan Africa,,2007,22.02835322
Sub-Saharan Africa,,2008,22.07740407
Sub-Saharan Africa,,2009,22.12106587
Sub-Saharan Africa,,2010,22.1600212
Sub-Saharan Africa,,2011,22.19620079
Sub-Saharan Africa,,2012,22.23039215
Sub-Saharan Africa,,2013,22.26356658
Sub-Saharan Africa,,2014,22.29702781
Sub-Saharan Africa,,2015,22.33039718
Sudan,SDN,2000,22.47587335
Sudan,SDN,2001,22.5448214
Sudan,SDN,2002,22.6102353
Sudan,SDN,2003,22.67227691
Sudan,SDN,2004,22.73213584
Sudan,SDN,2005,22.78813149
Sudan,SDN,2006,22.84144389
Sudan,SDN,2007,22.89174309
Sudan,SDN,2008,22.9387168
Sudan,SDN,2009,22.98274592
Sudan,SDN,2010,23.02447681
Sudan,SDN,2011,23.06672796
Sudan,SDN,2012,23.11005259
Sudan,SDN,2013,23.15420429
Sudan,SDN,2014,23.19952685
Sudan,SDN,2015,23.24492053
Suriname,SUR,2000,24.46405845
Suriname,SUR,2001,24.53603481
Suriname,SUR,2002,24.60762996
Suriname,SUR,2003,24.67881067
Suriname,SUR,2004,24.74926153
Suriname,SUR,2005,24.81837737
Suriname,SUR,2006,24.88558645
Suriname,SUR,2007,24.95104322
Suriname,SUR,2008,25.01504276
Suriname,SUR,2009,25.07749553
Suriname,SUR,2010,25.13897632
Suriname,SUR,2011,25.20008528
Suriname,SUR,2012,25.26023392
Suriname,SUR,2013,25.31962607
Suriname,SUR,2014,25.37849456
Suriname,SUR,2015,25.43768437
Sweden,SWE,2000,25.77360135
Sweden,SWE,2001,25.87287631
Sweden,SWE,2002,25.96856394
Sweden,SWE,2003,26.06032491
Sweden,SWE,2004,26.14801175
Sweden,SWE,2005,26.23107731
Sweden,SWE,2006,26.31020047
Sweden,SWE,2007,26.38425726
Sweden,SWE,2008,26.45296507
Sweden,SWE,2009,26.51718551
Sweden,SWE,2010,26.57581968
Sweden,SWE,2011,26.62928896
Sweden,SWE,2012,26.67872928
Sweden,SWE,2013,26.72567076
Sweden,SWE,2014,26.77155627
Sweden,SWE,2015,26.81740635
Switzerland,CHE,2000,25.8652932
Switzerland,CHE,2001,25.9307899
Switzerland,CHE,2002,25.99846845
Switzerland,CHE,2003,26.06824207
Switzerland,CHE,2004,26.13931691
Switzerland,CHE,2005,26.21086304
Switzerland,CHE,2006,26.28261214
Switzerland,CHE,2007,26.35263706
Switzerland,CHE,2008,26.41922853
Switzerland,CHE,2009,26.48242804
Switzerland,CHE,2010,26.5408866
Switzerland,CHE,2011,26.59539823
Switzerland,CHE,2012,26.64597498
Switzerland,CHE,2013,26.69391368
Switzerland,CHE,2014,26.74050126
Switzerland,CHE,2015,26.7865903
Syria,SYR,2000,26.15333826
Syria,SYR,2001,26.24110233
Syria,SYR,2002,26.32676549
Syria,SYR,2003,26.41038321
Syria,SYR,2004,26.49281198
Syria,SYR,2005,26.5739175
Syria,SYR,2006,26.65457181
Syria,SYR,2007,26.73650652
Syria,SYR,2008,26.82244809
Syria,SYR,2009,26.91124132
Syria,SYR,2010,27.00175477
Syria,SYR,2011,27.09376098
Syria,SYR,2012,27.18624052
Syria,SYR,2013,27.27930749
Syria,SYR,2014,27.37273404
Syria,SYR,2015,27.4658099
Taiwan,TWN,2000,23.60078956
Taiwan,TWN,2001,23.67458959
Taiwan,TWN,2002,23.75219941
Taiwan,TWN,2003,23.83374195
Taiwan,TWN,2004,23.91849035
Taiwan,TWN,2005,24.00667026
Taiwan,TWN,2006,24.09861041
Taiwan,TWN,2007,24.19341769
Taiwan,TWN,2008,24.2895326
Taiwan,TWN,2009,24.38734284
Taiwan,TWN,2010,24.48698377
Taiwan,TWN,2011,24.58986985
Taiwan,TWN,2012,24.69593174
Taiwan,TWN,2013,24.80487252
Taiwan,TWN,2014,24.9164299
Taiwan,TWN,2015,25.03000934
Tajikistan,TJK,2000,24.35368944
Tajikistan,TJK,2001,24.4269124
Tajikistan,TJK,2002,24.50499159
Tajikistan,TJK,2003,24.58790268
Tajikistan,TJK,2004,24.67571235
Tajikistan,TJK,2005,24.76869545
Tajikistan,TJK,2006,24.86693016
Tajikistan,TJK,2007,24.96981011
Tajikistan,TJK,2008,25.07747573
Tajikistan,TJK,2009,25.18835753
Tajikistan,TJK,2010,25.30149209
Tajikistan,TJK,2011,25.41684433
Tajikistan,TJK,2012,25.53331528
Tajikistan,TJK,2013,25.65024472
Tajikistan,TJK,2014,25.76860778
Tajikistan,TJK,2015,25.8876485
Tanzania,TZA,2000,21.79882716
Tanzania,TZA,2001,21.85118709
Tanzania,TZA,2002,21.90126146
Tanzania,TZA,2003,21.948387
Tanzania,TZA,2004,21.99315649
Tanzania,TZA,2005,22.03447164
Tanzania,TZA,2006,22.07404634
Tanzania,TZA,2007,22.11126395
Tanzania,TZA,2008,22.14583087
Tanzania,TZA,2009,22.17784711
Tanzania,TZA,2010,22.20815894
Tanzania,TZA,2011,22.23895022
Tanzania,TZA,2012,22.27043931
Tanzania,TZA,2013,22.30287181
Tanzania,TZA,2014,22.33657621
Tanzania,TZA,2015,22.37008266
Thailand,THA,2000,22.33488994
Thailand,THA,2001,22.41778758
Thailand,THA,2002,22.50464508
Thailand,THA,2003,22.59520728
Thailand,THA,2004,22.68945803
Thailand,THA,2005,22.78766415
Thailand,THA,2006,22.88956958
Thailand,THA,2007,22.99405767
Thailand,THA,2008,23.1004176
Thailand,THA,2009,23.20890326
Thailand,THA,2010,23.31865991
Thailand,THA,2011,23.43045424
Thailand,THA,2012,23.54361757
Thailand,THA,2013,23.65742419
Thailand,THA,2014,23.77194622
Thailand,THA,2015,23.8869609
Togo,TGO,2000,21.63427427
Togo,TGO,2001,21.71852364
Togo,TGO,2002,21.80293988
Togo,TGO,2003,21.88663279
Togo,TGO,2004,21.96847725
Togo,TGO,2005,22.04632057
Togo,TGO,2006,22.12005492
Togo,TGO,2007,22.18843003
Togo,TGO,2008,22.25065253
Togo,TGO,2009,22.30604396
Togo,TGO,2010,22.35480514
Togo,TGO,2011,22.39853642
Togo,TGO,2012,22.4380493
Togo,TGO,2013,22.47564228
Togo,TGO,2014,22.51356496
Togo,TGO,2015,22.55156833
Tokelau,TKL,2000,31.07790599
Tokelau,TKL,2001,31.14138422
Tokelau,TKL,2002,31.20282241
Tokelau,TKL,2003,31.26323789
Tokelau,TKL,2004,31.32420595
Tokelau,TKL,2005,31.38564722
Tokelau,TKL,2006,31.44796319
Tokelau,TKL,2007,31.5116857
Tokelau,TKL,2008,31.57753499
Tokelau,TKL,2009,31.64486046
Tokelau,TKL,2010,31.71290932
Tokelau,TKL,2011,31.78246769
Tokelau,TKL,2012,31.85325567
Tokelau,TKL,2013,31.92462953
Tokelau,TKL,2014,31.99743793
Tokelau,TKL,2015,32.07088925
Tonga,TON,2000,30.18022128
Tonga,TON,2001,30.2124967
Tonga,TON,2002,30.24184954
Tonga,TON,2003,30.26971966
Tonga,TON,2004,30.29721966
Tonga,TON,2005,30.32441037
Tonga,TON,2006,30.35207274
Tonga,TON,2007,30.38135826
Tonga,TON,2008,30.41309028
Tonga,TON,2009,30.44757041
Tonga,TON,2010,30.48342433
Tonga,TON,2011,30.52101608
Tonga,TON,2012,30.55959595
Tonga,TON,2013,30.59942778
Tonga,TON,2014,30.64034768
Tonga,TON,2015,30.68186392
Trinidad and Tobago,TTO,2000,25.3324738
Trinidad and Tobago,TTO,2001,25.43164479
Trinidad and Tobago,TTO,2002,25.52848644
Trinidad and Tobago,TTO,2003,25.62304889
Trinidad and Tobago,TTO,2004,25.7157707
Trinidad and Tobago,TTO,2005,25.80670233
Trinidad and Tobago,TTO,2006,25.89616491
Trinidad and Tobago,TTO,2007,25.98461505
Trinidad and Tobago,TTO,2008,26.07247953
Trinidad and Tobago,TTO,2009,26.15988149
Trinidad and Tobago,TTO,2010,26.2473322
Trinidad and Tobago,TTO,2011,26.33541321
Trinidad and Tobago,TTO,2012,26.4235186
Trinidad and Tobago,TTO,2013,26.51140121
Trinidad and Tobago,TTO,2014,26.5989204
Trinidad and Tobago,TTO,2015,26.68688008
Tunisia,TUN,2000,24.1537495
Tunisia,TUN,2001,24.25121924
Tunisia,TUN,2002,24.34734813
Tunisia,TUN,2003,24.44223558
Tunisia,TUN,2004,24.53633048
Tunisia,TUN,2005,24.62926807
Tunisia,TUN,2006,24.72090587
Tunisia,TUN,2007,24.81366905
Tunisia,TUN,2008,24.90979194
Tunisia,TUN,2009,25.0085147
Tunisia,TUN,2010,25.10900545
Tunisia,TUN,2011,25.21088009
Tunisia,TUN,2012,25.31363214
Tunisia,TUN,2013,25.41668188
Tunisia,TUN,2014,25.52015541
Tunisia,TUN,2015,25.62332822
Turkey,TUR,2000,25.94141109
Turkey,TUR,2001,26.03950734
Turkey,TUR,2002,26.13489947
Turkey,TUR,2003,26.22760722
Turkey,TUR,2004,26.31662493
Turkey,TUR,2005,26.40018586
Turkey,TUR,2006,26.47942776
Turkey,TUR,2007,26.55663979
Turkey,TUR,2008,26.63471414
Turkey,TUR,2009,26.71342209
Turkey,TUR,2010,26.79225839
Turkey,TUR,2011,26.87222429
Turkey,TUR,2012,26.95256187
Turkey,TUR,2013,27.03323101
Turkey,TUR,2014,27.11437311
Turkey,TUR,2015,27.19483759
Turkmenistan,TKM,2000,24.95526335
Turkmenistan,TKM,2001,25.04159113
Turkmenistan,TKM,2002,25.13099738
Turkmenistan,TKM,2003,25.22327244
Turkmenistan,TKM,2004,25.31889292
Turkmenistan,TKM,2005,25.41798566
Turkmenistan,TKM,2006,25.52089684
Turkmenistan,TKM,2007,25.62778565
Turkmenistan,TKM,2008,25.73893045
Turkmenistan,TKM,2009,25.85298624
Turkmenistan,TKM,2010,25.96909505
Turkmenistan,TKM,2011,26.08671914
Turkmenistan,TKM,2012,26.20505993
Turkmenistan,TKM,2013,26.32392597
Turkmenistan,TKM,2014,26.44360218
Turkmenistan,TKM,2015,26.56331809
Tuvalu,TUV,2000,29.39270796
Tuvalu,TUV,2001,29.43367092
Tuvalu,TUV,2002,29.47389123
Tuvalu,TUV,2003,29.51407853
Tuvalu,TUV,2004,29.55569264
Tuvalu,TUV,2005,29.5988916
Tuvalu,TUV,2006,29.6454918
Tuvalu,TUV,2007,29.69563405
Tuvalu,TUV,2008,29.74922027
Tuvalu,TUV,2009,29.80591516
Tuvalu,TUV,2010,29.86404292
Tuvalu,TUV,2011,29.92396532
Tuvalu,TUV,2012,29.98487954
Tuvalu,TUV,2013,30.04683716
Tuvalu,TUV,2014,30.10951533
Tuvalu,TUV,2015,30.17198741
Uganda,UGA,2000,20.49192105
Uganda,UGA,2001,20.55986768
Uganda,UGA,2002,20.62771448
Uganda,UGA,2003,20.69578219
Uganda,UGA,2004,20.76469216
Uganda,UGA,2005,20.83286055
Uganda,UGA,2006,20.90127156
Uganda,UGA,2007,20.96978196
Uganda,UGA,2008,21.03811927
Uganda,UGA,2009,21.1056548
Uganda,UGA,2010,21.17353728
Uganda,UGA,2011,21.24341876
Uganda,UGA,2012,21.3152107
Uganda,UGA,2013,21.38846255
Uganda,UGA,2014,21.462747
Uganda,UGA,2015,21.53710939
Ukraine,UKR,2000,25.75765791
Ukraine,UKR,2001,25.84314788
Ukraine,UKR,2002,25.9323084
Ukraine,UKR,2003,26.02461215
Ukraine,UKR,2004,26.11746719
Ukraine,UKR,2005,26.2096835
Ukraine,UKR,2006,26.30034871
Ukraine,UKR,2007,26.38879759
Ukraine,UKR,2008,26.47379843
Ukraine,UKR,2009,26.55470546
Ukraine,UKR,2010,26.63184329
Ukraine,UKR,2011,26.70741398
Ukraine,UKR,2012,26.78218806
Ukraine,UKR,2013,26.85731221
Ukraine,UKR,2014,26.93329141
Ukraine,UKR,2015,27.00955495
United Arab Emirates,ARE,2000,26.86606879
United Arab Emirates,ARE,2001,26.94901697
United Arab Emirates,ARE,2002,27.03004557
United Arab Emirates,ARE,2003,27.10982839
United Arab Emirates,ARE,2004,27.1886465
United Arab Emirates,ARE,2005,27.26612644
United Arab Emirates,ARE,2006,27.34257793
United Arab Emirates,ARE,2007,27.42062693
United Arab Emirates,ARE,2008,27.5022418
United Arab Emirates,ARE,2009,27.58645222
United Arab Emirates,ARE,2010,27.67181155
United Arab Emirates,ARE,2011,27.75792277
United Arab Emirates,ARE,2012,27.84423297
United Arab Emirates,ARE,2013,27.93042954
United Arab Emirates,ARE,2014,28.01677271
United Arab Emirates,ARE,2015,28.10264628
United Kingdom,GBR,2000,26.55601653
United Kingdom,GBR,2001,26.66341241
United Kingdom,GBR,2002,26.76542593
United Kingdom,GBR,2003,26.8615675
United Kingdom,GBR,2004,26.95080574
United Kingdom,GBR,2005,27.0322719
United Kingdom,GBR,2006,27.1062255
United Kingdom,GBR,2007,27.17214568
United Kingdom,GBR,2008,27.23012434
United Kingdom,GBR,2009,27.28023077
United Kingdom,GBR,2010,27.32199832
United Kingdom,GBR,2011,27.35576851
United Kingdom,GBR,2012,27.38347748
United Kingdom,GBR,2013,27.40762472
United Kingdom,GBR,2014,27.4298954
United Kingdom,GBR,2015,27.452503
United States,USA,2000,27.76170662
United States,USA,2001,27.88524423
United States,USA,2002,28.00486439
United States,USA,2003,28.12022792
United States,USA,2004,28.23063532
United States,USA,2005,28.33478841
United States,USA,2006,28.43304641
United States,USA,2007,28.52403974
United States,USA,2008,28.60709156
United States,USA,2009,28.68092622
United States,USA,2010,28.7442759
United States,USA,2011,28.79841336
United States,USA,2012,28.84501159
United States,USA,2013,28.88799473
United States,USA,2014,28.92939724
United States,USA,2015,28.97117223
Uruguay,URY,2000,25.71057663
Uruguay,URY,2001,25.80143607
Uruguay,URY,2002,25.89562672
Uruguay,URY,2003,25.99342969
Uruguay,URY,2004,26.09499009
Uruguay,URY,2005,26.20002001
Uruguay,URY,2006,26.30862457
Uruguay,URY,2007,26.4208724
Uruguay,URY,2008,26.5362525
Uruguay,URY,2009,26.65462774
Uruguay,URY,2010,26.77557253
Uruguay,URY,2011,26.89876176
Uruguay,URY,2012,27.02355363
Uruguay,URY,2013,27.1492552
Uruguay,URY,2014,27.275932
Uruguay,URY,2015,27.40277198
Uzbekistan,UZB,2000,24.6799702
Uzbekistan,UZB,2001,24.76489678
Uzbekistan,UZB,2002,24.85373533
Uzbekistan,UZB,2003,24.94689732
Uzbekistan,UZB,2004,25.04456337
Uzbekistan,UZB,2005,25.14678364
Uzbekistan,UZB,2006,25.25349229
Uzbekistan,UZB,2007,25.36450006
Uzbekistan,UZB,2008,25.48059601
Uzbekistan,UZB,2009,25.59966875
Uzbekistan,UZB,2010,25.72114786
Uzbekistan,UZB,2011,25.84550848
Uzbekistan,UZB,2012,25.9717062
Uzbekistan,UZB,2013,26.09912991
Uzbekistan,UZB,2014,26.22817247
Uzbekistan,UZB,2015,26.35759742
Vanuatu,VUT,2000,25.20631115
Vanuatu,VUT,2001,25.24667238
Vanuatu,VUT,2002,25.28421856
Vanuatu,VUT,2003,25.31905718
Vanuatu,VUT,2004,25.35177176
Vanuatu,VUT,2005,25.38214544
Vanuatu,VUT,2006,25.4099788
Vanuatu,VUT,2007,25.43614368
Vanuatu,VUT,2008,25.46151945
Vanuatu,VUT,2009,25.4872091
Vanuatu,VUT,2010,25.51331457
Vanuatu,VUT,2011,25.54132086
Vanuatu,VUT,2012,25.57201896
Vanuatu,VUT,2013,25.60499856
Vanuatu,VUT,2014,25.63973433
Vanuatu,VUT,2015,25.67513029
Venezuela,VEN,2000,26.24207187
Venezuela,VEN,2001,26.30400014
Venezuela,VEN,2002,26.36152733
Venezuela,VEN,2003,26.41390442
Venezuela,VEN,2004,26.46141373
Venezuela,VEN,2005,26.50313791
Venezuela,VEN,2006,26.53903221
Venezuela,VEN,2007,26.56960291
Venezuela,VEN,2008,26.59532819
Venezuela,VEN,2009,26.61711296
Venezuela,VEN,2010,26.63566877
Venezuela,VEN,2011,26.65249734
Venezuela,VEN,2012,26.66682727
Venezuela,VEN,2013,26.67893066
Venezuela,VEN,2014,26.68977047
Venezuela,VEN,2015,26.69960008
Vietnam,VNM,2000,19.90748806
Vietnam,VNM,2001,19.99545254
Vietnam,VNM,2002,20.08906576
Vietnam,VNM,2003,20.18853522
Vietnam,VNM,2004,20.29409868
Vietnam,VNM,2005,20.40608766
Vietnam,VNM,2006,20.52434938
Vietnam,VNM,2007,20.64794298
Vietnam,VNM,2008,20.77690782
Vietnam,VNM,2009,20.91084771
Vietnam,VNM,2010,21.04978983
Vietnam,VNM,2011,21.19549844
Vietnam,VNM,2012,21.34604346
Vietnam,VNM,2013,21.49943156
Vietnam,VNM,2014,21.65535587
Vietnam,VNM,2015,21.8128405
World,OWID_WRL,2000,23.2958214
World,OWID_WRL,2001,23.36371603
World,OWID_WRL,2002,23.4330786
World,OWID_WRL,2003,23.50376756
World,OWID_WRL,2004,23.57513022
World,OWID_WRL,2005,23.64687639
World,OWID_WRL,2006,23.71939565
World,OWID_WRL,2007,23.79268418
World,OWID_WRL,2008,23.86603299
World,OWID_WRL,2009,23.93907763
World,OWID_WRL,2010,24.01122392
World,OWID_WRL,2011,24.08343708
World,OWID_WRL,2012,24.15622262
World,OWID_WRL,2013,24.23014558
World,OWID_WRL,2014,24.30516288
World,OWID_WRL,2015,24.38111049
Yemen,YEM,2000,22.47827347
Yemen,YEM,2001,22.55303396
Yemen,YEM,2002,22.62538423
Yemen,YEM,2003,22.69632914
Yemen,YEM,2004,22.7657624
Yemen,YEM,2005,22.83418669
Yemen,YEM,2006,22.90257302
Yemen,YEM,2007,22.97287671
Yemen,YEM,2008,23.04802053
Yemen,YEM,2009,23.12730962
Yemen,YEM,2010,23.20987841
Yemen,YEM,2011,23.29457917
Yemen,YEM,2012,23.38049504
Yemen,YEM,2013,23.4665589
Yemen,YEM,2014,23.55344083
Yemen,YEM,2015,23.64013971
Zambia,ZMB,2000,20.60080782
Zambia,ZMB,2001,20.6453526
Zambia,ZMB,2002,20.69308169
Zambia,ZMB,2003,20.74379046
Zambia,ZMB,2004,20.79752534
Zambia,ZMB,2005,20.85194802
Zambia,ZMB,2006,20.90730182
Zambia,ZMB,2007,20.96283504
Zambia,ZMB,2008,21.01779563
Zambia,ZMB,2009,21.07127535
Zambia,ZMB,2010,21.12367258
Zambia,ZMB,2011,21.17643823
Zambia,ZMB,2012,21.22990622
Zambia,ZMB,2013,21.28398494
Zambia,ZMB,2014,21.33859367
Zambia,ZMB,2015,21.39328021
Zimbabwe,ZWE,2000,21.76907377
Zimbabwe,ZWE,2001,21.80630321
Zimbabwe,ZWE,2002,21.84314163
Zimbabwe,ZWE,2003,21.88046904
Zimbabwe,ZWE,2004,21.91905543
Zimbabwe,ZWE,2005,21.95826256
Zimbabwe,ZWE,2006,21.99684746
Zimbabwe,ZWE,2007,22.03378106
Zimbabwe,ZWE,2008,22.06778525
Zimbabwe,ZWE,2009,22.09763345
Zimbabwe,ZWE,2010,22.12520414
Zimbabwe,ZWE,2011,22.15290505
Zimbabwe,ZWE,2012,22.18102031
Zimbabwe,ZWE,2013,22.20951074
Zimbabwe,ZWE,2014,22.2390996
Zimbabwe,ZWE,2015,22.26952183