Entity,Code,Year,Mean BMI (female)
Afghanistan,AFG,2000,22.16827048
Afghanistan,AFG,2001,22.30232938
Afghanistan,AFG,2002,22.43556899
Afghanistan,AFG,2003,22.56762969
Afghanistan,AFG,2004,22.69821087
Afghanistan,AFG,2005,22.82747585
Afghanistan,AFG,2006,22.9553998
Afghanistan,AFG,2007,23.08330994
Afghanistan,AFG,2008,23.21112543
Afghanistan,AFG,2009,23.33914778
Afghanistan,AFG,2010,23.4669499
Afghanistan,AFG,2011,23.59478507
Afghanistan,AFG,2012,23.72296541
Afghanistan,AFG,2013,23.85132667
Afghanistan,AFG,2014,23.97913537
Afghanistan,AFG,2015,24.10689909
Albania,ALB,2000,25.1455318
Albania,ALB,2001,25.22123109
Albania,ALB,2002,25.30132794
Albania,ALB,2003,25.38501211
Albania,ALB,2004,25.47139033
Albania,ALB,2005,25.55949893
Albania,ALB,2006,25.64939312
Albania,ALB,2007,25.73993422
Albania,ALB,2008,25.83062046
Albania,ALB,2009,25.92028605
Albania,ALB,2010,26.00860063
Albania,ALB,2011,26.09548179
Albania,ALB,2012,26.18105126
Albania,ALB,2013,26.26513652
Albania,ALB,2014,26.34766264
Albania,ALB,2015,26.42865202
Algeria,DZA,2000,25.30447714
Algeria,DZA,2001,25.39901118
Algeria,DZA,2002,25.48981753
Algeria,DZA,2003,25.57613535
Algeria,DZA,2004,25.65845032
Algeria,DZA,2005,25.73647115
Algeria,DZA,2006,25.81148101
Algeria,DZA,2007,25.8857349
Algeria,DZA,2008,25.96225333
Algeria,DZA,2009,26.0394614
Algeria,DZA,2010,26.11620574
Algeria,DZA,2011,26.19187722
Algeria,DZA,2012,26.26686537
Algeria,DZA,2013,26.34157601
Algeria,DZA,2014,26.41581674
Algeria,DZA,2015,26.48940865
American Samoa,ASM,2000,35.12527113
American Samoa,ASM,2001,35.16270878
American Samoa,ASM,2002,35.19031308
American Samoa,ASM,2003,35.2091508
American Samoa,ASM,2004,35.22023078
American Samoa,ASM,2005,35.22403218
American Samoa,ASM,2006,35.22227748
American Samoa,ASM,2007,35.2169974
American Samoa,ASM,2008,35.20983931
American Samoa,ASM,2009,35.20182728
American Samoa,ASM,2010,35.19320689
American Samoa,ASM,2011,35.18474247
American Samoa,ASM,2012,35.17688925
American Samoa,ASM,2013,35.16935185
American Samoa,ASM,2014,35.16201894
American Samoa,ASM,2015,35.15510809
Andorra,AND,2000,26.67476605
Andorra,AND,2001,26.67434779
Andorra,AND,2002,26.67011013
Andorra,AND,2003,26.66197506
Andorra,AND,2004,26.65020617
Andorra,AND,2005,26.63454117
Andorra,AND,2006,26.61506287
Andorra,AND,2007,26.59270075
Andorra,AND,2008,26.56698996
Andorra,AND,2009,26.537845
Andorra,AND,2010,26.50447899
Andorra,AND,2011,26.46775324
Andorra,AND,2012,26.42897304
Andorra,AND,2013,26.3891765
Andorra,AND,2014,26.34916115
Andorra,AND,2015,26.30960323
Angola,AGO,2000,22.32578877
Angola,AGO,2001,22.46918349
Angola,AGO,2002,22.61166962
Angola,AGO,2003,22.75282697
Angola,AGO,2004,22.89166386
Angola,AGO,2005,23.02749401
Angola,AGO,2006,23.16068557
Angola,AGO,2007,23.29149275
Angola,AGO,2008,23.41990446
Angola,AGO,2009,23.54575066
Angola,AGO,2010,23.66906729
Angola,AGO,2011,23.79088
Angola,AGO,2012,23.91079829
Angola,AGO,2013,24.02957213
Angola,AGO,2014,24.14683339
Angola,AGO,2015,24.26281086
Antigua and Barbuda,ATG,2000,26.07013147
Antigua and Barbuda,ATG,2001,26.18812157
Antigua and Barbuda,ATG,2002,26.30400042
Antigua and Barbuda,ATG,2003,26.41798147
Antigua and Barbuda,ATG,2004,26.53042452
Antigua and Barbuda,ATG,2005,26.64225826
Antigua and Barbuda,ATG,2006,26.75385925
Antigua and Barbuda,ATG,2007,26.86621801
Antigua and Barbuda,ATG,2008,26.97965693
Antigua and Barbuda,ATG,2009,27.09447063
Antigua and Barbuda,ATG,2010,27.21114185
Antigua and Barbuda,ATG,2011,27.33090943
Antigua and Barbuda,ATG,2012,27.4531326
Antigua and Barbuda,ATG,2013,27.57779116
Antigua and Barbuda,ATG,2014,27.70417115
Antigua and Barbuda,ATG,2015,27.83193368
Argentina,ARG,2000,26.12089903
Argentina,ARG,2001,26.2172565
Argentina,ARG,2002,26.31268096
Argentina,ARG,2003,26.4081143
Argentina,ARG,2004,26.50427027
Argentina,ARG,2005,26.60187492
Argentina,ARG,2006,26.70105892
Argentina,ARG,2007,26.80227865
Argentina,ARG,2008,26.90576784
Argentina,ARG,2009,27.01147867
Argentina,ARG,2010,27.11978401
Argentina,ARG,2011,27.23051401
Argentina,ARG,2012,27.34260352
Argentina,ARG,2013,27.45616573
Argentina,ARG,2014,27.57044021
Argentina,ARG,2015,27.68492003
Armenia,ARM,2000,26.77134728
Armenia,ARM,2001,26.7982709
Armenia,ARM,2002,26.82492515
Armenia,ARM,2003,26.8506307
Armenia,ARM,2004,26.876057
Armenia,ARM,2005,26.90066127
Armenia,ARM,2006,26.92522762
Armenia,ARM,2007,26.94960671
Armenia,ARM,2008,26.9752496
Armenia,ARM,2009,27.00159083
Armenia,ARM,2010,27.02811812
Armenia,ARM,2011,27.05501892
Armenia,ARM,2012,27.08245289
Armenia,ARM,2013,27.11057826
Armenia,ARM,2014,27.13858176
Armenia,ARM,2015,27.16630128
Australia,AUS,2000,25.99865493
Australia,AUS,2001,26.09588791
Australia,AUS,2002,26.18538142
Australia,AUS,2003,26.26713732
Australia,AUS,2004,26.34179733
Australia,AUS,2005,26.40959844
Australia,AUS,2006,26.47090095
Australia,AUS,2007,26.52678718
Australia,AUS,2008,26.5779324
Australia,AUS,2009,26.62498723
Australia,AUS,2010,26.66711169
Australia,AUS,2011,26.70499149
Australia,AUS,2012,26.74014113
Australia,AUS,2013,26.77426041
Australia,AUS,2014,26.80777765
Australia,AUS,2015,26.84056032
Austria,AUT,2000,24.34425163
Austria,AUT,2001,24.37969441
Austria,AUT,2002,24.41354045
Austria,AUT,2003,24.44575118
Austria,AUT,2004,24.4760779
Austria,AUT,2005,24.50469282
Austria,AUT,2006,24.53212694
Austria,AUT,2007,24.55850102
Austria,AUT,2008,24.58378624
Austria,AUT,2009,24.60766751
Austria,AUT,2010,24.62981348
Austria,AUT,2011,24.65037876
Austria,AUT,2012,24.66988466
Austria,AUT,2013,24.68958006
Austria,AUT,2014,24.70916912
Austria,AUT,2015,24.72908597
Azerbaijan,AZE,2000,26.44345969
Azerbaijan,AZE,2001,26.53625512
Azerbaijan,AZE,2002,26.63190583
Azerbaijan,AZE,2003,26.72984143
Azerbaijan,AZE,2004,26.82967147
Azerbaijan,AZE,2005,26.93099267
Azerbaijan,AZE,2006,27.03432481
Azerbaijan,AZE,2007,27.13988801
Azerbaijan,AZE,2008,27.2477363
Azerbaijan,AZE,2009,27.35756534
Azerbaijan,AZE,2010,27.46836705
Azerbaijan,AZE,2011,27.58058705
Azerbaijan,AZE,2012,27.69440509
Azerbaijan,AZE,2013,27.80928321
Azerbaijan,AZE,2014,27.92423282
Azerbaijan,AZE,2015,28.03896677
Bahamas,BHS,2000,27.78427553
Bahamas,BHS,2001,27.87207619
Bahamas,BHS,2002,27.95709679
Bahamas,BHS,2003,28.03958275
Bahamas,BHS,2004,28.11999791
Bahamas,BHS,2005,28.1987715
Bahamas,BHS,2006,28.27661232
Bahamas,BHS,2007,28.35371561
Bahamas,BHS,2008,28.43041633
Bahamas,BHS,2009,28.50720825
Bahamas,BHS,2010,28.58429393
Bahamas,BHS,2011,28.66262274
Bahamas,BHS,2012,28.74124195
Bahamas,BHS,2013,28.82070021
Bahamas,BHS,2014,28.90039988
Bahamas,BHS,2015,28.98006353
Bahrain,BHR,2000,26.04603503
Bahrain,BHR,2001,25.97891591
Bahrain,BHR,2002,25.90534397
Bahrain,BHR,2003,25.82565343
Bahrain,BHR,2004,25.74099636
Bahrain,BHR,2005,25.65173977
Bahrain,BHR,2006,25.56047499
Bahrain,BHR,2007,25.47106999
Bahrain,BHR,2008,25.38680752
Bahrain,BHR,2009,25.30616772
Bahrain,BHR,2010,25.2277311
Bahrain,BHR,2011,25.15117742
Bahrain,BHR,2012,25.07664172
Bahrain,BHR,2013,25.00378655
Bahrain,BHR,2014,24.93238925
Bahrain,BHR,2015,24.86205092
Bangladesh,BGD,2000,19.8167321
Bangladesh,BGD,2001,19.95645468
Bangladesh,BGD,2002,20.09717296
Bangladesh,BGD,2003,20.23676759
Bangladesh,BGD,2004,20.37559198
Bangladesh,BGD,2005,20.51385598
Bangladesh,BGD,2006,20.65243052
Bangladesh,BGD,2007,20.7919544
Bangladesh,BGD,2008,20.93185493
Bangladesh,BGD,2009,21.07281816
Bangladesh,BGD,2010,21.21348621
Bangladesh,BGD,2011,21.3545334
Bangladesh,BGD,2012,21.49569345
Bangladesh,BGD,2013,21.63675373
Bangladesh,BGD,2014,21.77680112
Bangladesh,BGD,2015,21.9154566
Barbados,BRB,2000,28.01071849
Barbados,BRB,2001,28.10251275
Barbados,BRB,2002,28.19132568
Barbados,BRB,2003,28.27789586
Barbados,BRB,2004,28.3626038
Barbados,BRB,2005,28.44618917
Barbados,BRB,2006,28.52934351
Barbados,BRB,2007,28.61244512
Barbados,BRB,2008,28.69593896
Barbados,BRB,2009,28.78049442
Barbados,BRB,2010,28.86626693
Barbados,BRB,2011,28.95415874
Barbados,BRB,2012,29.04329649
Barbados,BRB,2013,29.13420705
Barbados,BRB,2014,29.22583736
Barbados,BRB,2015,29.31793589
Belarus,BLR,2000,26.21624752
Belarus,BLR,2001,26.2781847
Belarus,BLR,2002,26.34063696
Belarus,BLR,2003,26.40277265
Belarus,BLR,2004,26.46273395
Belarus,BLR,2005,26.51944138
Belarus,BLR,2006,26.57182841
Belarus,BLR,2007,26.61998288
Belarus,BLR,2008,26.66391077
Belarus,BLR,2009,26.70345155
Belarus,BLR,2010,26.73927384
Belarus,BLR,2011,26.77234537
Belarus,BLR,2012,26.8031218
Belarus,BLR,2013,26.83260729
Belarus,BLR,2014,26.86057472
Belarus,BLR,2015,26.88713317
Belgium,BEL,2000,25.27369012
Belgium,BEL,2001,25.30261431
Belgium,BEL,2002,25.3319264
Belgium,BEL,2003,25.361573
Belgium,BEL,2004,25.39146586
Belgium,BEL,2005,25.42170193
Belgium,BEL,2006,25.45246355
Belgium,BEL,2007,25.48365047
Belgium,BEL,2008,25.51494208
Belgium,BEL,2009,25.54599395
Belgium,BEL,2010,25.57577412
Belgium,BEL,2011,25.60461821
Belgium,BEL,2012,25.632974
Belgium,BEL,2013,25.66182883
Belgium,BEL,2014,25.69092483
Belgium,BEL,2015,25.72039764
Belize,BLZ,2000,28.8324643
Belize,BLZ,2001,28.96199228
Belize,BLZ,2002,29.08780679
Belize,BLZ,2003,29.21034671
Belize,BLZ,2004,29.33018434
Belize,BLZ,2005,29.44783731
Belize,BLZ,2006,29.56380837
Belize,BLZ,2007,29.67896385
Belize,BLZ,2008,29.79436535
Belize,BLZ,2009,29.91000447
Belize,BLZ,2010,30.02664019
Belize,BLZ,2011,30.14507373
Belize,BLZ,2012,30.2648549
Belize,BLZ,2013,30.38575477
Belize,BLZ,2014,30.50745281
Belize,BLZ,2015,30.62962794
Benin,BEN,2000,22.44973106
Benin,BEN,2001,22.60886142
Benin,BEN,2002,22.76593351
Benin,BEN,2003,22.92022506
Benin,BEN,2004,23.07058626
Benin,BEN,2005,23.21613502
Benin,BEN,2006,23.35782754
Benin,BEN,2007,23.49548793
Benin,BEN,2008,23.62836573
Benin,BEN,2009,23.7567054
Benin,BEN,2010,23.88114081
Benin,BEN,2011,24.00230106
Benin,BEN,2012,24.12017079
Benin,BEN,2013,24.23619791
Benin,BEN,2014,24.35131929
Benin,BEN,2015,24.4658024
Bermuda,BMU,2000,28.48414457
Bermuda,BMU,2001,28.54631478
Bermuda,BMU,2002,28.60731365
Bermuda,BMU,2003,28.66676038
Bermuda,BMU,2004,28.72475514
Bermuda,BMU,2005,28.78174354
Bermuda,BMU,2006,28.83838609
Bermuda,BMU,2007,28.8948415
Bermuda,BMU,2008,28.95147767
Bermuda,BMU,2009,29.00857417
Bermuda,BMU,2010,29.06629881
Bermuda,BMU,2011,29.1252742
Bermuda,BMU,2012,29.18462746
Bermuda,BMU,2013,29.24480749
Bermuda,BMU,2014,29.30549701
Bermuda,BMU,2015,29.36647586
Bhutan,BTN,2000,22.42031408
Bhutan,BTN,2001,22.57244461
Bhutan,BTN,2002,22.72359418
Bhutan,BTN,2003,22.87272825
Bhutan,BTN,2004,23.01921866
Bhutan,BTN,2005,23.16318659
Bhutan,BTN,2006,23.30253729
Bhutan,BTN,2007,23.43873807
Bhutan,BTN,2008,23.57188132
Bhutan,BTN,2009,23.70255912
Bhutan,BTN,2010,23.83069068
Bhutan,BTN,2011,23.95704228
Bhutan,BTN,2012,24.08179616
Bhutan,BTN,2013,24.20553306
Bhutan,BTN,2014,24.32759309
Bhutan,BTN,2015,24.44809243
Bolivia,BOL,2000,25.83240823
Bolivia,BOL,2001,25.96548722
Bolivia,BOL,2002,26.09576313
Bolivia,BOL,2003,26.22369612
Bolivia,BOL,2004,26.35024939
Bolivia,BOL,2005,26.47650481
Bolivia,BOL,2006,26.60347197
Bolivia,BOL,2007,26.73132245
Bolivia,BOL,2008,26.86061806
Bolivia,BOL,2009,26.99168131
Bolivia,BOL,2010,27.12397011
Bolivia,BOL,2011,27.25781606
Bolivia,BOL,2012,27.39225354
Bolivia,BOL,2013,27.52700216
Bolivia,BOL,2014,27.66156174
Bolivia,BOL,2015,27.79510888
Bosnia and Herzegovina,BIH,2000,24.59512436
Bosnia and Herzegovina,BIH,2001,24.6336357
Bosnia and Herzegovina,BIH,2002,24.67418907
Bosnia and Herzegovina,BIH,2003,24.71660071
Bosnia and Herzegovina,BIH,2004,24.76038933
Bosnia and Herzegovina,BIH,2005,24.80543314
Bosnia and Herzegovina,BIH,2006,24.85145617
Bosnia and Herzegovina,BIH,2007,24.89810603
Bosnia and Herzegovina,BIH,2008,24.94536858
Bosnia and Herzegovina,BIH,2009,24.99242357
Bosnia and Herzegovina,BIH,2010,25.03924592
Bosnia and Herzegovina,BIH,2011,25.08707929
Bosnia and Herzegovina,BIH,2012,25.13574787
Bosnia and Herzegovina,BIH,2013,25.18542067
Bosnia and Herzegovina,BIH,2014,25.23629401
Bosnia and Herzegovina,BIH,2015,25.28791462
Botswana,BWA,2000,25.58636498
Botswana,BWA,2001,25.65780648
Botswana,BWA,2002,25.72389452
Botswana,BWA,2003,25.78546236
Botswana,BWA,2004,25.84280786
Botswana,BWA,2005,25.89593001
Botswana,BWA,2006,25.94469962
Botswana,BWA,2007,25.9898509
Botswana,BWA,2008,26.03175218
Botswana,BWA,2009,26.0701608
Botswana,BWA,2010,26.10551926
Botswana,BWA,2011,26.13910111
Botswana,BWA,2012,26.1714911
Botswana,BWA,2013,26.20301737
Botswana,BWA,2014,26.23442103
Botswana,BWA,2015,26.26568877
Brazil,BRA,2000,25.24370161
Brazil,BRA,2001,25.33488541
Brazil,BRA,2002,25.42599228
Brazil,BRA,2003,25.51805571
Brazil,BRA,2004,25.61299345
Brazil,BRA,2005,25.71188354
Brazil,BRA,2006,25.8144995
Brazil,BRA,2007,25.92083341
Brazil,BRA,2008,26.03117051
Brazil,BRA,2009,26.14616675
Brazil,BRA,2010,26.26620868
Brazil,BRA,2011,26.39036706
Brazil,BRA,2012,26.51745477
Brazil,BRA,2013,26.64692278
Brazil,BRA,2014,26.77741486
Brazil,BRA,2015,26.90829736
Brunei,BRN,2000,25.65794134
Brunei,BRN,2001,25.75137086
Brunei,BRN,2002,25.84485319
Brunei,BRN,2003,25.93832242
Brunei,BRN,2004,26.0323164
Brunei,BRN,2005,26.12780831
Brunei,BRN,2006,26.22552387
Brunei,BRN,2007,26.32589831
Brunei,BRN,2008,26.42876362
Brunei,BRN,2009,26.53462646
Brunei,BRN,2010,26.64336865
Brunei,BRN,2011,26.75511337
Brunei,BRN,2012,26.86919239
Brunei,BRN,2013,26.98430636
Brunei,BRN,2014,27.10049172
Brunei,BRN,2015,27.21634225
Bulgaria,BGR,2000,25.12977865
Bulgaria,BGR,2001,25.16807863
Bulgaria,BGR,2002,25.20996435
Bulgaria,BGR,2003,25.25478399
Bulgaria,BGR,2004,25.30236173
Bulgaria,BGR,2005,25.35245984
Bulgaria,BGR,2006,25.40420686
Bulgaria,BGR,2007,25.45710043
Bulgaria,BGR,2008,25.51035454
Bulgaria,BGR,2009,25.56322696
Bulgaria,BGR,2010,25.61530393
Bulgaria,BGR,2011,25.6674326
Bulgaria,BGR,2012,25.71982417
Bulgaria,BGR,2013,25.77226047
Bulgaria,BGR,2014,25.82511382
Bulgaria,BGR,2015,25.87790241
Burkina Faso,BFA,2000,20.87050627
Burkina Faso,BFA,2001,20.97219269
Burkina Faso,BFA,2002,21.07367975
Burkina Faso,BFA,2003,21.17383197
Burkina Faso,BFA,2004,21.27105498
Burkina Faso,BFA,2005,21.3642113
Burkina Faso,BFA,2006,21.45379631
Burkina Faso,BFA,2007,21.53937175
Burkina Faso,BFA,2008,21.62063671
Burkina Faso,BFA,2009,21.69743358
Burkina Faso,BFA,2010,21.77012764
Burkina Faso,BFA,2011,21.8389456
Burkina Faso,BFA,2012,21.90451337
Burkina Faso,BFA,2013,21.96782123
Burkina Faso,BFA,2014,22.02947066
Burkina Faso,BFA,2015,22.08968057
Burundi,BDI,2000,20.30672822
Burundi,BDI,2001,20.39559934
Burundi,BDI,2002,20.48324043
Burundi,BDI,2003,20.56939733
Burundi,BDI,2004,20.65328697
Burundi,BDI,2005,20.73416927
Burundi,BDI,2006,20.81374985
Burundi,BDI,2007,20.89225145
Burundi,BDI,2008,20.97015583
Burundi,BDI,2009,21.04800882
Burundi,BDI,2010,21.12589299
Burundi,BDI,2011,21.20475558
Burundi,BDI,2012,21.28427458
Burundi,BDI,2013,21.36444887
Burundi,BDI,2014,21.44485367
Burundi,BDI,2015,21.52499897
Cambodia,KHM,2000,20.69826296
Cambodia,KHM,2001,20.79198114
Cambodia,KHM,2002,20.88472087
Cambodia,KHM,2003,20.97657985
Cambodia,KHM,2004,21.06874405
Cambodia,KHM,2005,21.16219818
Cambodia,KHM,2006,21.25806968
Cambodia,KHM,2007,21.35670943
Cambodia,KHM,2008,21.45894109
Cambodia,KHM,2009,21.5651499
Cambodia,KHM,2010,21.67499275
Cambodia,KHM,2011,21.78881636
Cambodia,KHM,2012,21.90632871
Cambodia,KHM,2013,22.02550238
Cambodia,KHM,2014,22.14597531
Cambodia,KHM,2015,22.26680459
Cameroon,CMR,2000,23.55645378
Cameroon,CMR,2001,23.69570905
Cameroon,CMR,2002,23.83246551
Cameroon,CMR,2003,23.96535395
Cameroon,CMR,2004,24.09256819
Cameroon,CMR,2005,24.2134105
Cameroon,CMR,2006,24.32801891
Cameroon,CMR,2007,24.43706268
Cameroon,CMR,2008,24.54033874
Cameroon,CMR,2009,24.63802467
Cameroon,CMR,2010,24.73059215
Cameroon,CMR,2011,24.81909326
Cameroon,CMR,2012,24.90412976
Cameroon,CMR,2013,24.98691292
Cameroon,CMR,2014,25.06846113
Cameroon,CMR,2015,25.14831825
Canada,CAN,2000,25.99758282
Canada,CAN,2001,26.0815589
Canada,CAN,2002,26.15830306
Canada,CAN,2003,26.22780414
Canada,CAN,2004,26.2909195
Canada,CAN,2005,26.34834303
Canada,CAN,2006,26.40056581
Canada,CAN,2007,26.44888931
Canada,CAN,2008,26.49344377
Canada,CAN,2009,26.53477723
Canada,CAN,2010,26.57243243
Canada,CAN,2011,26.60673484
Canada,CAN,2012,26.63871399
Canada,CAN,2013,26.67003405
Canada,CAN,2014,26.7014865
Canada,CAN,2015,26.73270436
Cape Verde,CPV,2000,23.93783471
Cape Verde,CPV,2001,24.06930316
Cape Verde,CPV,2002,24.1971213
Cape Verde,CPV,2003,24.32036301
Cape Verde,CPV,2004,24.43812402
Cape Verde,CPV,2005,24.54917141
Cape Verde,CPV,2006,24.65378738
Cape Verde,CPV,2007,24.75263103
Cape Verde,CPV,2008,24.84548362
Cape Verde,CPV,2009,24.93251567
Cape Verde,CPV,2010,25.01394286
Cape Verde,CPV,2011,25.09045279
Cape Verde,CPV,2012,25.16243269
Cape Verde,CPV,2013,25.231715
Cape Verde,CPV,2014,25.29911613
Cape Verde,CPV,2015,25.36464843
Central African Republic,CAF,2000,21.95000155
Central African Republic,CAF,2001,22.06931709
Central African Republic,CAF,2002,22.18922811
Central African Republic,CAF,2003,22.30892161
Central African Republic,CAF,2004,22.42746045
Central African Republic,CAF,2005,22.54462769
Central African Republic,CAF,2006,22.66053253
Central African Republic,CAF,2007,22.775648
Central African Republic,CAF,2008,22.8896149
Central African Republic,CAF,2009,23.00258636
Central African Republic,CAF,2010,23.11433997
Central African Republic,CAF,2011,23.22594216
Central African Republic,CAF,2012,23.33733216
Central African Republic,CAF,2013,23.44849868
Central African Republic,CAF,2014,23.55951723
Central African Republic,CAF,2015,23.6709651
"Central Asia, Middle East and North Africa",,2000,26.94800436
"Central Asia, Middle East and North Africa",,2001,27.05032864
"Central Asia, Middle East and North Africa",,2002,27.15028221
"Central Asia, Middle East and North Africa",,2003,27.24730778
"Central Asia, Middle East and North Africa",,2004,27.34210567
"Central Asia, Middle East and North Africa",,2005,27.43421022
"Central Asia, Middle East and North Africa",,2006,27.52488728
"Central Asia, Middle East and North Africa",,2007,27.61607892
"Central Asia, Middle East and North Africa",,2008,27.70985064
"Central Asia, Middle East and North Africa",,2009,27.80448847
"Central Asia, Middle East and North Africa",,2010,27.89841679
"Central Asia, Middle East and North Africa",,2011,27.9913389
"Central Asia, Middle East and North Africa",,2012,28.084259
"Central Asia, Middle East and North Africa",,2013,28.17759332
"Central Asia, Middle East and North Africa",,2014,28.27163054
"Central Asia, Middle East and North Africa",,2015,28.36659804
Central and Eastern Europe,,2000,26.04264227
Central and Eastern Europe,,2001,26.0815157
Central and Eastern Europe,,2002,26.12233652
Central and Eastern Europe,,2003,26.16358
Central and Eastern Europe,,2004,26.20407617
Central and Eastern Europe,,2005,26.24294183
Central and Eastern Europe,,2006,26.28005485
Central and Eastern Europe,,2007,26.31522508
Central and Eastern Europe,,2008,26.34756534
Central and Eastern Europe,,2009,26.3764646
Central and Eastern Europe,,2010,26.4022064
Central and Eastern Europe,,2011,26.4261702
Central and Eastern Europe,,2012,26.44892361
Central and Eastern Europe,,2013,26.4711427
Central and Eastern Europe,,2014,26.49291579
Central and Eastern Europe,,2015,26.51427268
Chad,TCD,2000,20.80568646
Chad,TCD,2001,20.90626159
Chad,TCD,2002,21.00458252
Chad,TCD,2003,21.09982591
Chad,TCD,2004,21.19102728
Chad,TCD,2005,21.27730206
Chad,TCD,2006,21.35884344
Chad,TCD,2007,21.43583129
Chad,TCD,2008,21.50793048
Chad,TCD,2009,21.57511577
Chad,TCD,2010,21.63828966
Chad,TCD,2011,21.69843523
Chad,TCD,2012,21.75567026
Chad,TCD,2013,21.81172693
Chad,TCD,2014,21.86747939
Chad,TCD,2015,21.92290168
Chile,CHL,2000,27.14840157
Chile,CHL,2001,27.2160809
Chile,CHL,2002,27.28301766
Chile,CHL,2003,27.34966535
Chile,CHL,2004,27.41671821
Chile,CHL,2005,27.48463218
Chile,CHL,2006,27.5541092
Chile,CHL,2007,27.62532972
Chile,CHL,2008,27.69860351
Chile,CHL,2009,27.77438332
Chile,CHL,2010,27.85279261
Chile,CHL,2011,27.93324433
Chile,CHL,2012,28.01461294
Chile,CHL,2013,28.09702097
Chile,CHL,2014,28.17938522
Chile,CHL,2015,28.26195968
China,CHN,2000,22.48811066
China,CHN,2001,22.53866199
China,CHN,2002,22.59350727
China,CHN,2003,22.65243426
China,CHN,2004,22.71580157
China,CHN,2005,22.78308903
China,CHN,2006,22.85465638
China,CHN,2007,22.92994084
China,CHN,2008,23.00707164
China,CHN,2009,23.085025
China,CHN,2010,23.16244451
China,CHN,2011,23.23847663
China,CHN,2012,23.31287235
China,CHN,2013,23.38583275
China,CHN,2014,23.45685224
China,CHN,2015,23.52585449
Colombia,COL,2000,25.71717921
Colombia,COL,2001,25.79691359
Colombia,COL,2002,25.87093652
Colombia,COL,2003,25.93975615
Colombia,COL,2004,26.00490889
Colombia,COL,2005,26.06744101
Colombia,COL,2006,26.12798154
Colombia,COL,2007,26.18752787
Colombia,COL,2008,26.24746388
Colombia,COL,2009,26.30840333
Colombia,COL,2010,26.37028447
Colombia,COL,2011,26.43337235
Colombia,COL,2012,26.49755998
Colombia,COL,2013,26.56208878
Colombia,COL,2014,26.62678415
Colombia,COL,2015,26.69102002
Comoros,COM,2000,23.244413
Comoros,COM,2001,23.39877816
Comoros,COM,2002,23.55380241
Comoros,COM,2003,23.70933993
Comoros,COM,2004,23.86462151
Comoros,COM,2005,24.01894732
Comoros,COM,2006,24.17376447
Comoros,COM,2007,24.32890221
Comoros,COM,2008,24.48485231
Comoros,COM,2009,24.6412459
Comoros,COM,2010,24.79849729
Comoros,COM,2011,24.9571938
Comoros,COM,2012,25.1168429
Comoros,COM,2013,25.27728276
Comoros,COM,2014,25.43853243
Comoros,COM,2015,25.5996335
Congo,COG,2000,22.76134097
Congo,COG,2001,22.87191939
Congo,COG,2002,22.9808243
Congo,COG,2003,23.08778208
Congo,COG,2004,23.1916974
Congo,COG,2005,23.29147173
Congo,COG,2006,23.38728916
Congo,COG,2007,23.48019004
Congo,COG,2008,23.5700927
Congo,COG,2009,23.65729228
Congo,COG,2010,23.74172539
Congo,COG,2011,23.82442139
Congo,COG,2012,23.90545463
Congo,COG,2013,23.98566799
Congo,COG,2014,24.06489856
Congo,COG,2015,24.14332965
Cook Islands,COK,2000,32.16212765
Cook Islands,COK,2001,32.27075461
Cook Islands,COK,2002,32.37633522
Cook Islands,COK,2003,32.47846344
Cook Islands,COK,2004,32.57629236
Cook Islands,COK,2005,32.66866141
Cook Islands,COK,2006,32.75204518
Cook Islands,COK,2007,32.82857252
Cook Islands,COK,2008,32.90020049
Cook Islands,COK,2009,32.96775687
Cook Islands,COK,2010,33.03197437
Cook Islands,COK,2011,33.09213295
Cook Islands,COK,2012,33.14944358
Cook Islands,COK,2013,33.20485993
Cook Islands,COK,2014,33.25873282
Cook Islands,COK,2015,33.31123583
Costa Rica,CRI,2000,26.22592744
Costa Rica,CRI,2001,26.36804773
Costa Rica,CRI,2002,26.50578855
Costa Rica,CRI,2003,26.63896801
Costa Rica,CRI,2004,26.76842796
Costa Rica,CRI,2005,26.89411084
Costa Rica,CRI,2006,27.01598562
Costa Rica,CRI,2007,27.13477474
Costa Rica,CRI,2008,27.25156712
Costa Rica,CRI,2009,27.36681386
Costa Rica,CRI,2010,27.48015652
Costa Rica,CRI,2011,27.5908845
Costa Rica,CRI,2012,27.69916971
Costa Rica,CRI,2013,27.8050434
Costa Rica,CRI,2014,27.90809202
Costa Rica,CRI,2015,28.00841503
Cote d'Ivoire,CIV,2000,23.00357742
Cote d'Ivoire,CIV,2001,23.11779765
Cote d'Ivoire,CIV,2002,23.22946341
Cote d'Ivoire,CIV,2003,23.33712938
Cote d'Ivoire,CIV,2004,23.43918237
Cote d'Ivoire,CIV,2005,23.53473049
Cote d'Ivoire,CIV,2006,23.62414827
Cote d'Ivoire,CIV,2007,23.70747172
Cote d'Ivoire,CIV,2008,23.78452185
Cote d'Ivoire,CIV,2009,23.85551491
Cote d'Ivoire,CIV,2010,23.92111225
Cote d'Ivoire,CIV,2011,23.98224981
Cote d'Ivoire,CIV,2012,24.03907109
Cote d'Ivoire,CIV,2013,24.09365936
Cote d'Ivoire,CIV,2014,24.14681874
Cote d'Ivoire,CIV,2015,24.19824272
Croatia,HRV,2000,25.21521738
Croatia,HRV,2001,25.31068758
Croatia,HRV,2002,25.41067274
Croatia,HRV,2003,25.51496568
Croatia,HRV,2004,25.62280886
Croatia,HRV,2005,25.73336742
Croatia,HRV,2006,25.84705816
Croatia,HRV,2007,25.96294979
Croatia,HRV,2008,26.08018492
Croatia,HRV,2009,26.19808041
Croatia,HRV,2010,26.31575674
Croatia,HRV,2011,26.43414938
Croatia,HRV,2012,26.55343604
Croatia,HRV,2013,26.67314288
Croatia,HRV,2014,26.79316709
Croatia,HRV,2015,26.91329563
Cuba,CUB,2000,25.28372283
Cuba,CUB,2001,25.34929356
Cuba,CUB,2002,25.41264926
Cuba,CUB,2003,25.47353852
Cuba,CUB,2004,25.53240213
Cuba,CUB,2005,25.58941044
Cuba,CUB,2006,25.6448263
Cuba,CUB,2007,25.69934144
Cuba,CUB,2008,25.7534569
Cuba,CUB,2009,25.80746208
Cuba,CUB,2010,25.8620032
Cuba,CUB,2011,25.91775969
Cuba,CUB,2012,25.97391988
Cuba,CUB,2013,26.03075976
Cuba,CUB,2014,26.08775045
Cuba,CUB,2015,26.14472259
Cyprus,CYP,2000,25.97847535
Cyprus,CYP,2001,26.02628216
Cyprus,CYP,2002,26.06883902
Cyprus,CYP,2003,26.10641715
Cyprus,CYP,2004,26.13925118
Cyprus,CYP,2005,26.16764914
Cyprus,CYP,2006,26.19107729
Cyprus,CYP,2007,26.21031467
Cyprus,CYP,2008,26.22550312
Cyprus,CYP,2009,26.23589978
Cyprus,CYP,2010,26.2411794
Cyprus,CYP,2011,26.24245331
Cyprus,CYP,2012,26.24088577
Cyprus,CYP,2013,26.23778991
Cyprus,CYP,2014,26.23385036
Cyprus,CYP,2015,26.22974622
Czechia,CZE,2000,26.29806148
Czechia,CZE,2001,26.28906486
Czechia,CZE,2002,26.2838184
Czechia,CZE,2003,26.28198273
Czechia,CZE,2004,26.28389943
Czechia,CZE,2005,26.28862571
Czechia,CZE,2006,26.29606381
Czechia,CZE,2007,26.30571662
Czechia,CZE,2008,26.31707254
Czechia,CZE,2009,26.32874014
Czechia,CZE,2010,26.34051018
Czechia,CZE,2011,26.35371494
Czechia,CZE,2012,26.36824807
Czechia,CZE,2013,26.38376072
Czechia,CZE,2014,26.40038138
Czechia,CZE,2015,26.41777804
Democratic Republic of Congo,COD,2000,21.13649476
Democratic Republic of Congo,COD,2001,21.24739491
Democratic Republic of Congo,COD,2002,21.35793738
Democratic Republic of Congo,COD,2003,21.46724488
Democratic Republic of Congo,COD,2004,21.57433924
Democratic Republic of Congo,COD,2005,21.67854804
Democratic Republic of Congo,COD,2006,21.78025312
Democratic Republic of Congo,COD,2007,21.87995248
Democratic Republic of Congo,COD,2008,21.97764643
Democratic Republic of Congo,COD,2009,22.07339109
Democratic Republic of Congo,COD,2010,22.16700291
Democratic Republic of Congo,COD,2011,22.25947579
Democratic Republic of Congo,COD,2012,22.35088285
Democratic Republic of Congo,COD,2013,22.4416624
Democratic Republic of Congo,COD,2014,22.53136534
Democratic Republic of Congo,COD,2015,22.62058778
Denmark,DNK,2000,24.44853352
Denmark,DNK,2001,24.46532238
Denmark,DNK,2002,24.48080167
Denmark,DNK,2003,24.49491131
Denmark,DNK,2004,24.5078179
Denmark,DNK,2005,24.51945555
Denmark,DNK,2006,24.53039156
Denmark,DNK,2007,24.53999451
Denmark,DNK,2008,24.54789104
Denmark,DNK,2009,24.55427185
Denmark,DNK,2010,24.5580831
Denmark,DNK,2011,24.5598094
Denmark,DNK,2012,24.56015615
Denmark,DNK,2013,24.56017357
Denmark,DNK,2014,24.55941668
Denmark,DNK,2015,24.55860213
Djibouti,DJI,2000,24.25000387
Djibouti,DJI,2001,24.28725268
Djibouti,DJI,2002,24.32308701
Djibouti,DJI,2003,24.35790282
Djibouti,DJI,2004,24.39082785
Djibouti,DJI,2005,24.42155643
Djibouti,DJI,2006,24.45099694
Djibouti,DJI,2007,24.47961489
Djibouti,DJI,2008,24.50800018
Djibouti,DJI,2009,24.53642792
Djibouti,DJI,2010,24.56543292
Djibouti,DJI,2011,24.59586402
Djibouti,DJI,2012,24.62678051
Djibouti,DJI,2013,24.65853113
Djibouti,DJI,2014,24.69081591
Djibouti,DJI,2015,24.72292651
Dominica,DMA,2000,27.60215516
Dominica,DMA,2001,27.70738685
Dominica,DMA,2002,27.81111873
Dominica,DMA,2003,27.91327071
Dominica,DMA,2004,28.01402335
Dominica,DMA,2005,28.11384284
Dominica,DMA,2006,28.21331448
Dominica,DMA,2007,28.31322932
Dominica,DMA,2008,28.41327906
Dominica,DMA,2009,28.51331732
Dominica,DMA,2010,28.61390533
Dominica,DMA,2011,28.71497722
Dominica,DMA,2012,28.81595326
Dominica,DMA,2013,28.91710818
Dominica,DMA,2014,29.01802171
Dominica,DMA,2015,29.1185373
Dominican Republic,DOM,2000,25.67095668
Dominican Republic,DOM,2001,25.80453621
Dominican Republic,DOM,2002,25.93645331
Dominican Republic,DOM,2003,26.06594863
Dominican Republic,DOM,2004,26.19293247
Dominican Republic,DOM,2005,26.31756338
Dominican Republic,DOM,2006,26.4406624
Dominican Republic,DOM,2007,26.56196918
Dominican Republic,DOM,2008,26.68184311
Dominican Republic,DOM,2009,26.80007918
Dominican Republic,DOM,2010,26.91658037
Dominican Republic,DOM,2011,27.03082064
Dominican Republic,DOM,2012,27.14253818
Dominican Republic,DOM,2013,27.25203869
Dominican Republic,DOM,2014,27.35888681
Dominican Republic,DOM,2015,27.46328333
East Timor,TLS,2000,19.88621659
East Timor,TLS,2001,19.96461179
East Timor,TLS,2002,20.04323468
East Timor,TLS,2003,20.12167591
East Timor,TLS,2004,20.20092674
East Timor,TLS,2005,20.28130911
East Timor,TLS,2006,20.36544253
East Timor,TLS,2007,20.4532755
East Timor,TLS,2008,20.54472714
East Timor,TLS,2009,20.64036786
East Timor,TLS,2010,20.73930761
East Timor,TLS,2011,20.84206908
East Timor,TLS,2012,20.94714799
East Timor,TLS,2013,21.05311415
East Timor,TLS,2014,21.15979546
East Timor,TLS,2015,21.265804
East and South East Asia,,2000,22.4186321
East and South East Asia,,2001,22.48064806
East and South East Asia,,2002,22.54581477
East and South East Asia,,2003,22.61397397
East and South East Asia,,2004,22.68567356
East and South East Asia,,2005,22.76056999
East and South East Asia,,2006,22.83913147
East and South East Asia,,2007,22.92099603
East and South East Asia,,2008,23.00481845
East and South East Asia,,2009,23.08981143
East and South East Asia,,2010,23.17477517
East and South East Asia,,2011,23.2590979
East and South East Asia,,2012,23.34262551
East and South East Asia,,2013,23.42536356
East and South East Asia,,2014,23.50713068
East and South East Asia,,2015,23.58763831
Ecuador,ECU,2000,25.99334111
Ecuador,ECU,2001,26.12090786
Ecuador,ECU,2002,26.24627951
Ecuador,ECU,2003,26.36979243
Ecuador,ECU,2004,26.49250727
Ecuador,ECU,2005,26.6155237
Ecuador,ECU,2006,26.73950067
Ecuador,ECU,2007,26.86484084
Ecuador,ECU,2008,26.99234064
Ecuador,ECU,2009,27.12230796
Ecuador,ECU,2010,27.25421757
Ecuador,ECU,2011,27.38793313
Ecuador,ECU,2012,27.52306711
Ecuador,ECU,2013,27.65923615
Ecuador,ECU,2014,27.79537523
Ecuador,ECU,2015,27.93118032
Egypt,EGY,2000,29.0766755
Egypt,EGY,2001,29.24374042
Egypt,EGY,2002,29.40827866
Egypt,EGY,2003,29.56906677
Egypt,EGY,2004,29.72722517
Egypt,EGY,2005,29.88246129
Egypt,EGY,2006,30.03584412
Egypt,EGY,2007,30.19036398
Egypt,EGY,2008,30.34903842
Egypt,EGY,2009,30.51132637
Egypt,EGY,2010,30.67570039
Egypt,EGY,2011,30.84169589
Egypt,EGY,2012,31.00979711
Egypt,EGY,2013,31.17981639
Egypt,EGY,2014,31.35140993
Egypt,EGY,2015,31.52433642
El Salvador,SLV,2000,26.55766162
El Salvador,SLV,2001,26.70939241
El Salvador,SLV,2002,26.85267962
El Salvador,SLV,2003,26.9880286
El Salvador,SLV,2004,27.11752993
El Salvador,SLV,2005,27.241789
El Salvador,SLV,2006,27.36207748
El Salvador,SLV,2007,27.47937357
El Salvador,SLV,2008,27.59502864
El Salvador,SLV,2009,27.70978535
El Salvador,SLV,2010,27.82408142
El Salvador,SLV,2011,27.93822739
El Salvador,SLV,2012,28.05213674
El Salvador,SLV,2013,28.16559494
El Salvador,SLV,2014,28.2782553
El Salvador,SLV,2015,28.39025869
Equatorial Guinea,GNQ,2000,24.03789531
Equatorial Guinea,GNQ,2001,24.1704309
Equatorial Guinea,GNQ,2002,24.30147732
Equatorial Guinea,GNQ,2003,24.43091715
Equatorial Guinea,GNQ,2004,24.5585484
Equatorial Guinea,GNQ,2005,24.68398247
Equatorial Guinea,GNQ,2006,24.80840441
Equatorial Guinea,GNQ,2007,24.93192097
Equatorial Guinea,GNQ,2008,25.05470018
Equatorial Guinea,GNQ,2009,25.17647581
Equatorial Guinea,GNQ,2010,25.29736237
Equatorial Guinea,GNQ,2011,25.41816323
Equatorial Guinea,GNQ,2012,25.53882307
Equatorial Guinea,GNQ,2013,25.65950192
Equatorial Guinea,GNQ,2014,25.7801129
Equatorial Guinea,GNQ,2015,25.90067313
Eritrea,ERI,2000,20.17539104
Eritrea,ERI,2001,20.25054842
Eritrea,ERI,2002,20.32341826
Eritrea,ERI,2003,20.39422909
Eritrea,ERI,2004,20.4616977
Eritrea,ERI,2005,20.52513767
Eritrea,ERI,2006,20.5863332
Eritrea,ERI,2007,20.64576444
Eritrea,ERI,2008,20.7041191
Eritrea,ERI,2009,20.76170355
Eritrea,ERI,2010,20.81967322
Eritrea,ERI,2011,20.8787553
Eritrea,ERI,2012,20.93870848
Eritrea,ERI,2013,20.9989897
Eritrea,ERI,2014,21.05908997
Eritrea,ERI,2015,21.11826618
Estonia,EST,2000,25.41952361
Estonia,EST,2001,25.47956878
Estonia,EST,2002,25.54027235
Estonia,EST,2003,25.60020312
Estonia,EST,2004,25.65717166
Estonia,EST,2005,25.70964461
Estonia,EST,2006,25.75678942
Estonia,EST,2007,25.79904931
Estonia,EST,2008,25.83627164
Estonia,EST,2009,25.86856039
Estonia,EST,2010,25.89685259
Estonia,EST,2011,25.92272283
Estonia,EST,2012,25.94716263
Estonia,EST,2013,25.97168432
Estonia,EST,2014,25.99620062
Estonia,EST,2015,26.02066592
Eswatini,SWZ,2000,27.65081636
Eswatini,SWZ,2001,27.75280288
Eswatini,SWZ,2002,27.85444698
Eswatini,SWZ,2003,27.95621741
Eswatini,SWZ,2004,28.05743177
Eswatini,SWZ,2005,28.15747766
Eswatini,SWZ,2006,28.25633937
Eswatini,SWZ,2007,28.35387376
Eswatini,SWZ,2008,28.44997259
Eswatini,SWZ,2009,28.54413675
Eswatini,SWZ,2010,28.63670316
Eswatini,SWZ,2011,28.72887006
Eswatini,SWZ,2012,28.82109171
Eswatini,SWZ,2013,28.91308328
Eswatini,SWZ,2014,29.00561205
Eswatini,SWZ,2015,29.09877363
Ethiopia,ETH,2000,19.97680803
Ethiopia,ETH,2001,20.05619147
Ethiopia,ETH,2002,20.13391917
Ethiopia,ETH,2003,20.20996921
Ethiopia,ETH,2004,20.28351601
Ethiopia,ETH,2005,20.35395867
Ethiopia,ETH,2006,20.423337
Ethiopia,ETH,2007,20.49206993
Ethiopia,ETH,2008,20.5602594
Ethiopia,ETH,2009,20.62807393
Ethiopia,ETH,2010,20.69637377
Ethiopia,ETH,2011,20.76596489
Ethiopia,ETH,2012,20.83645425
Ethiopia,ETH,2013,20.90760248
Ethiopia,ETH,2014,20.97906039
Ethiopia,ETH,2015,21.04993426
Fiji,FJI,2000,27.60524749
Fiji,FJI,2001,27.71720395
Fiji,FJI,2002,27.82462991
Fiji,FJI,2003,27.92765
Fiji,FJI,2004,28.02615249
Fiji,FJI,2005,28.11980055
Fiji,FJI,2006,28.20919683
Fiji,FJI,2007,28.29518283
Fiji,FJI,2008,28.37848926
Fiji,FJI,2009,28.45946548
Fiji,FJI,2010,28.53876525
Fiji,FJI,2011,28.61716451
Fiji,FJI,2012,28.69547648
Fiji,FJI,2013,28.77308962
Fiji,FJI,2014,28.85031073
Fiji,FJI,2015,28.92700833
Finland,FIN,2000,25.48950019
Finland,FIN,2001,25.52492642
Finland,FIN,2002,25.55511103
Finland,FIN,2003,25.58061749
Finland,FIN,2004,25.60224604
Finland,FIN,2005,25.61995411
Finland,FIN,2006,25.63495664
Finland,FIN,2007,25.64729317
Finland,FIN,2008,25.6574966
Finland,FIN,2009,25.66568718
Finland,FIN,2010,25.67117682
Finland,FIN,2011,25.67441486
Finland,FIN,2012,25.67609843
Finland,FIN,2013,25.67762273
Finland,FIN,2014,25.67873171
Finland,FIN,2015,25.68009252
France,FRA,2000,24.50543276
France,FRA,2001,24.51920208
France,FRA,2002,24.52987851
France,FRA,2003,24.53694258
France,FRA,2004,24.54059771
France,FRA,2005,24.5407363
France,FRA,2006,24.53698509
France,FRA,2007,24.53023213
France,FRA,2008,24.51993495
France,FRA,2009,24.50563683
France,FRA,2010,24.48609405
France,FRA,2011,24.46245762
France,FRA,2012,24.43549811
France,FRA,2013,24.40627372
France,FRA,2014,24.3755527
France,FRA,2015,24.34407017
French Polynesia,PYF,2000,29.38461704
French Polynesia,PYF,2001,29.40801573
French Polynesia,PYF,2002,29.42897152
French Polynesia,PYF,2003,29.4476989
French Polynesia,PYF,2004,29.46387298
French Polynesia,PYF,2005,29.47672137
French Polynesia,PYF,2006,29.48672612
French Polynesia,PYF,2007,29.49525795
French Polynesia,PYF,2008,29.50318209
French Polynesia,PYF,2009,29.51065389
French Polynesia,PYF,2010,29.51804036
French Polynesia,PYF,2011,29.52511298
French Polynesia,PYF,2012,29.53198023
French Polynesia,PYF,2013,29.53826033
French Polynesia,PYF,2014,29.54444249
French Polynesia,PYF,2015,29.55078469
Gabon,GAB,2000,24.61974264
Gabon,GAB,2001,24.76949614
Gabon,GAB,2002,24.91694216
Gabon,GAB,2003,25.06224599
Gabon,GAB,2004,25.20494517
Gabon,GAB,2005,25.34445676
Gabon,GAB,2006,25.48006758
Gabon,GAB,2007,25.61231104
Gabon,GAB,2008,25.74170154
Gabon,GAB,2009,25.86846854
Gabon,GAB,2010,25.99254405
Gabon,GAB,2011,26.11414826
Gabon,GAB,2012,26.23353694
Gabon,GAB,2013,26.35110919
Gabon,GAB,2014,26.46708943
Gabon,GAB,2015,26.58218418
Gambia,GMB,2000,22.70123681
Gambia,GMB,2001,22.86765918
Gambia,GMB,2002,23.03012105
Gambia,GMB,2003,23.18763431
Gambia,GMB,2004,23.33873184
Gambia,GMB,2005,23.48242874
Gambia,GMB,2006,23.61921705
Gambia,GMB,2007,23.74884144
Gambia,GMB,2008,23.87110133
Gambia,GMB,2009,23.98625094
Gambia,GMB,2010,24.09489195
Gambia,GMB,2011,24.19695042
Gambia,GMB,2012,24.29342142
Gambia,GMB,2013,24.38637474
Gambia,GMB,2014,24.47729524
Gambia,GMB,2015,24.56621707
Georgia,GEO,2000,26.08503105
Georgia,GEO,2001,26.179361
Georgia,GEO,2002,26.27570801
Georgia,GEO,2003,26.37379402
Georgia,GEO,2004,26.47433523
Georgia,GEO,2005,26.57674055
Georgia,GEO,2006,26.68217503
Georgia,GEO,2007,26.79087744
Georgia,GEO,2008,26.90309055
Georgia,GEO,2009,27.0184836
Georgia,GEO,2010,27.13597552
Georgia,GEO,2011,27.2555802
Georgia,GEO,2012,27.37755659
Georgia,GEO,2013,27.50156098
Georgia,GEO,2014,27.62658494
Georgia,GEO,2015,27.75201309
Germany,DEU,2000,25.31768432
Germany,DEU,2001,25.3702319
Germany,DEU,2002,25.4211473
Germany,DEU,2003,25.47047645
Germany,DEU,2004,25.51830773
Germany,DEU,2005,25.56470472
Germany,DEU,2006,25.6106602
Germany,DEU,2007,25.6557485
Germany,DEU,2008,25.69996879
Germany,DEU,2009,25.7428459
Germany,DEU,2010,25.78360187
Germany,DEU,2011,25.82248798
Germany,DEU,2012,25.86005788
Germany,DEU,2013,25.89776749
Germany,DEU,2014,25.93513703
Germany,DEU,2015,25.97264791
Ghana,GHA,2000,23.27954179
Ghana,GHA,2001,23.44593399
Ghana,GHA,2002,23.60913039
Ghana,GHA,2003,23.76802573
Ghana,GHA,2004,23.92106966
Ghana,GHA,2005,24.06730353
Ghana,GHA,2006,24.20785559
Ghana,GHA,2007,24.34283995
Ghana,GHA,2008,24.47272062
Ghana,GHA,2009,24.59816794
Ghana,GHA,2010,24.71914762
Ghana,GHA,2011,24.83644933
Ghana,GHA,2012,24.95009474
Ghana,GHA,2013,25.06209708
Ghana,GHA,2014,25.17286373
Ghana,GHA,2015,25.2821909
Greece,GRC,2000,26.81789635
Greece,GRC,2001,26.84841171
Greece,GRC,2002,26.87655915
Greece,GRC,2003,26.90189358
Greece,GRC,2004,26.92454956
Greece,GRC,2005,26.94442879
Greece,GRC,2006,26.9608467
Greece,GRC,2007,26.97417026
Greece,GRC,2008,26.98376392
Greece,GRC,2009,26.98891338
Greece,GRC,2010,26.98860922
Greece,GRC,2011,26.98317578
Greece,GRC,2012,26.97373251
Greece,GRC,2013,26.96150637
Greece,GRC,2014,26.94727399
Greece,GRC,2015,26.93186374
Greenland,GRL,2000,26.18915615
Greenland,GRL,2001,26.23956029
Greenland,GRL,2002,26.28756845
Greenland,GRL,2003,26.33307745
Greenland,GRL,2004,26.37660033
Greenland,GRL,2005,26.41790504
Greenland,GRL,2006,26.45785762
Greenland,GRL,2007,26.49617312
Greenland,GRL,2008,26.53265882
Greenland,GRL,2009,26.56747612
Greenland,GRL,2010,26.59984257
Greenland,GRL,2011,26.63043546
Greenland,GRL,2012,26.65966783
Greenland,GRL,2013,26.68870129
Greenland,GRL,2014,26.71757882
Greenland,GRL,2015,26.74629001
Grenada,GRD,2000,26.86448405
Grenada,GRD,2001,27.00718123
Grenada,GRD,2002,27.1467529
Grenada,GRD,2003,27.28334488
Grenada,GRD,2004,27.41755992
Grenada,GRD,2005,27.54985703
Grenada,GRD,2006,27.6807532
Grenada,GRD,2007,27.81061333
Grenada,GRD,2008,27.94011925
Grenada,GRD,2009,28.06965419
Grenada,GRD,2010,28.19999829
Grenada,GRD,2011,28.33144306
Grenada,GRD,2012,28.46361135
Grenada,GRD,2013,28.59696892
Grenada,GRD,2014,28.73067681
Grenada,GRD,2015,28.86465836
Guatemala,GTM,2000,25.62919797
Guatemala,GTM,2001,25.77064011
Guatemala,GTM,2002,25.90603381
Guatemala,GTM,2003,26.03532539
Guatemala,GTM,2004,26.15944826
Guatemala,GTM,2005,26.2792289
Guatemala,GTM,2006,26.39532251
Guatemala,GTM,2007,26.50841709
Guatemala,GTM,2008,26.61960538
Guatemala,GTM,2009,26.72996898
Guatemala,GTM,2010,26.8397622
Guatemala,GTM,2011,26.94961091
Guatemala,GTM,2012,27.05915186
Guatemala,GTM,2013,27.16835985
Guatemala,GTM,2014,27.27692414
Guatemala,GTM,2015,27.38458813
Guinea,GIN,2000,22.03446317
Guinea,GIN,2001,22.14903699
Guinea,GIN,2002,22.26176806
Guinea,GIN,2003,22.37173528
Guinea,GIN,2004,22.47801085
Guinea,GIN,2005,22.57984042
Guinea,GIN,2006,22.67826723
Guinea,GIN,2007,22.77300084
Guinea,GIN,2008,22.86356997
Guinea,GIN,2009,22.95003347
Guinea,GIN,2010,23.03239324
Guinea,GIN,2011,23.11194017
Guinea,GIN,2012,23.18858133
Guinea,GIN,2013,23.26376481
Guinea,GIN,2014,23.33833862
Guinea,GIN,2015,23.41181123
Guinea-Bissau,GNB,2000,22.50875128
Guinea-Bissau,GNB,2001,22.64714149
Guinea-Bissau,GNB,2002,22.78226718
Guinea-Bissau,GNB,2003,22.91299576
Guinea-Bissau,GNB,2004,23.0382806
Guinea-Bissau,GNB,2005,23.15744316
Guinea-Bissau,GNB,2006,23.27094431
Guinea-Bissau,GNB,2007,23.37939341
Guinea-Bissau,GNB,2008,23.48226495
Guinea-Bissau,GNB,2009,23.57969267
Guinea-Bissau,GNB,2010,23.67216741
Guinea-Bissau,GNB,2011,23.76028233
Guinea-Bissau,GNB,2012,23.84396816
Guinea-Bissau,GNB,2013,23.92488402
Guinea-Bissau,GNB,2014,24.00418082
Guinea-Bissau,GNB,2015,24.08169902
Guyana,GUY,2000,25.85113214
Guyana,GUY,2001,25.98364676
Guyana,GUY,2002,26.11480575
Guyana,GUY,2003,26.24483799
Guyana,GUY,2004,26.37380024
Guyana,GUY,2005,26.50211499
Guyana,GUY,2006,26.63042926
Guyana,GUY,2007,26.75879461
Guyana,GUY,2008,26.8878556
Guyana,GUY,2009,27.01768864
Guyana,GUY,2010,27.14839734
Guyana,GUY,2011,27.28103799
Guyana,GUY,2012,27.41440948
Guyana,GUY,2013,27.54910028
Guyana,GUY,2014,27.68471765
Guyana,GUY,2015,27.82116667
Haiti,HTI,2000,22.39998548
Haiti,HTI,2001,22.53429736
Haiti,HTI,2002,22.6691237
Haiti,HTI,2003,22.80336106
Haiti,HTI,2004,22.93668771
Haiti,HTI,2005,23.06898244
Haiti,HTI,2006,23.19948773
Haiti,HTI,2007,23.32790258
Haiti,HTI,2008,23.45413528
Haiti,HTI,2009,23.57777266
Haiti,HTI,2010,23.69853018
Haiti,HTI,2011,23.81557423
Haiti,HTI,2012,23.92904578
Haiti,HTI,2013,24.03925605
Haiti,HTI,2014,24.14599966
Haiti,HTI,2015,24.24907324
High-income Asia Pacific,,2000,22.27919035
High-income Asia Pacific,,2001,22.28046694
High-income Asia Pacific,,2002,22.28455886
High-income Asia Pacific,,2003,22.29034831
High-income Asia Pacific,,2004,22.29732651
High-income Asia Pacific,,2005,22.30456426
High-income Asia Pacific,,2006,22.30925671
High-income Asia Pacific,,2007,22.31204266
High-income Asia Pacific,,2008,22.31307212
High-income Asia Pacific,,2009,22.31280805
High-income Asia Pacific,,2010,22.31074034
High-income Asia Pacific,,2011,22.3059825
High-income Asia Pacific,,2012,22.29953148
High-income Asia Pacific,,2013,22.29134302
High-income Asia Pacific,,2014,22.28181119
High-income Asia Pacific,,2015,22.27099477
High-income Western countries,,2000,26.24310588
High-income Western countries,,2001,26.32462657
High-income Western countries,,2002,26.40058179
High-income Western countries,,2003,26.47062591
High-income Western countries,,2004,26.53556484
High-income Western countries,,2005,26.59622027
High-income Western countries,,2006,26.65302446
High-income Western countries,,2007,26.70666619
High-income Western countries,,2008,26.75699082
High-income Western countries,,2009,26.80408364
High-income Western countries,,2010,26.84702585
High-income Western countries,,2011,26.88608085
High-income Western countries,,2012,26.92283989
High-income Western countries,,2013,26.95893676
High-income Western countries,,2014,26.99466287
High-income Western countries,,2015,27.03007678
Honduras,HND,2000,25.19329487
Honduras,HND,2001,25.37730383
Honduras,HND,2002,25.55715064
Honduras,HND,2003,25.73276338
Honduras,HND,2004,25.90499821
Honduras,HND,2005,26.0739872
Honduras,HND,2006,26.24048359
Honduras,HND,2007,26.40447671
Honduras,HND,2008,26.56714768
Honduras,HND,2009,26.72935844
Honduras,HND,2010,26.89148392
Honduras,HND,2011,27.05351772
Honduras,HND,2012,27.21530677
Honduras,HND,2013,27.37645867
Honduras,HND,2014,27.53652345
Honduras,HND,2015,27.6951341
Hong Kong,HKG,2000,23.30530601
Hong Kong,HKG,2001,23.32591638
Hong Kong,HKG,2002,23.3487572
Hong Kong,HKG,2003,23.37399976
Hong Kong,HKG,2004,23.40226118
Hong Kong,HKG,2005,23.43327436
Hong Kong,HKG,2006,23.46756018
Hong Kong,HKG,2007,23.5050845
Hong Kong,HKG,2008,23.54521159
Hong Kong,HKG,2009,23.58780068
Hong Kong,HKG,2010,23.63190528
Hong Kong,HKG,2011,23.67772952
Hong Kong,HKG,2012,23.72464876
Hong Kong,HKG,2013,23.77280336
Hong Kong,HKG,2014,23.82162817
Hong Kong,HKG,2015,23.87086688
Hungary,HUN,2000,25.61959989
Hungary,HUN,2001,25.66466662
Hungary,HUN,2002,25.71562005
Hungary,HUN,2003,25.77159664
Hungary,HUN,2004,25.83188533
Hungary,HUN,2005,25.8953425
Hungary,HUN,2006,25.96206813
Hungary,HUN,2007,26.03101983
Hungary,HUN,2008,26.1011997
Hungary,HUN,2009,26.17144109
Hungary,HUN,2010,26.24106273
Hungary,HUN,2011,26.31054277
Hungary,HUN,2012,26.38008123
Hungary,HUN,2013,26.44931704
Hungary,HUN,2014,26.51825957
Hungary,HUN,2015,26.58660554
Iceland,ISL,2000,25.05872794
Iceland,ISL,2001,25.1132582
Iceland,ISL,2002,25.16399761
Iceland,ISL,2003,25.21081604
Iceland,ISL,2004,25.25424637
Iceland,ISL,2005,25.29440091
Iceland,ISL,2006,25.33167438
Iceland,ISL,2007,25.36660194
Iceland,ISL,2008,25.39898394
Iceland,ISL,2009,25.42857411
Iceland,ISL,2010,25.45519792
Iceland,ISL,2011,25.479446
Iceland,ISL,2012,25.50214461
Iceland,ISL,2013,25.52449081
Iceland,ISL,2014,25.54665096
Iceland,ISL,2015,25.5691211
India,IND,2000,20.78255592
India,IND,2001,20.86601994
India,IND,2002,20.94895546
India,IND,2003,21.03024779
India,IND,2004,21.10948963
India,IND,2005,21.1866745
India,IND,2006,21.26188936
India,IND,2007,21.33692667
India,IND,2008,21.41177806
India,IND,2009,21.4865203
India,IND,2010,21.560727
India,IND,2011,21.63452818
India,IND,2012,21.70847864
India,IND,2013,21.7830507
India,IND,2014,21.85686937
India,IND,2015,21.93055334
Indonesia,IDN,2000,22.18824018
Indonesia,IDN,2001,22.29513084
Indonesia,IDN,2002,22.39984631
Indonesia,IDN,2003,22.50244291
Indonesia,IDN,2004,22.60434292
Indonesia,IDN,2005,22.7060176
Indonesia,IDN,2006,22.80823623
Indonesia,IDN,2007,22.91174691
Indonesia,IDN,2008,23.0170071
Indonesia,IDN,2009,23.12436243
Indonesia,IDN,2010,23.23342986
Indonesia,IDN,2011,23.34412592
Indonesia,IDN,2012,23.45644679
Indonesia,IDN,2013,23.56914564
Indonesia,IDN,2014,23.68195502
Indonesia,IDN,2015,23.79377596
Iran,IRN,2000,26.07647566
Iran,IRN,2001,26.17575757
Iran,IRN,2002,26.27115483
Iran,IRN,2003,26.36139434
Iran,IRN,2004,26.44662074
Iran,IRN,2005,26.52622966
Iran,IRN,2006,26.60074901
Iran,IRN,2007,26.67222929
Iran,IRN,2008,26.74312405
Iran,IRN,2009,26.81257342
Iran,IRN,2010,26.87967118
Iran,IRN,2011,26.94489846
Iran,IRN,2012,27.00925328
Iran,IRN,2013,27.07324419
Iran,IRN,2014,27.13714529
Iran,IRN,2015,27.20079325
Iraq,IRQ,2000,28.12026822
Iraq,IRQ,2001,28.2227619
Iraq,IRQ,2002,28.32559077
Iraq,IRQ,2003,28.42836321
Iraq,IRQ,2004,28.53109673
Iraq,IRQ,2005,28.63315135
Iraq,IRQ,2006,28.73598755
Iraq,IRQ,2007,28.84209559
Iraq,IRQ,2008,28.95379823
Iraq,IRQ,2009,29.06974234
Iraq,IRQ,2010,29.18835089
Iraq,IRQ,2011,29.3091987
Iraq,IRQ,2012,29.43254312
Iraq,IRQ,2013,29.55808931
Iraq,IRQ,2014,29.68533514
Iraq,IRQ,2015,29.81370852
Ireland,IRL,2000,25.9935423
Ireland,IRL,2001,26.10274602
Ireland,IRL,2002,26.20653183
Ireland,IRL,2003,26.30399667
Ireland,IRL,2004,26.39553012
Ireland,IRL,2005,26.48175412
Ireland,IRL,2006,26.56278417
Ireland,IRL,2007,26.64002691
Ireland,IRL,2008,26.71345068
Ireland,IRL,2009,26.78365492
Ireland,IRL,2010,26.84986329
Ireland,IRL,2011,26.91199955
Ireland,IRL,2012,26.97156604
Ireland,IRL,2013,27.03007658
Ireland,IRL,2014,27.08821954
Ireland,IRL,2015,27.14590911
Israel,ISR,2000,26.36475377
Israel,ISR,2001,26.43549553
Israel,ISR,2002,26.50342576
Israel,ISR,2003,26.56846262
Israel,ISR,2004,26.63029205
Israel,ISR,2005,26.68879352
Israel,ISR,2006,26.74396861
Israel,ISR,2007,26.79605032
Israel,ISR,2008,26.84477148
Israel,ISR,2009,26.88973863
Israel,ISR,2010,26.92975679
Israel,ISR,2011,26.96620457
Israel,ISR,2012,26.99970497
Israel,ISR,2013,27.03193881
Israel,ISR,2014,27.06299819
Israel,ISR,2015,27.09389731
Italy,ITA,2000,24.94322858
Italy,ITA,2001,24.96881146
Italy,ITA,2002,24.99142223
Italy,ITA,2003,25.01043919
Italy,ITA,2004,25.025516
Italy,ITA,2005,25.03647608
Italy,ITA,2006,25.04329557
Italy,ITA,2007,25.04672495
Italy,ITA,2008,25.04520705
Italy,ITA,2009,25.03790389
Italy,ITA,2010,25.02360754
Italy,ITA,2011,25.00323561
Italy,ITA,2012,24.97805283
Italy,ITA,2013,24.95007696
Italy,ITA,2014,24.91999841
Italy,ITA,2015,24.88883559
Jamaica,JAM,2000,27.24685306
Jamaica,JAM,2001,27.41799246
Jamaica,JAM,2002,27.58714018
Jamaica,JAM,2003,27.75432764
Jamaica,JAM,2004,27.91978
Jamaica,JAM,2005,28.08377436
Jamaica,JAM,2006,28.24671896
Jamaica,JAM,2007,28.40844243
Jamaica,JAM,2008,28.56989284
Jamaica,JAM,2009,28.73101443
Jamaica,JAM,2010,28.89236144
Jamaica,JAM,2011,29.05450069
Jamaica,JAM,2012,29.21660673
Jamaica,JAM,2013,29.37921186
Jamaica,JAM,2014,29.54167343
Jamaica,JAM,2015,29.70386717
Japan,JPN,2000,22.02227681
Japan,JPN,2001,22.01245114
Japan,JPN,2002,22.00706305
Japan,JPN,2003,22.00460152
Japan,JPN,2004,22.00414075
Japan,JPN,2005,22.00453082
Japan,JPN,2006,22.00188955
Japan,JPN,2007,21.99678752
Japan,JPN,2008,21.98911808
Japan,JPN,2009,21.97939834
Japan,JPN,2010,21.96685642
Japan,JPN,2011,21.95001801
Japan,JPN,2012,21.93017411
Japan,JPN,2013,21.90726934
Japan,JPN,2014,21.88196891
Japan,JPN,2015,21.85462817
Jordan,JOR,2000,29.37303774
Jordan,JOR,2001,29.42943385
Jordan,JOR,2002,29.48026445
Jordan,JOR,2003,29.52517004
Jordan,JOR,2004,29.56589345
Jordan,JOR,2005,29.60266768
Jordan,JOR,2006,29.63773083
Jordan,JOR,2007,29.67393321
Jordan,JOR,2008,29.71463061
Jordan,JOR,2009,29.75794467
Jordan,JOR,2010,29.80238208
Jordan,JOR,2011,29.84745846
Jordan,JOR,2012,29.89385112
Jordan,JOR,2013,29.94146217
Jordan,JOR,2014,29.98972379
Jordan,JOR,2015,30.0387267
Kazakhstan,KAZ,2000,26.22352295
Kazakhstan,KAZ,2001,26.25100792
Kazakhstan,KAZ,2002,26.27675565
Kazakhstan,KAZ,2003,26.30098337
Kazakhstan,KAZ,2004,26.32451101
Kazakhstan,KAZ,2005,26.34692354
Kazakhstan,KAZ,2006,26.36945902
Kazakhstan,KAZ,2007,26.3925023
Kazakhstan,KAZ,2008,26.41696828
Kazakhstan,KAZ,2009,26.44311791
Kazakhstan,KAZ,2010,26.46996009
Kazakhstan,KAZ,2011,26.49893612
Kazakhstan,KAZ,2012,26.52993699
Kazakhstan,KAZ,2013,26.56260954
Kazakhstan,KAZ,2014,26.59612078
Kazakhstan,KAZ,2015,26.63026856
Kenya,KEN,2000,22.64457913
Kenya,KEN,2001,22.77082852
Kenya,KEN,2002,22.89638844
Kenya,KEN,2003,23.02123521
Kenya,KEN,2004,23.14436949
Kenya,KEN,2005,23.26528035
Kenya,KEN,2006,23.38509412
Kenya,KEN,2007,23.50438803
Kenya,KEN,2008,23.62335127
Kenya,KEN,2009,23.74208963
Kenya,KEN,2010,23.86154703
Kenya,KEN,2011,23.98228104
Kenya,KEN,2012,24.10373588
Kenya,KEN,2013,24.2256153
Kenya,KEN,2014,24.34749875
Kenya,KEN,2015,24.4685678
Kiribati,KIR,2000,29.35012336
Kiribati,KIR,2001,29.51781472
Kiribati,KIR,2002,29.67507783
Kiribati,KIR,2003,29.82276338
Kiribati,KIR,2004,29.96168534
Kiribati,KIR,2005,30.09165911
Kiribati,KIR,2006,30.21370333
Kiribati,KIR,2007,30.32959892
Kiribati,KIR,2008,30.44164822
Kiribati,KIR,2009,30.5508462
Kiribati,KIR,2010,30.65859102
Kiribati,KIR,2011,30.76610771
Kiribati,KIR,2012,30.87359834
Kiribati,KIR,2013,30.98102152
Kiribati,KIR,2014,31.08855706
Kiribati,KIR,2015,31.19596422
Kuwait,KWT,2000,29.93359048
Kuwait,KWT,2001,29.99054104
Kuwait,KWT,2002,30.04444749
Kuwait,KWT,2003,30.09469051
Kuwait,KWT,2004,30.14172396
Kuwait,KWT,2005,30.18458587
Kuwait,KWT,2006,30.224242
Kuwait,KWT,2007,30.26294924
Kuwait,KWT,2008,30.30376268
Kuwait,KWT,2009,30.34586941
Kuwait,KWT,2010,30.38841669
Kuwait,KWT,2011,30.43125679
Kuwait,KWT,2012,30.47527274
Kuwait,KWT,2013,30.52017568
Kuwait,KWT,2014,30.5660226
Kuwait,KWT,2015,30.613244
Kyrgyzstan,KGZ,2000,25.12395771
Kyrgyzstan,KGZ,2001,25.25457392
Kyrgyzstan,KGZ,2002,25.38729862
Kyrgyzstan,KGZ,2003,25.52163634
Kyrgyzstan,KGZ,2004,25.65741639
Kyrgyzstan,KGZ,2005,25.79457334
Kyrgyzstan,KGZ,2006,25.93356961
Kyrgyzstan,KGZ,2007,26.07474843
Kyrgyzstan,KGZ,2008,26.21866863
Kyrgyzstan,KGZ,2009,26.36491694
Kyrgyzstan,KGZ,2010,26.51280946
Kyrgyzstan,KGZ,2011,26.66270747
Kyrgyzstan,KGZ,2012,26.81427399
Kyrgyzstan,KGZ,2013,26.96828506
Kyrgyzstan,KGZ,2014,27.12274611
Kyrgyzstan,KGZ,2015,27.27739439
Laos,LAO,2000,21.3061304
Laos,LAO,2001,21.42046667
Laos,LAO,2002,21.53543604
Laos,LAO,2003,21.6505732
Laos,LAO,2004,21.76596186
Laos,LAO,2005,21.88187356
Laos,LAO,2006,21.99889685
Laos,LAO,2007,22.11696201
Laos,LAO,2008,22.23633015
Laos,LAO,2009,22.35734232
Laos,LAO,2010,22.47974957
Laos,LAO,2011,22.60313953
Laos,LAO,2012,22.7268648
Laos,LAO,2013,22.8494651
Laos,LAO,2014,22.97125235
Laos,LAO,2015,23.09102292
Latin America and Caribbean,,2000,25.98635477
Latin America and Caribbean,,2001,26.08398029
Latin America and Caribbean,,2002,26.17825168
Latin America and Caribbean,,2003,26.26987211
Latin America and Caribbean,,2004,26.36035645
Latin America and Caribbean,,2005,26.4507219
Latin America and Caribbean,,2006,26.54144673
Latin America and Caribbean,,2007,26.63292425
Latin America and Caribbean,,2008,26.72601131
Latin America and Caribbean,,2009,26.82128666
Latin America and Caribbean,,2010,26.91917966
Latin America and Caribbean,,2011,27.01953807
Latin America and Caribbean,,2012,27.12151131
Latin America and Caribbean,,2013,27.22470061
Latin America and Caribbean,,2014,27.32811621
Latin America and Caribbean,,2015,27.43120407
Latvia,LVA,2000,25.66850022
Latvia,LVA,2001,25.72606374
Latvia,LVA,2002,25.78594482
Latvia,LVA,2003,25.84657139
Latvia,LVA,2004,25.90656415
Latvia,LVA,2005,25.96482942
Latvia,LVA,2006,26.01986899
Latvia,LVA,2007,26.07212339
Latvia,LVA,2008,26.1210717
Latvia,LVA,2009,26.16691505
Latvia,LVA,2010,26.20991329
Latvia,LVA,2011,26.2510735
Latvia,LVA,2012,26.29123383
Latvia,LVA,2013,26.33120326
Latvia,LVA,2014,26.37115247
Latvia,LVA,2015,26.41094632
Lebanon,LBN,2000,26.62727327
Lebanon,LBN,2001,26.69876457
Lebanon,LBN,2002,26.76706445
Lebanon,LBN,2003,26.83170389
Lebanon,LBN,2004,26.89323735
Lebanon,LBN,2005,26.95131251
Lebanon,LBN,2006,27.00762433
Lebanon,LBN,2007,27.06450174
Lebanon,LBN,2008,27.12469691
Lebanon,LBN,2009,27.18710575
Lebanon,LBN,2010,27.25037629
Lebanon,LBN,2011,27.31417675
Lebanon,LBN,2012,27.37925231
Lebanon,LBN,2013,27.4455086
Lebanon,LBN,2014,27.51260041
Lebanon,LBN,2015,27.57999447
Lesotho,LSO,2000,26.16756188
Lesotho,LSO,2001,26.23849719
Lesotho,LSO,2002,26.3087109
Lesotho,LSO,2003,26.3784341
Lesotho,LSO,2004,26.44726703
Lesotho,LSO,2005,26.51428505
Lesotho,LSO,2006,26.57943471
Lesotho,LSO,2007,26.64301123
Lesotho,LSO,2008,26.70450873
Lesotho,LSO,2009,26.76375129
Lesotho,LSO,2010,26.82082997
Lesotho,LSO,2011,26.87640084
Lesotho,LSO,2012,26.93060956
Lesotho,LSO,2013,26.98303049
Lesotho,LSO,2014,27.03458079
Lesotho,LSO,2015,27.08541739
Liberia,LBR,2000,23.20456234
Liberia,LBR,2001,23.31965225
Liberia,LBR,2002,23.44367385
Liberia,LBR,2003,23.57379505
Liberia,LBR,2004,23.70753445
Liberia,LBR,2005,23.841863
Liberia,LBR,2006,23.9756473
Liberia,LBR,2007,24.10852702
Liberia,LBR,2008,24.24022123
Liberia,LBR,2009,24.36935908
Liberia,LBR,2010,24.49533472
Liberia,LBR,2011,24.61821643
Liberia,LBR,2012,24.73724772
Liberia,LBR,2013,24.85411102
Liberia,LBR,2014,24.97003463
Liberia,LBR,2015,25.08513957
Libya,LBY,2000,28.40925999
Libya,LBY,2001,28.48592231
Libya,LBY,2002,28.56053025
Libya,LBY,2003,28.63230637
Libya,LBY,2004,28.70146709
Libya,LBY,2005,28.76779234
Libya,LBY,2006,28.83257325
Libya,LBY,2007,28.89817627
Libya,LBY,2008,28.96759512
Libya,LBY,2009,29.03904747
Libya,LBY,2010,29.11139692
Libya,LBY,2011,29.1846358
Libya,LBY,2012,29.25915438
Libya,LBY,2013,29.3349823
Libya,LBY,2014,29.41154032
Libya,LBY,2015,29.4889323
Lithuania,LTU,2000,26.16773997
Lithuania,LTU,2001,26.16554497
Lithuania,LTU,2002,26.16619972
Lithuania,LTU,2003,26.16840579
Lithuania,LTU,2004,26.17037486
Lithuania,LTU,2005,26.17082368
Lithuania,LTU,2006,26.16927978
Lithuania,LTU,2007,26.16582758
Lithuania,LTU,2008,26.16014758
Lithuania,LTU,2009,26.15163337
Lithuania,LTU,2010,26.1407434
Lithuania,LTU,2011,26.12850919
Lithuania,LTU,2012,26.1151855
Lithuania,LTU,2013,26.10167121
Lithuania,LTU,2014,26.08781163
Lithuania,LTU,2015,26.07351097
Luxembourg,LUX,2000,25.24519173
Luxembourg,LUX,2001,25.29336077
Luxembourg,LUX,2002,25.33950784
Luxembourg,LUX,2003,25.38349946
Luxembourg,LUX,2004,25.42540475
Luxembourg,LUX,2005,25.46530268
Luxembourg,LUX,2006,25.50287243
Luxembourg,LUX,2007,25.53801283
Luxembourg,LUX,2008,25.57050859
Luxembourg,LUX,2009,25.60053982
Luxembourg,LUX,2010,25.62736803
Luxembourg,LUX,2011,25.65154548
Luxembourg,LUX,2012,25.67373988
Luxembourg,LUX,2013,25.69526896
Luxembourg,LUX,2014,25.715996
Luxembourg,LUX,2015,25.73596913
Madagascar,MDG,2000,20.51078957
Madagascar,MDG,2001,20.55855857
Madagascar,MDG,2002,20.60378456
Madagascar,MDG,2003,20.64677013
Madagascar,MDG,2004,20.68701548
Madagascar,MDG,2005,20.72400673
Madagascar,MDG,2006,20.76097307
Madagascar,MDG,2007,20.79771797
Madagascar,MDG,2008,20.83470794
Madagascar,MDG,2009,20.87200408
Madagascar,MDG,2010,20.9103685
Madagascar,MDG,2011,20.94972463
Madagascar,MDG,2012,20.98954649
Madagascar,MDG,2013,21.02935667
Madagascar,MDG,2014,21.06913456
Madagascar,MDG,2015,21.10766375
Malawi,MWI,2000,21.988064
Malawi,MWI,2001,22.08264065
Malawi,MWI,2002,22.17406995
Malawi,MWI,2003,22.26259921
Malawi,MWI,2004,22.34791212
Malawi,MWI,2005,22.42998255
Malawi,MWI,2006,22.50958999
Malawi,MWI,2007,22.58727018
Malawi,MWI,2008,22.66364067
Malawi,MWI,2009,22.73887943
Malawi,MWI,2010,22.81325958
Malawi,MWI,2011,22.88810407
Malawi,MWI,2012,22.96320598
Malawi,MWI,2013,23.0389158
Malawi,MWI,2014,23.11493148
Malawi,MWI,2015,23.19040869
Malaysia,MYS,2000,24.28951206
Malaysia,MYS,2001,24.42472607
Malaysia,MYS,2002,24.55663888
Malaysia,MYS,2003,24.68533306
Malaysia,MYS,2004,24.81145656
Malaysia,MYS,2005,24.93602557
Malaysia,MYS,2006,25.05939445
Malaysia,MYS,2007,25.18250665
Malaysia,MYS,2008,25.30571411
Malaysia,MYS,2009,25.42984114
Malaysia,MYS,2010,25.55496098
Malaysia,MYS,2011,25.68074698
Malaysia,MYS,2012,25.80701703
Malaysia,MYS,2013,25.93292152
Malaysia,MYS,2014,26.05849952
Malaysia,MYS,2015,26.18244383
Maldives,MDV,2000,24.26374043
Maldives,MDV,2001,24.38794385
Maldives,MDV,2002,24.51721752
Maldives,MDV,2003,24.65002074
Maldives,MDV,2004,24.78645098
Maldives,MDV,2005,24.92621585
Maldives,MDV,2006,25.0694067
Maldives,MDV,2007,25.21543231
Maldives,MDV,2008,25.36412767
Maldives,MDV,2009,25.51468347
Maldives,MDV,2010,25.66646261
Maldives,MDV,2011,25.81824201
Maldives,MDV,2012,25.96945743
Maldives,MDV,2013,26.11903275
Maldives,MDV,2014,26.26737185
Maldives,MDV,2015,26.41361969
Mali,MLI,2000,21.5044058
Mali,MLI,2001,21.64710679
Mali,MLI,2002,21.7876761
Mali,MLI,2003,21.92466825
Mali,MLI,2004,22.05609773
Mali,MLI,2005,22.18063892
Mali,MLI,2006,22.29891611
Mali,MLI,2007,22.4106229
Mali,MLI,2008,22.51540854
Mali,MLI,2009,22.61361917
Mali,MLI,2010,22.70561165
Mali,MLI,2011,22.79269585
Mali,MLI,2012,22.87515798
Mali,MLI,2013,22.95449846
Mali,MLI,2014,23.03220624
Mali,MLI,2015,23.10811372
Malta,MLT,2000,26.92884591
Malta,MLT,2001,26.93880293
Malta,MLT,2002,26.94519229
Malta,MLT,2003,26.94757798
Malta,MLT,2004,26.94553204
Malta,MLT,2005,26.93911217
Malta,MLT,2006,26.92795201
Malta,MLT,2007,26.91297693
Malta,MLT,2008,26.89361331
Malta,MLT,2009,26.86949945
Malta,MLT,2010,26.83994005
Malta,MLT,2011,26.80567622
Malta,MLT,2012,26.76736749
Malta,MLT,2013,26.72691635
Malta,MLT,2014,26.68450832
Malta,MLT,2015,26.6409602
Marshall Islands,MHL,2000,30.0872937
Marshall Islands,MHL,2001,30.14096523
Marshall Islands,MHL,2002,30.19108029
Marshall Islands,MHL,2003,30.23796734
Marshall Islands,MHL,2004,30.28152048
Marshall Islands,MHL,2005,30.32118427
Marshall Islands,MHL,2006,30.3573397
Marshall Islands,MHL,2007,30.39151302
Marshall Islands,MHL,2008,30.42450344
Marshall Islands,MHL,2009,30.45656149
Marshall Islands,MHL,2010,30.48791087
Marshall Islands,MHL,2011,30.5186004
Marshall Islands,MHL,2012,30.5491031
Marshall Islands,MHL,2013,30.57914121
Marshall Islands,MHL,2014,30.60923354
Marshall Islands,MHL,2015,30.63869652
Mauritania,MRT,2000,25.2055842
Mauritania,MRT,2001,25.34113129
Mauritania,MRT,2002,25.47291283
Mauritania,MRT,2003,25.59997798
Mauritania,MRT,2004,25.72145181
Mauritania,MRT,2005,25.83637676
Mauritania,MRT,2006,25.94476994
Mauritania,MRT,2007,26.04685663
Mauritania,MRT,2008,26.14292469
Mauritania,MRT,2009,26.23299341
Mauritania,MRT,2010,26.31793268
Mauritania,MRT,2011,26.39805055
Mauritania,MRT,2012,26.4735787
Mauritania,MRT,2013,26.54626601
Mauritania,MRT,2014,26.61710972
Mauritania,MRT,2015,26.68662555
Mauritius,MUS,2000,25.17252743
Mauritius,MUS,2001,25.2366392
Mauritius,MUS,2002,25.29832237
Mauritius,MUS,2003,25.35791415
Mauritius,MUS,2004,25.41533303
Mauritius,MUS,2005,25.46970223
Mauritius,MUS,2006,25.52233917
Mauritius,MUS,2007,25.57413372
Mauritius,MUS,2008,25.62546075
Mauritius,MUS,2009,25.67673019
Mauritius,MUS,2010,25.72886793
Mauritius,MUS,2011,25.78264114
Mauritius,MUS,2012,25.8377302
Mauritius,MUS,2013,25.89396804
Mauritius,MUS,2014,25.95119396
Mauritius,MUS,2015,26.00909364
Mexico,MEX,2000,27.22701965
Mexico,MEX,2001,27.34319156
Mexico,MEX,2002,27.45050864
Mexico,MEX,2003,27.54923271
Mexico,MEX,2004,27.64102356
Mexico,MEX,2005,27.72717415
Mexico,MEX,2006,27.80893099
Mexico,MEX,2007,27.88722989
Mexico,MEX,2008,27.96417544
Mexico,MEX,2009,28.04051681
Mexico,MEX,2010,28.11767477
Mexico,MEX,2011,28.19633744
Mexico,MEX,2012,28.27583784
Mexico,MEX,2013,28.35585253
Mexico,MEX,2014,28.43557536
Mexico,MEX,2015,28.51446269
Micronesia (country),FSM,2000,30.28343726
Micronesia (country),FSM,2001,30.36381054
Micronesia (country),FSM,2002,30.44379583
Micronesia (country),FSM,2003,30.52328031
Micronesia (country),FSM,2004,30.60221104
Micronesia (country),FSM,2005,30.67971794
Micronesia (country),FSM,2006,30.75607301
Micronesia (country),FSM,2007,30.83243264
Micronesia (country),FSM,2008,30.90954019
Micronesia (country),FSM,2009,30.987108
Micronesia (country),FSM,2010,31.06477981
Micronesia (country),FSM,2011,31.14227404
Micronesia (country),FSM,2012,31.2202189
Micronesia (country),FSM,2013,31.29832332
Micronesia (country),FSM,2014,31.37650679
Micronesia (country),FSM,2015,31.4552167
Moldova,MDA,2000,26.70002729
Moldova,MDA,2001,26.76957429
Moldova,MDA,2002,26.83958595
Moldova,MDA,2003,26.9088055
Moldova,MDA,2004,26.97619093
Moldova,MDA,2005,27.04038223
Moldova,MDA,2006,27.10103346
Moldova,MDA,2007,27.15851669
Moldova,MDA,2008,27.21243091
Moldova,MDA,2009,27.26295321
Moldova,MDA,2010,27.31034042
Moldova,MDA,2011,27.35659577
Moldova,MDA,2012,27.40198534
Moldova,MDA,2013,27.44742511
Moldova,MDA,2014,27.49307143
Moldova,MDA,2015,27.53849435
Mongolia,MNG,2000,24.95073182
Mongolia,MNG,2001,25.04041133
Mongolia,MNG,2002,25.13673315
Mongolia,MNG,2003,25.2384837
Mongolia,MNG,2004,25.34562039
Mongolia,MNG,2005,25.456801
Mongolia,MNG,2006,25.5715595
Mongolia,MNG,2007,25.68921845
Mongolia,MNG,2008,25.80980846
Mongolia,MNG,2009,25.93207077
Mongolia,MNG,2010,26.05491006
Mongolia,MNG,2011,26.17727221
Mongolia,MNG,2012,26.29890466
Mongolia,MNG,2013,26.41935965
Mongolia,MNG,2014,26.53821185
Mongolia,MNG,2015,26.6551891
Montenegro,MNE,2000,25.2206969
Montenegro,MNE,2001,25.29890703
Montenegro,MNE,2002,25.3768903
Montenegro,MNE,2003,25.45419277
Montenegro,MNE,2004,25.53122434
Montenegro,MNE,2005,25.60766147
Montenegro,MNE,2006,25.68071461
Montenegro,MNE,2007,25.75073044
Montenegro,MNE,2008,25.81806466
Montenegro,MNE,2009,25.88237462
Montenegro,MNE,2010,25.94387963
Montenegro,MNE,2011,26.0040499
Montenegro,MNE,2012,26.06324845
Montenegro,MNE,2013,26.12194612
Montenegro,MNE,2014,26.18067933
Montenegro,MNE,2015,26.23939111
Morocco,MAR,2000,25.40673944
Morocco,MAR,2001,25.49502907
Morocco,MAR,2002,25.5791907
Morocco,MAR,2003,25.65934349
Morocco,MAR,2004,25.73626341
Morocco,MAR,2005,25.80980098
Morocco,MAR,2006,25.8826482
Morocco,MAR,2007,25.9571277
Morocco,MAR,2008,26.03536037
Morocco,MAR,2009,26.11583325
Morocco,MAR,2010,26.19708084
Morocco,MAR,2011,26.27860125
Morocco,MAR,2012,26.36120305
Morocco,MAR,2013,26.44442349
Morocco,MAR,2014,26.52787845
Morocco,MAR,2015,26.61139889
Mozambique,MOZ,2000,22.01983611
Mozambique,MOZ,2001,22.11962767
Mozambique,MOZ,2002,22.21715757
Mozambique,MOZ,2003,22.31252279
Mozambique,MOZ,2004,22.40512467
Mozambique,MOZ,2005,22.49514063
Mozambique,MOZ,2006,22.58405733
Mozambique,MOZ,2007,22.6725482
Mozambique,MOZ,2008,22.76064127
Mozambique,MOZ,2009,22.84904091
Mozambique,MOZ,2010,22.9383823
Mozambique,MOZ,2011,23.02952503
Mozambique,MOZ,2012,23.12232966
Mozambique,MOZ,2013,23.21628416
Mozambique,MOZ,2014,23.31098886
Mozambique,MOZ,2015,23.40543528
Myanmar,MMR,2000,21.81197489
Myanmar,MMR,2001,21.89107671
Myanmar,MMR,2002,21.97001683
Myanmar,MMR,2003,22.04803323
Myanmar,MMR,2004,22.12584618
Myanmar,MMR,2005,22.20380713
Myanmar,MMR,2006,22.28340314
Myanmar,MMR,2007,22.36481659
Myanmar,MMR,2008,22.44851011
Myanmar,MMR,2009,22.53453801
Myanmar,MMR,2010,22.62235672
Myanmar,MMR,2011,22.71229965
Myanmar,MMR,2012,22.80401834
Myanmar,MMR,2013,22.89610836
Myanmar,MMR,2014,22.98833232
Myanmar,MMR,2015,23.07931813
Namibia,NAM,2000,24.19360675
Namibia,NAM,2001,24.29442075
Namibia,NAM,2002,24.39531034
Namibia,NAM,2003,24.49545507
Namibia,NAM,2004,24.59388967
Namibia,NAM,2005,24.68919458
Namibia,NAM,2006,24.78129413
Namibia,NAM,2007,24.8706205
Namibia,NAM,2008,24.95693967
Namibia,NAM,2009,25.03943693
Namibia,NAM,2010,25.11830164
Namibia,NAM,2011,25.19432997
Namibia,NAM,2012,25.26778215
Namibia,NAM,2013,25.3391423
Namibia,NAM,2014,25.40921491
Namibia,NAM,2015,25.4775448
Nauru,NRU,2000,34.07069381
Nauru,NRU,2001,34.01411932
Nauru,NRU,2002,33.95336461
Nauru,NRU,2003,33.88928035
Nauru,NRU,2004,33.82181283
Nauru,NRU,2005,33.75083156
Nauru,NRU,2006,33.67752715
Nauru,NRU,2007,33.60361991
Nauru,NRU,2008,33.52947236
Nauru,NRU,2009,33.45550154
Nauru,NRU,2010,33.38176258
Nauru,NRU,2011,33.30838415
Nauru,NRU,2012,33.2353516
Nauru,NRU,2013,33.16286518
Nauru,NRU,2014,33.09031304
Nauru,NRU,2015,33.01809188
Nepal,NPL,2000,20.33778145
Nepal,NPL,2001,20.48303596
Nepal,NPL,2002,20.62699599
Nepal,NPL,2003,20.76874026
Nepal,NPL,2004,20.90779233
Nepal,NPL,2005,21.04472974
Nepal,NPL,2006,21.17992691
Nepal,NPL,2007,21.31511508
Nepal,NPL,2008,21.45050673
Nepal,NPL,2009,21.58694169
Nepal,NPL,2010,21.72352945
Nepal,NPL,2011,21.86070429
Nepal,NPL,2012,21.99841596
Nepal,NPL,2013,22.13684714
Nepal,NPL,2014,22.27472427
Nepal,NPL,2015,22.41241013
Netherlands,NLD,2000,24.92990521
Netherlands,NLD,2001,24.98316303
Netherlands,NLD,2002,25.0327553
Netherlands,NLD,2003,25.0780029
Netherlands,NLD,2004,25.11930686
Netherlands,NLD,2005,25.15612979
Netherlands,NLD,2006,25.18774202
Netherlands,NLD,2007,25.21439874
Netherlands,NLD,2008,25.23598362
Netherlands,NLD,2009,25.25299012
Netherlands,NLD,2010,25.2646191
Netherlands,NLD,2011,25.27050073
Netherlands,NLD,2012,25.2721486
Netherlands,NLD,2013,25.27131673
Netherlands,NLD,2014,25.26839345
Netherlands,NLD,2015,25.26339015
New Zealand,NZL,2000,26.61082717
New Zealand,NZL,2001,26.73288644
New Zealand,NZL,2002,26.84994097
New Zealand,NZL,2003,26.96199241
New Zealand,NZL,2004,27.06902441
New Zealand,NZL,2005,27.17174452
New Zealand,NZL,2006,27.26991313
New Zealand,NZL,2007,27.36468035
New Zealand,NZL,2008,27.45609645
New Zealand,NZL,2009,27.54486887
New Zealand,NZL,2010,27.63008743
New Zealand,NZL,2011,27.71215066
New Zealand,NZL,2012,27.79208961
New Zealand,NZL,2013,27.87129062
New Zealand,NZL,2014,27.95054848
New Zealand,NZL,2015,28.02995729
Nicaragua,NIC,2000,26.45276572
Nicaragua,NIC,2001,26.57633399
Nicaragua,NIC,2002,26.69411749
Nicaragua,NIC,2003,26.80671509
Nicaragua,NIC,2004,26.9152027
Nicaragua,NIC,2005,27.02028555
Nicaragua,NIC,2006,27.12328648
Nicaragua,NIC,2007,27.22421488
Nicaragua,NIC,2008,27.32445363
Nicaragua,NIC,2009,27.42515673
Nicaragua,NIC,2010,27.52608029
Nicaragua,NIC,2011,27.62786701
Nicaragua,NIC,2012,27.73040094
Nicaragua,NIC,2013,27.83325995
Nicaragua,NIC,2014,27.93589312
Nicaragua,NIC,2015,28.03797758
Niger,NER,2000,21.00440875
Niger,NER,2001,21.1108659
Niger,NER,2002,21.21639051
Niger,NER,2003,21.31984109
Niger,NER,2004,21.41995759
Niger,NER,2005,21.51564468
Niger,NER,2006,21.6082662
Niger,NER,2007,21.69767186
Niger,NER,2008,21.78346631
Niger,NER,2009,21.86544643
Niger,NER,2010,21.9440865
Niger,NER,2011,22.02029425
Niger,NER,2012,22.09415449
Niger,NER,2013,22.16677028
Niger,NER,2014,22.2390771
Niger,NER,2015,22.3111698
Nigeria,NGA,2000,22.91261574
Nigeria,NGA,2001,23.00516547
Nigeria,NGA,2002,23.09744677
Nigeria,NGA,2003,23.1879553
Nigeria,NGA,2004,23.27575228
Nigeria,NGA,2005,23.3594328
Nigeria,NGA,2006,23.43940366
Nigeria,NGA,2007,23.51580442
Nigeria,NGA,2008,23.58806847
Nigeria,NGA,2009,23.65571868
Nigeria,NGA,2010,23.71912244
Nigeria,NGA,2011,23.77834441
Nigeria,NGA,2012,23.8336311
Nigeria,NGA,2013,23.88632995
Nigeria,NGA,2014,23.93717239
Nigeria,NGA,2015,23.98606195
Niue,NIU,2000,32.04963062
Niue,NIU,2001,32.15473777
Niue,NIU,2002,32.25679855
Niue,NIU,2003,32.35632099
Niue,NIU,2004,32.45284506
Niue,NIU,2005,32.54563124
Niue,NIU,2006,32.63655035
Niue,NIU,2007,32.72679233
Niue,NIU,2008,32.81630648
Niue,NIU,2009,32.9054792
Niue,NIU,2010,32.99394753
Niue,NIU,2011,33.0818789
Niue,NIU,2012,33.16940003
Niue,NIU,2013,33.2562487
Niue,NIU,2014,33.34176302
Niue,NIU,2015,33.4262565
North Korea,PRK,2000,23.12640472
North Korea,PRK,2001,23.16803831
North Korea,PRK,2002,23.21189271
North Korea,PRK,2003,23.25830499
North Korea,PRK,2004,23.30763325
North Korea,PRK,2005,23.35968752
North Korea,PRK,2006,23.41544197
North Korea,PRK,2007,23.47477068
North Korea,PRK,2008,23.53660607
North Korea,PRK,2009,23.60098981
North Korea,PRK,2010,23.66683432
North Korea,PRK,2011,23.73410468
North Korea,PRK,2012,23.80280978
North Korea,PRK,2013,23.87269883
North Korea,PRK,2014,23.94310545
North Korea,PRK,2015,24.01383838
North Macedonia,MKD,2000,25.55207259
North Macedonia,MKD,2001,25.58906386
North Macedonia,MKD,2002,25.62885325
North Macedonia,MKD,2003,25.67148218
North Macedonia,MKD,2004,25.71652851
North Macedonia,MKD,2005,25.76414377
North Macedonia,MKD,2006,25.81499783
North Macedonia,MKD,2007,25.86795647
North Macedonia,MKD,2008,25.92281314
North Macedonia,MKD,2009,25.97877358
North Macedonia,MKD,2010,26.03534916
North Macedonia,MKD,2011,26.09336683
North Macedonia,MKD,2012,26.15291901
North Macedonia,MKD,2013,26.21397518
North Macedonia,MKD,2014,26.27608346
North Macedonia,MKD,2015,26.339085
Norway,NOR,2000,25.37271462
Norway,NOR,2001,25.44643476
Norway,NOR,2002,25.5171712
Norway,NOR,2003,25.58510611
Norway,NOR,2004,25.65039079
Norway,NOR,2005,25.71289538
Norway,NOR,2006,25.7731145
Norway,NOR,2007,25.83086891
Norway,NOR,2008,25.88611375
Norway,NOR,2009,25.93919823
Norway,NOR,2010,25.98955545
Norway,NOR,2011,26.03741628
Norway,NOR,2012,26.08376068
Norway,NOR,2013,26.1296668
Norway,NOR,2014,26.17502935
Norway,NOR,2015,26.22002205
Oceania,,2000,25.32404842
Oceania,,2001,25.43771859
Oceania,,2002,25.55094576
Oceania,,2003,25.66184165
Oceania,,2004,25.76896234
Oceania,,2005,25.87139449
Oceania,,2006,25.96872567
Oceania,,2007,26.06288909
Oceania,,2008,26.15537447
Oceania,,2009,26.24688701
Oceania,,2010,26.33881641
Oceania,,2011,26.43181944
Oceania,,2012,26.52617565
Oceania,,2013,26.6216322
Oceania,,2014,26.71774759
Oceania,,2015,26.81405066
Oman,OMN,2000,26.14325813
Oman,OMN,2001,26.15965111
Oman,OMN,2002,26.1724298
Oman,OMN,2003,26.18207198
Oman,OMN,2004,26.19001748
Oman,OMN,2005,26.19631537
Oman,OMN,2006,26.20538127
Oman,OMN,2007,26.21888082
Oman,OMN,2008,26.23838794
Oman,OMN,2009,26.26185458
Oman,OMN,2010,26.28744583
Oman,OMN,2011,26.31397207
Oman,OMN,2012,26.34193398
Oman,OMN,2013,26.37081629
Oman,OMN,2014,26.40007007
Oman,OMN,2015,26.42924442
Pakistan,PAK,2000,23.04238044
Pakistan,PAK,2001,23.16715355
Pakistan,PAK,2002,23.29030624
Pakistan,PAK,2003,23.41060796
Pakistan,PAK,2004,23.52764015
Pakistan,PAK,2005,23.64091571
Pakistan,PAK,2006,23.7511643
Pakistan,PAK,2007,23.85965449
Pakistan,PAK,2008,23.96650364
Pakistan,PAK,2009,24.07267984
Pakistan,PAK,2010,24.1780915
Pakistan,PAK,2011,24.28326382
Pakistan,PAK,2012,24.38860602
Pakistan,PAK,2013,24.49391535
Pakistan,PAK,2014,24.59853308
Pakistan,PAK,2015,24.70310544
Palau,PLW,2000,29.64367331
Palau,PLW,2001,29.65482992
Palau,PLW,2002,29.66982814
Palau,PLW,2003,29.68731241
Palau,PLW,2004,29.70630326
Palau,PLW,2005,29.72529096
Palau,PLW,2006,29.74115437
Palau,PLW,2007,29.75480392
Palau,PLW,2008,29.76592631
Palau,PLW,2009,29.77424831
Palau,PLW,2010,29.77917746
Palau,PLW,2011,29.7783903
Palau,PLW,2012,29.77309901
Palau,PLW,2013,29.76417552
Palau,PLW,2014,29.7521064
Palau,PLW,2015,29.7373193
Palestine,PSE,2000,28.55339131
Palestine,PSE,2001,28.65636195
Palestine,PSE,2002,28.75490065
Palestine,PSE,2003,28.84897828
Palestine,PSE,2004,28.93902857
Palestine,PSE,2005,29.0247872
Palestine,PSE,2006,29.1080469
Palestine,PSE,2007,29.19124048
Palestine,PSE,2008,29.27732158
Palestine,PSE,2009,29.36506703
Palestine,PSE,2010,29.45337655
Palestine,PSE,2011,29.54219945
Palestine,PSE,2012,29.63265059
Palestine,PSE,2013,29.72392416
Palestine,PSE,2014,29.81577401
Palestine,PSE,2015,29.90842521
Panama,PAN,2000,26.29233461
Panama,PAN,2001,26.42015531
Panama,PAN,2002,26.53883433
Panama,PAN,2003,26.64932867
Panama,PAN,2004,26.7533419
Panama,PAN,2005,26.85197002
Panama,PAN,2006,26.94636399
Panama,PAN,2007,27.03757523
Panama,PAN,2008,27.12697562
Panama,PAN,2009,27.21591601
Panama,PAN,2010,27.30496052
Panama,PAN,2011,27.39444155
Panama,PAN,2012,27.48479124
Panama,PAN,2013,27.57535261
Panama,PAN,2014,27.66578477
Panama,PAN,2015,27.75588148
Papua New Guinea,PNG,2000,24.13680838
Papua New Guinea,PNG,2001,24.26450545
Papua New Guinea,PNG,2002,24.39075576
Papua New Guinea,PNG,2003,24.51465195
Papua New Guinea,PNG,2004,24.6362099
Papua New Guinea,PNG,2005,24.75550843
Papua New Guinea,PNG,2006,24.87201383
Papua New Guinea,PNG,2007,24.98716902
Papua New Guinea,PNG,2008,25.1014157
Papua New Guinea,PNG,2009,25.21433078
Papua New Guinea,PNG,2010,25.32671445
Papua New Guinea,PNG,2011,25.43919632
Papua New Guinea,PNG,2012,25.55225892
Papua New Guinea,PNG,2013,25.66587332
Papua New Guinea,PNG,2014,25.77997191
Papua New Guinea,PNG,2015,25.89417974
Paraguay,PRY,2000,25.17672586
Paraguay,PRY,2001,25.29847167
Paraguay,PRY,2002,25.41781545
Paraguay,PRY,2003,25.53575099
Paraguay,PRY,2004,25.65319438
Paraguay,PRY,2005,25.77126478
Paraguay,PRY,2006,25.88922301
Paraguay,PRY,2007,26.00761814
Paraguay,PRY,2008,26.12695279
Paraguay,PRY,2009,26.24771351
Paraguay,PRY,2010,26.37050727
Paraguay,PRY,2011,26.49542503
Paraguay,PRY,2012,26.62123136
Paraguay,PRY,2013,26.74822201
Paraguay,PRY,2014,26.87563708
Paraguay,PRY,2015,27.00295734
Peru,PER,2000,25.82678592
Peru,PER,2001,25.90474381
Peru,PER,2002,25.98111766
Peru,PER,2003,26.05706609
Peru,PER,2004,26.13376571
Peru,PER,2005,26.21239999
Peru,PER,2006,26.2946513
Peru,PER,2007,26.38073917
Peru,PER,2008,26.47107043
Peru,PER,2009,26.56559206
Peru,PER,2010,26.66333468
Peru,PER,2011,26.76410593
Peru,PER,2012,26.86646763
Peru,PER,2013,26.97006347
Peru,PER,2014,27.07372558
Peru,PER,2015,27.17670818
Philippines,PHL,2000,22.49240924
Philippines,PHL,2001,22.55757823
Philippines,PHL,2002,22.62012087
Philippines,PHL,2003,22.67979773
Philippines,PHL,2004,22.73819205
Philippines,PHL,2005,22.7962196
Philippines,PHL,2006,22.85550467
Philippines,PHL,2007,22.91692959
Philippines,PHL,2008,22.98100488
Philippines,PHL,2009,23.04840597
Philippines,PHL,2010,23.1190758
Philippines,PHL,2011,23.19382727
Philippines,PHL,2012,23.27194883
Philippines,PHL,2013,23.35231626
Philippines,PHL,2014,23.43492605
Philippines,PHL,2015,23.51832443
Poland,POL,2000,25.36050697
Poland,POL,2001,25.38905673
Poland,POL,2002,25.42332822
Poland,POL,2003,25.46286292
Poland,POL,2004,25.5070518
Poland,POL,2005,25.55482958
Poland,POL,2006,25.60537102
Poland,POL,2007,25.65773905
Poland,POL,2008,25.7109493
Poland,POL,2009,25.76402479
Poland,POL,2010,25.81641855
Poland,POL,2011,25.86939749
Poland,POL,2012,25.92334579
Poland,POL,2013,25.97844855
Poland,POL,2014,26.03467116
Poland,POL,2015,26.091764
Portugal,PRT,2000,25.49985441
Portugal,PRT,2001,25.52922579
Portugal,PRT,2002,25.55314558
Portugal,PRT,2003,25.57121445
Portugal,PRT,2004,25.58315723
Portugal,PRT,2005,25.58923529
Portugal,PRT,2006,25.58905128
Portugal,PRT,2007,25.58333727
Portugal,PRT,2008,25.57182641
Portugal,PRT,2009,25.55399766
Portugal,PRT,2010,25.52945239
Portugal,PRT,2011,25.49918938
Portugal,PRT,2012,25.46452228
Portugal,PRT,2013,25.42670157
Portugal,PRT,2014,25.38638038
Portugal,PRT,2015,25.3448261
Puerto Rico,PRI,2000,27.6137867
Puerto Rico,PRI,2001,27.6845899
Puerto Rico,PRI,2002,27.7527098
Puerto Rico,PRI,2003,27.81863917
Puerto Rico,PRI,2004,27.88293207
Puerto Rico,PRI,2005,27.94587588
Puerto Rico,PRI,2006,28.00813223
Puerto Rico,PRI,2007,28.07029513
Puerto Rico,PRI,2008,28.132973
Puerto Rico,PRI,2009,28.19627643
Puerto Rico,PRI,2010,28.26086077
Puerto Rico,PRI,2011,28.32711706
Puerto Rico,PRI,2012,28.39454218
Puerto Rico,PRI,2013,28.46315473
Puerto Rico,PRI,2014,28.53244061
Puerto Rico,PRI,2015,28.60202137
Qatar,QAT,2000,28.88017251
Qatar,QAT,2001,28.97052859
Qatar,QAT,2002,29.05937794
Qatar,QAT,2003,29.14628157
Qatar,QAT,2004,29.23177657
Qatar,QAT,2005,29.31609064
Qatar,QAT,2006,29.40088495
Qatar,QAT,2007,29.48867276
Qatar,QAT,2008,29.58159001
Qatar,QAT,2009,29.67819718
Qatar,QAT,2010,29.7767767
Qatar,QAT,2011,29.87593824
Qatar,QAT,2012,29.97572177
Qatar,QAT,2013,30.07582422
Qatar,QAT,2014,30.17636702
Qatar,QAT,2015,30.2769079
Romania,ROU,2000,25.28467736
Romania,ROU,2001,25.36565532
Romania,ROU,2002,25.45241308
Romania,ROU,2003,25.54466836
Romania,ROU,2004,25.64176479
Romania,ROU,2005,25.74321653
Romania,ROU,2006,25.84914275
Romania,ROU,2007,25.95877503
Romania,ROU,2008,26.07105061
Romania,ROU,2009,26.18534793
Romania,ROU,2010,26.30076876
Romania,ROU,2011,26.41809925
Romania,ROU,2012,26.53754335
Romania,ROU,2013,26.65835547
Romania,ROU,2014,26.78060188
Romania,ROU,2015,26.90366715
Russia,RUS,2000,26.62120228
Russia,RUS,2001,26.65276398
Russia,RUS,2002,26.68361126
Russia,RUS,2003,26.71225699
Russia,RUS,2004,26.73741329
Russia,RUS,2005,26.75748204
Russia,RUS,2006,26.77188929
Russia,RUS,2007,26.78107079
Russia,RUS,2008,26.78460338
Russia,RUS,2009,26.78255277
Russia,RUS,2010,26.77565978
Russia,RUS,2011,26.76564659
Russia,RUS,2012,26.75325466
Russia,RUS,2013,26.739582
Russia,RUS,2014,26.72461377
Russia,RUS,2015,26.70846311
Rwanda,RWA,2000,21.29539066
Rwanda,RWA,2001,21.40692246
Rwanda,RWA,2002,21.51455682
Rwanda,RWA,2003,21.61849511
Rwanda,RWA,2004,21.71851091
Rwanda,RWA,2005,21.81415345
Rwanda,RWA,2006,21.90748185
Rwanda,RWA,2007,21.99816556
Rwanda,RWA,2008,22.08716317
Rwanda,RWA,2009,22.1746817
Rwanda,RWA,2010,22.26129667
Rwanda,RWA,2011,22.34775263
Rwanda,RWA,2012,22.43325591
Rwanda,RWA,2013,22.51712506
Rwanda,RWA,2014,22.59940669
Rwanda,RWA,2015,22.67962362
Saint Kitts and Nevis,KNA,2000,28.57868325
Saint Kitts and Nevis,KNA,2001,28.72392023
Saint Kitts and Nevis,KNA,2002,28.86796761
Saint Kitts and Nevis,KNA,2003,29.01087109
Saint Kitts and Nevis,KNA,2004,29.15279138
Saint Kitts and Nevis,KNA,2005,29.29397435
Saint Kitts and Nevis,KNA,2006,29.43538173
Saint Kitts and Nevis,KNA,2007,29.57722816
Saint Kitts and Nevis,KNA,2008,29.71949814
Saint Kitts and Nevis,KNA,2009,29.86199617
Saint Kitts and Nevis,KNA,2010,30.00558667
Saint Kitts and Nevis,KNA,2011,30.15092891
Saint Kitts and Nevis,KNA,2012,30.29737963
Saint Kitts and Nevis,KNA,2013,30.44519708
Saint Kitts and Nevis,KNA,2014,30.59345308
Saint Kitts and Nevis,KNA,2015,30.74227026
Saint Lucia,LCA,2000,27.7160818
Saint Lucia,LCA,2001,27.89545284
Saint Lucia,LCA,2002,28.07058587
Saint Lucia,LCA,2003,28.24219483
Saint Lucia,LCA,2004,28.4116022
Saint Lucia,LCA,2005,28.57997733
Saint Lucia,LCA,2006,28.74830144
Saint Lucia,LCA,2007,28.91733647
Saint Lucia,LCA,2008,29.08799896
Saint Lucia,LCA,2009,29.26055712
Saint Lucia,LCA,2010,29.43579967
Saint Lucia,LCA,2011,29.61855597
Saint Lucia,LCA,2012,29.80665726
Saint Lucia,LCA,2013,30.00010139
Saint Lucia,LCA,2014,30.197147
Saint Lucia,LCA,2015,30.39718804
Saint Vincent and the Grenadines,VCT,2000,26.47058124
Saint Vincent and the Grenadines,VCT,2001,26.60162527
Saint Vincent and the Grenadines,VCT,2002,26.73016911
Saint Vincent and the Grenadines,VCT,2003,26.85650694
Saint Vincent and the Grenadines,VCT,2004,26.98086896
Saint Vincent and the Grenadines,VCT,2005,27.10378262
Saint Vincent and the Grenadines,VCT,2006,27.22551521
Saint Vincent and the Grenadines,VCT,2007,27.34594112
Saint Vincent and the Grenadines,VCT,2008,27.46574089
Saint Vincent and the Grenadines,VCT,2009,27.5852845
Saint Vincent and the Grenadines,VCT,2010,27.70483674
Saint Vincent and the Grenadines,VCT,2011,27.82493724
Saint Vincent and the Grenadines,VCT,2012,27.94505154
Saint Vincent and the Grenadines,VCT,2013,28.06546478
Saint Vincent and the Grenadines,VCT,2014,28.18514552
Saint Vincent and the Grenadines,VCT,2015,28.30419131
Samoa,WSM,2000,32.17143485
Samoa,WSM,2001,32.32212562
Samoa,WSM,2002,32.46887633
Samoa,WSM,2003,32.61195577
Samoa,WSM,2004,32.75154458
Samoa,WSM,2005,32.88755114
Samoa,WSM,2006,33.02060428
Samoa,WSM,2007,33.15197686
Samoa,WSM,2008,33.28249356
Samoa,WSM,2009,33.41314005
Samoa,WSM,2010,33.54390796
Samoa,WSM,2011,33.67510585
Samoa,WSM,2012,33.80677644
Samoa,WSM,2013,33.93900197
Samoa,WSM,2014,34.07160416
Samoa,WSM,2015,34.20507181
Sao Tome and Principe,STP,2000,24.16853134
Sao Tome and Principe,STP,2001,24.30744874
Sao Tome and Principe,STP,2002,24.44269288
Sao Tome and Principe,STP,2003,24.57365274
Sao Tome and Principe,STP,2004,24.69886442
Sao Tome and Principe,STP,2005,24.81759235
Sao Tome and Principe,STP,2006,24.92977783
Sao Tome and Principe,STP,2007,25.03582556
Sao Tome and Principe,STP,2008,25.13521602
Sao Tome and Principe,STP,2009,25.22838014
Sao Tome and Principe,STP,2010,25.31593702
Sao Tome and Principe,STP,2011,25.39846167
Sao Tome and Principe,STP,2012,25.47619847
Sao Tome and Principe,STP,2013,25.55060926
Sao Tome and Principe,STP,2014,25.62299345
Sao Tome and Principe,STP,2015,25.69329216
Saudi Arabia,SAU,2000,28.73479662
Saudi Arabia,SAU,2001,28.79685051
Saudi Arabia,SAU,2002,28.854627
Saudi Arabia,SAU,2003,28.90777836
Saudi Arabia,SAU,2004,28.95703221
Saudi Arabia,SAU,2005,29.00192081
Saudi Arabia,SAU,2006,29.04354629
Saudi Arabia,SAU,2007,29.08501397
Saudi Arabia,SAU,2008,29.12914581
Saudi Arabia,SAU,2009,29.17450291
Saudi Arabia,SAU,2010,29.22029403
Saudi Arabia,SAU,2011,29.26619499
Saudi Arabia,SAU,2012,29.31288607
Saudi Arabia,SAU,2013,29.36055584
Saudi Arabia,SAU,2014,29.40859023
Saudi Arabia,SAU,2015,29.45741901
Senegal,SEN,2000,23.07777973
Senegal,SEN,2001,23.17524732
Senegal,SEN,2002,23.26996154
Senegal,SEN,2003,23.36050987
Senegal,SEN,2004,23.44567772
Senegal,SEN,2005,23.52449946
Senegal,SEN,2006,23.59793183
Senegal,SEN,2007,23.66634783
Senegal,SEN,2008,23.72947172
Senegal,SEN,2009,23.78797337
Senegal,SEN,2010,23.84239695
Senegal,SEN,2011,23.89433686
Senegal,SEN,2012,23.94345279
Senegal,SEN,2013,23.99146131
Senegal,SEN,2014,24.03920904
Senegal,SEN,2015,24.08631639
Serbia,SRB,2000,25.09724359
Serbia,SRB,2001,25.13033701
Serbia,SRB,2002,25.16575552
Serbia,SRB,2003,25.20320971
Serbia,SRB,2004,25.24250553
Serbia,SRB,2005,25.28335735
Serbia,SRB,2006,25.32525688
Serbia,SRB,2007,25.36750249
Serbia,SRB,2008,25.40989504
Serbia,SRB,2009,25.45197208
Serbia,SRB,2010,25.49302948
Serbia,SRB,2011,25.53396959
Serbia,SRB,2012,25.57495929
Serbia,SRB,2013,25.61557744
Serbia,SRB,2014,25.65644044
Serbia,SRB,2015,25.69741733
Seychelles,SYC,2000,26.82959215
Seychelles,SYC,2001,26.92726608
Seychelles,SYC,2002,27.02367498
Seychelles,SYC,2003,27.11861964
Seychelles,SYC,2004,27.21088949
Seychelles,SYC,2005,27.29993218
Seychelles,SYC,2006,27.38700925
Seychelles,SYC,2007,27.4722771
Seychelles,SYC,2008,27.5564576
Seychelles,SYC,2009,27.63994968
Seychelles,SYC,2010,27.72372655
Seychelles,SYC,2011,27.80855097
Seychelles,SYC,2012,27.8941573
Seychelles,SYC,2013,27.98033832
Seychelles,SYC,2014,28.06677419
Seychelles,SYC,2015,28.15282939
Sierra Leone,SLE,2000,22.66824574
Sierra Leone,SLE,2001,22.76027649
Sierra Leone,SLE,2002,22.84956329
Sierra Leone,SLE,2003,22.93429527
Sierra Leone,SLE,2004,23.01362178
Sierra Leone,SLE,2005,23.08681021
Sierra Leone,SLE,2006,23.15433104
Sierra Leone,SLE,2007,23.21644424
Sierra Leone,SLE,2008,23.2724654
Sierra Leone,SLE,2009,23.32250766
Sierra Leone,SLE,2010,23.36691551
Sierra Leone,SLE,2011,23.40762249
Sierra Leone,SLE,2012,23.44453937
Sierra Leone,SLE,2013,23.47978915
Sierra Leone,SLE,2014,23.5147628
Sierra Leone,SLE,2015,23.54931547
Singapore,SGP,2000,23.43513921
Singapore,SGP,2001,23.41364358
Singapore,SGP,2002,23.39197907
Singapore,SGP,2003,23.36976625
Singapore,SGP,2004,23.34770339
Singapore,SGP,2005,23.32574328
Singapore,SGP,2006,23.30424806
Singapore,SGP,2007,23.28372953
Singapore,SGP,2008,23.26463639
Singapore,SGP,2009,23.24700518
Singapore,SGP,2010,23.22985639
Singapore,SGP,2011,23.21363709
Singapore,SGP,2012,23.19846219
Singapore,SGP,2013,23.18388652
Singapore,SGP,2014,23.16981116
Singapore,SGP,2015,23.15619575
Slovakia,SVK,2000,25.068934
Slovakia,SVK,2001,25.09027295
Slovakia,SVK,2002,25.11539262
Slovakia,SVK,2003,25.1444331
Slovakia,SVK,2004,25.1774244
Slovakia,SVK,2005,25.21365111
Slovakia,SVK,2006,25.25269862
Slovakia,SVK,2007,25.29425466
Slovakia,SVK,2008,25.33784244
Slovakia,SVK,2009,25.38279112
Slovakia,SVK,2010,25.42834912
Slovakia,SVK,2011,25.47540925
Slovakia,SVK,2012,25.52347192
Slovakia,SVK,2013,25.57254928
Slovakia,SVK,2014,25.62267267
Slovakia,SVK,2015,25.67360232
Slovenia,SVN,2000,25.62846959
Slovenia,SVN,2001,25.68529267
Slovenia,SVN,2002,25.74509944
Slovenia,SVN,2003,25.80770908
Slovenia,SVN,2004,25.87292752
Slovenia,SVN,2005,25.94007932
Slovenia,SVN,2006,26.00874108
Slovenia,SVN,2007,26.07868746
Slovenia,SVN,2008,26.14941668
Slovenia,SVN,2009,26.22020441
Slovenia,SVN,2010,26.29097914
Slovenia,SVN,2011,26.36287011
Slovenia,SVN,2012,26.43606642
Slovenia,SVN,2013,26.51047493
Slovenia,SVN,2014,26.58580426
Slovenia,SVN,2015,26.66169011
Solomon Islands,SLB,2000,25.61452961
Solomon Islands,SLB,2001,25.72359537
Solomon Islands,SLB,2002,25.83010568
Solomon Islands,SLB,2003,25.93327643
Solomon Islands,SLB,2004,26.03329348
Solomon Islands,SLB,2005,26.12964112
Solomon Islands,SLB,2006,26.22241819
Solomon Islands,SLB,2007,26.31245383
Solomon Islands,SLB,2008,26.40061694
Solomon Islands,SLB,2009,26.48675507
Solomon Islands,SLB,2010,26.57192487
Solomon Islands,SLB,2011,26.65685456
Solomon Islands,SLB,2012,26.74183361
Solomon Islands,SLB,2013,26.82674017
Solomon Islands,SLB,2014,26.91075115
Solomon Islands,SLB,2015,26.99404976
Somalia,SOM,2000,22.63227468
Somalia,SOM,2001,22.72553876
Somalia,SOM,2002,22.81701773
Somalia,SOM,2003,22.90716415
Somalia,SOM,2004,22.99515455
Somalia,SOM,2005,23.08045267
Somalia,SOM,2006,23.16385544
Somalia,SOM,2007,23.24553861
Somalia,SOM,2008,23.32632984
Somalia,SOM,2009,23.40634877
Somalia,SOM,2010,23.48624251
Somalia,SOM,2011,23.56701504
Somalia,SOM,2012,23.64809457
Somalia,SOM,2013,23.72906467
Somalia,SOM,2014,23.81007083
Somalia,SOM,2015,23.8901343
South Africa,ZAF,2000,28.15172881
South Africa,ZAF,2001,28.24449033
South Africa,ZAF,2002,28.3393456
South Africa,ZAF,2003,28.43608232
South Africa,ZAF,2004,28.53408528
South Africa,ZAF,2005,28.63203847
South Africa,ZAF,2006,28.72915588
South Africa,ZAF,2007,28.82522926
South Africa,ZAF,2008,28.91927012
South Africa,ZAF,2009,29.01025081
South Africa,ZAF,2010,29.09861955
South Africa,ZAF,2011,29.18449999
South Africa,ZAF,2012,29.26831291
South Africa,ZAF,2013,29.35058229
South Africa,ZAF,2014,29.43208803
South Africa,ZAF,2015,29.51261355
South Asia,,2000,20.91669591
South Asia,,2001,21.01135179
South Asia,,2002,21.10564293
South Asia,,2003,21.1983837
South Asia,,2004,21.28925405
South Asia,,2005,21.37823749
South Asia,,2006,21.4655566
South Asia,,2007,21.55282318
South Asia,,2008,21.63994814
South Asia,,2009,21.72711529
South Asia,,2010,21.81381867
South Asia,,2011,21.90028558
South Asia,,2012,21.98700893
South Asia,,2013,22.0743792
South Asia,,2014,22.16120303
South Asia,,2015,22.24803187
South Korea,KOR,2000,22.92489286
South Korea,KOR,2001,22.9486236
South Korea,KOR,2002,22.96963004
South Korea,KOR,2003,22.98810184
South Korea,KOR,2004,23.00497285
South Korea,KOR,2005,23.02023285
South Korea,KOR,2006,23.03388418
South Korea,KOR,2007,23.0465898
South Korea,KOR,2008,23.05890616
South Korea,KOR,2009,23.07096697
South Korea,KOR,2010,23.08289476
South Korea,KOR,2011,23.09515176
South Korea,KOR,2012,23.10805812
South Korea,KOR,2013,23.12160031
South Korea,KOR,2014,23.13559537
South Korea,KOR,2015,23.14950586
Spain,ESP,2000,25.81388359
Spain,ESP,2001,25.8037309
Spain,ESP,2002,25.78764041
Spain,ESP,2003,25.76546728
Spain,ESP,2004,25.73678634
Spain,ESP,2005,25.70198813
Spain,ESP,2006,25.66045399
Spain,ESP,2007,25.61303301
Spain,ESP,2008,25.55938652
Spain,ESP,2009,25.49852533
Spain,ESP,2010,25.43002664
Spain,ESP,2011,25.35483495
Spain,ESP,2012,25.27423164
Spain,ESP,2013,25.1904191
Spain,ESP,2014,25.10461149
Spain,ESP,2015,25.0175129
Sri Lanka,LKA,2000,22.0924775
Sri Lanka,LKA,2001,22.18827123
Sri Lanka,LKA,2002,22.2845314
Sri Lanka,LKA,2003,22.38094601
Sri Lanka,LKA,2004,22.47853039
Sri Lanka,LKA,2005,22.57783432
Sri Lanka,LKA,2006,22.6794322
Sri Lanka,LKA,2007,22.78338305
Sri Lanka,LKA,2008,22.89025922
Sri Lanka,LKA,2009,23.00037236
Sri Lanka,LKA,2010,23.11350297
Sri Lanka,LKA,2011,23.2298016
Sri Lanka,LKA,2012,23.34892328
Sri Lanka,LKA,2013,23.46970301
Sri Lanka,LKA,2014,23.59159878
Sri Lanka,LKA,2015,23.71384823
Sub-Saharan Africa,,2000,22.83142325
Sub-Saharan Africa,,2001,22.93412657
Sub-Saharan Africa,,2002,23.03417749
Sub-Saharan Africa,,2003,23.1314891
Sub-Saharan Africa,,2004,23.22581223
Sub-Saharan Africa,,2005,23.31676965
Sub-Saharan Africa,,2006,23.40521007
Sub-Saharan Africa,,2007,23.49107634
Sub-Saharan Africa,,2008,23.57399995
Sub-Saharan Africa,,2009,23.65355492
Sub-Saharan Africa,,2010,23.73005929
Sub-Saharan Africa,,2011,23.80406632
Sub-Saharan Africa,,2012,23.87560997
Sub-Saharan Africa,,2013,23.94532626
Sub-Saharan Africa,,2014,24.01367724
Sub-Saharan Africa,,2015,24.08057855
Sudan,SDN,2000,24.66261582
Sudan,SDN,2001,24.76618693
Sudan,SDN,2002,24.86637336
Sudan,SDN,2003,24.96362862
Sudan,SDN,2004,25.05784413
Sudan,SDN,2005,25.14876468
Sudan,SDN,2006,25.23796849
Sudan,SDN,2007,25.3256765
Sudan,SDN,2008,25.41272706
Sudan,SDN,2009,25.49918441
Sudan,SDN,2010,25.58595193
Sudan,SDN,2011,25.67390742
Sudan,SDN,2012,25.76271226
Sudan,SDN,2013,25.85232956
Sudan,SDN,2014,25.94270251
Sudan,SDN,2015,26.03298075
Suriname,SUR,2000,26.63918886
Suriname,SUR,2001,26.72599866
Suriname,SUR,2002,26.81098912
Suriname,SUR,2003,26.89385648
Suriname,SUR,2004,26.97502344
Suriname,SUR,2005,27.05522042
Suriname,SUR,2006,27.13385517
Suriname,SUR,2007,27.2112525
Suriname,SUR,2008,27.2880272
Suriname,SUR,2009,27.36458121
Suriname,SUR,2010,27.44154626
Suriname,SUR,2011,27.51970407
Suriname,SUR,2012,27.59852557
Suriname,SUR,2013,27.67791919
Suriname,SUR,2014,27.75755187
Suriname,SUR,2015,27.83736595
Sweden,SWE,2000,24.71290913
Sweden,SWE,2001,24.77211082
Sweden,SWE,2002,24.82848204
Sweden,SWE,2003,24.88220481
Sweden,SWE,2004,24.93365099
Sweden,SWE,2005,24.98344058
Sweden,SWE,2006,25.03216077
Sweden,SWE,2007,25.08019184
Sweden,SWE,2008,25.12712035
Sweden,SWE,2009,25.17269164
Sweden,SWE,2010,25.21631913
Sweden,SWE,2011,25.25824231
Sweden,SWE,2012,25.29899876
Sweden,SWE,2013,25.3395469
Sweden,SWE,2014,25.37967944
Sweden,SWE,2015,25.4199498
Switzerland,CHE,2000,24.03394139
Switzerland,CHE,2001,24.03189218
Switzerland,CHE,2002,24.02767868
Switzerland,CHE,2003,24.02116947
Switzerland,CHE,2004,24.01297217
Switzerland,CHE,2005,24.00302941
Switzerland,CHE,2006,23.99176764
Switzerland,CHE,2007,23.97951698
Switzerland,CHE,2008,23.96600302
Switzerland,CHE,2009,23.95105436
Switzerland,CHE,2010,23.93389089
Switzerland,CHE,2011,23.91510068
Switzerland,CHE,2012,23.89565166
Switzerland,CHE,2013,23.87618586
Switzerland,CHE,2014,23.85698491
Switzerland,CHE,2015,23.83783671
Syria,SYR,2000,28.02500023
Syria,SYR,2001,28.1270796
Syria,SYR,2002,28.22611713
Syria,SYR,2003,28.32125801
Syria,SYR,2004,28.41278594
Syria,SYR,2005,28.50019744
Syria,SYR,2006,28.58508287
Syria,SYR,2007,28.67013354
Syria,SYR,2008,28.7581805
Syria,SYR,2009,28.84756493
Syria,SYR,2010,28.9372798
Syria,SYR,2011,29.02678657
Syria,SYR,2012,29.11713662
Syria,SYR,2013,29.20795894
Syria,SYR,2014,29.29897274
Syria,SYR,2015,29.39012411
Taiwan,TWN,2000,22.89498398
Taiwan,TWN,2001,22.92275765
Taiwan,TWN,2002,22.95519254
Taiwan,TWN,2003,22.99250553
Taiwan,TWN,2004,23.0347939
Taiwan,TWN,2005,23.08127547
Taiwan,TWN,2006,23.13249767
Taiwan,TWN,2007,23.18818541
Taiwan,TWN,2008,23.24666441
Taiwan,TWN,2009,23.30785127
Taiwan,TWN,2010,23.37024065
Taiwan,TWN,2011,23.43359692
Taiwan,TWN,2012,23.49734988
Taiwan,TWN,2013,23.56128818
Taiwan,TWN,2014,23.62489417
Taiwan,TWN,2015,23.68825366
Tajikistan,TJK,2000,24.11490721
Tajikistan,TJK,2001,24.23251706
Tajikistan,TJK,2002,24.35545355
Tajikistan,TJK,2003,24.4831121
Tajikistan,TJK,2004,24.61547294
Tajikistan,TJK,2005,24.75173107
Tajikistan,TJK,2006,24.89245807
Tajikistan,TJK,2007,25.03768864
Tajikistan,TJK,2008,25.1876814
Tajikistan,TJK,2009,25.34194287
Tajikistan,TJK,2010,25.49904
Tajikistan,TJK,2011,25.65918576
Tajikistan,TJK,2012,25.82256194
Tajikistan,TJK,2013,25.98897934
Tajikistan,TJK,2014,26.15721414
Tajikistan,TJK,2015,26.32647878
Tanzania,TZA,2000,22.48048972
Tanzania,TZA,2001,22.58728877
Tanzania,TZA,2002,22.69331289
Tanzania,TZA,2003,22.79850189
Tanzania,TZA,2004,22.9020387
Tanzania,TZA,2005,23.00405386
Tanzania,TZA,2006,23.10680098
Tanzania,TZA,2007,23.20983441
Tanzania,TZA,2008,23.31368052
Tanzania,TZA,2009,23.41794207
Tanzania,TZA,2010,23.52293314
Tanzania,TZA,2011,23.62938575
Tanzania,TZA,2012,23.73635668
Tanzania,TZA,2013,23.84342007
Tanzania,TZA,2014,23.94989079
Tanzania,TZA,2015,24.0549663
Thailand,THA,2000,23.57493254
Thailand,THA,2001,23.65241648
Thailand,THA,2002,23.73384513
Thailand,THA,2003,23.81867038
Thailand,THA,2004,23.9067428
Thailand,THA,2005,23.99765606
Thailand,THA,2006,24.09239741
Thailand,THA,2007,24.19005978
Thailand,THA,2008,24.29053675
Thailand,THA,2009,24.39336338
Thailand,THA,2010,24.49732801
Thailand,THA,2011,24.60202273
Thailand,THA,2012,24.70696712
Thailand,THA,2013,24.81089639
Thailand,THA,2014,24.91351526
Thailand,THA,2015,25.01374045
Togo,TGO,2000,22.42070161
Togo,TGO,2001,22.58207266
Togo,TGO,2002,22.74244352
Togo,TGO,2003,22.90079354
Togo,TGO,2004,23.05584354
Togo,TGO,2005,23.20664188
Togo,TGO,2006,23.35332888
Togo,TGO,2007,23.49619556
Togo,TGO,2008,23.63490855
Togo,TGO,2009,23.7696875
Togo,TGO,2010,23.90059001
Togo,TGO,2011,24.02814229
Togo,TGO,2012,24.1529611
Togo,TGO,2013,24.27642293
Togo,TGO,2014,24.39914825
Togo,TGO,2015,24.52094971
Tokelau,TKL,2000,32.09318611
Tokelau,TKL,2001,32.22208488
Tokelau,TKL,2002,32.34701523
Tokelau,TKL,2003,32.46783563
Tokelau,TKL,2004,32.58448005
Tokelau,TKL,2005,32.69644311
Tokelau,TKL,2006,32.80418724
Tokelau,TKL,2007,32.90910361
Tokelau,TKL,2008,33.01232043
Tokelau,TKL,2009,33.11439359
Tokelau,TKL,2010,33.21578797
Tokelau,TKL,2011,33.3166195
Tokelau,TKL,2012,33.41751772
Tokelau,TKL,2013,33.51830206
Tokelau,TKL,2014,33.61902106
Tokelau,TKL,2015,33.71979741
Tonga,TON,2000,32.70430872
Tonga,TON,2001,32.80563651
Tonga,TON,2002,32.90246991
Tonga,TON,2003,32.99519998
Tonga,TON,2004,33.08369933
Tonga,TON,2005,33.16728563
Tonga,TON,2006,33.24711258
Tonga,TON,2007,33.32472401
Tonga,TON,2008,33.40112094
Tonga,TON,2009,33.477252
Tonga,TON,2010,33.55297577
Tonga,TON,2011,33.62845765
Tonga,TON,2012,33.70423315
Tonga,TON,2013,33.78030105
Tonga,TON,2014,33.85631037
Tonga,TON,2015,33.93245732
Trinidad and Tobago,TTO,2000,26.84136155
Trinidad and Tobago,TTO,2001,26.97924198
Trinidad and Tobago,TTO,2002,27.11298757
Trinidad and Tobago,TTO,2003,27.24287877
Trinidad and Tobago,TTO,2004,27.36994178
Trinidad and Tobago,TTO,2005,27.49450197
Trinidad and Tobago,TTO,2006,27.61773311
Trinidad and Tobago,TTO,2007,27.74035437
Trinidad and Tobago,TTO,2008,27.86314538
Trinidad and Tobago,TTO,2009,27.98633852
Trinidad and Tobago,TTO,2010,28.11078852
Trinidad and Tobago,TTO,2011,28.23703753
Trinidad and Tobago,TTO,2012,28.36448983
Trinidad and Tobago,TTO,2013,28.49297357
Trinidad and Tobago,TTO,2014,28.62203083
Trinidad and Tobago,TTO,2015,28.75147012
Tunisia,TUN,2000,26.40772402
Tunisia,TUN,2001,26.4793309
Tunisia,TUN,2002,26.54629985
Tunisia,TUN,2003,26.60845496
Tunisia,TUN,2004,26.66631791
Tunisia,TUN,2005,26.71993525
Tunisia,TUN,2006,26.76986485
Tunisia,TUN,2007,26.81907785
Tunisia,TUN,2008,26.87023989
Tunisia,TUN,2009,26.92246296
Tunisia,TUN,2010,26.97516727
Tunisia,TUN,2011,27.02840997
Tunisia,TUN,2012,27.08273091
Tunisia,TUN,2013,27.13807863
Tunisia,TUN,2014,27.19408847
Tunisia,TUN,2015,27.25051704
Turkey,TUR,2000,27.82093649
Turkey,TUR,2001,27.90510293
Turkey,TUR,2002,27.98696569
Turkey,TUR,2003,28.06505321
Turkey,TUR,2004,28.13919271
Turkey,TUR,2005,28.20813648
Turkey,TUR,2006,28.27369284
Turkey,TUR,2007,28.33867066
Turkey,TUR,2008,28.40690037
Turkey,TUR,2009,28.47624171
Turkey,TUR,2010,28.54509247
Turkey,TUR,2011,28.61226418
Turkey,TUR,2012,28.67939375
Turkey,TUR,2013,28.74596291
Turkey,TUR,2014,28.81208331
Turkey,TUR,2015,28.87773829
Turkmenistan,TKM,2000,24.77077011
Turkmenistan,TKM,2001,24.88679082
Turkmenistan,TKM,2002,25.00432119
Turkmenistan,TKM,2003,25.1229634
Turkmenistan,TKM,2004,25.24279803
Turkmenistan,TKM,2005,25.36375019
Turkmenistan,TKM,2006,25.48641495
Turkmenistan,TKM,2007,25.61118623
Turkmenistan,TKM,2008,25.73856458
Turkmenistan,TKM,2009,25.86811946
Turkmenistan,TKM,2010,25.99873712
Turkmenistan,TKM,2011,26.13104713
Turkmenistan,TKM,2012,26.26452242
Turkmenistan,TKM,2013,26.39929876
Turkmenistan,TKM,2014,26.53409925
Turkmenistan,TKM,2015,26.66865309
Tuvalu,TUV,2000,30.74123666
Tuvalu,TUV,2001,30.82812521
Tuvalu,TUV,2002,30.91183169
Tuvalu,TUV,2003,30.99254472
Tuvalu,TUV,2004,31.0698979
Tuvalu,TUV,2005,31.14342461
Tuvalu,TUV,2006,31.21549306
Tuvalu,TUV,2007,31.28646841
Tuvalu,TUV,2008,31.35675467
Tuvalu,TUV,2009,31.42615468
Tuvalu,TUV,2010,31.49445512
Tuvalu,TUV,2011,31.56125048
Tuvalu,TUV,2012,31.62659764
Tuvalu,TUV,2013,31.69056357
Tuvalu,TUV,2014,31.75274272
Tuvalu,TUV,2015,31.81326607
Uganda,UGA,2000,21.80451123
Uganda,UGA,2001,21.90269565
Uganda,UGA,2002,21.9999108
Uganda,UGA,2003,22.09627896
Uganda,UGA,2004,22.19121218
Uganda,UGA,2005,22.28431236
Uganda,UGA,2006,22.37718885
Uganda,UGA,2007,22.47047477
Uganda,UGA,2008,22.56423991
Uganda,UGA,2009,22.65846402
Uganda,UGA,2010,22.75379746
Uganda,UGA,2011,22.85089592
Uganda,UGA,2012,22.94933251
Uganda,UGA,2013,23.04845721
Uganda,UGA,2014,23.14806897
Uganda,UGA,2015,23.24687818
Ukraine,UKR,2000,25.87481539
Ukraine,UKR,2001,25.91971408
Ukraine,UKR,2002,25.96586512
Ukraine,UKR,2003,26.01226393
Ukraine,UKR,2004,26.05763211
Ukraine,UKR,2005,26.10035007
Ukraine,UKR,2006,26.13989179
Ukraine,UKR,2007,26.17645637
Ukraine,UKR,2008,26.21011147
Ukraine,UKR,2009,26.240415
Ukraine,UKR,2010,26.26785191
Ukraine,UKR,2011,26.29306695
Ukraine,UKR,2012,26.31681726
Ukraine,UKR,2013,26.34017659
Ukraine,UKR,2014,26.36282629
Ukraine,UKR,2015,26.38485599
United Arab Emirates,ARE,2000,28.62277485
United Arab Emirates,ARE,2001,28.69499008
United Arab Emirates,ARE,2002,28.76541364
United Arab Emirates,ARE,2003,28.83307977
United Arab Emirates,ARE,2004,28.89789679
United Arab Emirates,ARE,2005,28.95943556
United Arab Emirates,ARE,2006,29.01824007
United Arab Emirates,ARE,2007,29.07672327
United Arab Emirates,ARE,2008,29.13752412
United Arab Emirates,ARE,2009,29.19962069
United Arab Emirates,ARE,2010,29.26222557
United Arab Emirates,ARE,2011,29.32428508
United Arab Emirates,ARE,2012,29.38665574
United Arab Emirates,ARE,2013,29.44934274
United Arab Emirates,ARE,2014,29.51218699
United Arab Emirates,ARE,2015,29.57537805
United Kingdom,GBR,2000,26.25058188
United Kingdom,GBR,2001,26.34985319
United Kingdom,GBR,2002,26.44251274
United Kingdom,GBR,2003,26.52770238
United Kingdom,GBR,2004,26.60579829
United Kingdom,GBR,2005,26.67691931
United Kingdom,GBR,2006,26.74182948
United Kingdom,GBR,2007,26.80137111
United Kingdom,GBR,2008,26.85566551
United Kingdom,GBR,2009,26.9055463
United Kingdom,GBR,2010,26.94987311
United Kingdom,GBR,2011,26.98844321
United Kingdom,GBR,2012,27.02335792
United Kingdom,GBR,2013,27.05638944
United Kingdom,GBR,2014,27.08871367
United Kingdom,GBR,2015,27.12053088
United States,USA,2000,27.58170466
United States,USA,2001,27.71194812
United States,USA,2002,27.83557814
United States,USA,2003,27.95167015
United States,USA,2004,28.06104725
United States,USA,2005,28.16483363
United States,USA,2006,28.26364178
United States,USA,2007,28.35860352
United States,USA,2008,28.44960829
United States,USA,2009,28.5371162
United States,USA,2010,28.62012062
United States,USA,2011,28.69826191
United States,USA,2012,28.77371996
United States,USA,2013,28.84840157
United States,USA,2014,28.92275041
United States,USA,2015,28.99665654
Uruguay,URY,2000,26.28262286
Uruguay,URY,2001,26.35086268
Uruguay,URY,2002,26.41838992
Uruguay,URY,2003,26.48662827
Uruguay,URY,2004,26.55597731
Uruguay,URY,2005,26.62751088
Uruguay,URY,2006,26.70116487
Uruguay,URY,2007,26.77736179
Uruguay,URY,2008,26.85596617
Uruguay,URY,2009,26.93780383
Uruguay,URY,2010,27.02252434
Uruguay,URY,2011,27.10949944
Uruguay,URY,2012,27.19777424
Uruguay,URY,2013,27.287232
Uruguay,URY,2014,27.37758739
Uruguay,URY,2015,27.46816369
Uzbekistan,UZB,2000,25.15975938
Uzbekistan,UZB,2001,25.29482204
Uzbekistan,UZB,2002,25.43272233
Uzbekistan,UZB,2003,25.57313564
Uzbekistan,UZB,2004,25.7165073
Uzbekistan,UZB,2005,25.86250225
Uzbekistan,UZB,2006,26.01173277
Uzbekistan,UZB,2007,26.16406828
Uzbekistan,UZB,2008,26.32010792
Uzbekistan,UZB,2009,26.47956507
Uzbekistan,UZB,2010,26.6413468
Uzbekistan,UZB,2011,26.80624054
Uzbekistan,UZB,2012,26.97349828
Uzbekistan,UZB,2013,27.14334633
Uzbekistan,UZB,2014,27.3143648
Uzbekistan,UZB,2015,27.48593148
Vanuatu,VUT,2000,25.9239831
Vanuatu,VUT,2001,26.0144968
Vanuatu,VUT,2002,26.10039222
Vanuatu,VUT,2003,26.18141713
Vanuatu,VUT,2004,26.25768485
Vanuatu,VUT,2005,26.32844642
Vanuatu,VUT,2006,26.39459192
Vanuatu,VUT,2007,26.45736705
Vanuatu,VUT,2008,26.5175565
Vanuatu,VUT,2009,26.57530929
Vanuatu,VUT,2010,26.63160794
Vanuatu,VUT,2011,26.68770514
Vanuatu,VUT,2012,26.74378169
Vanuatu,VUT,2013,26.79962166
Vanuatu,VUT,2014,26.85506582
Vanuatu,VUT,2015,26.9101991
Venezuela,VEN,2000,26.46999311
Venezuela,VEN,2001,26.52652563
Venezuela,VEN,2002,26.57515552
Venezuela,VEN,2003,26.61653081
Venezuela,VEN,2004,26.65222432
Venezuela,VEN,2005,26.68279729
Venezuela,VEN,2006,26.70943612
Venezuela,VEN,2007,26.73278737
Venezuela,VEN,2008,26.75435771
Venezuela,VEN,2009,26.77573467
Venezuela,VEN,2010,26.79746501
Venezuela,VEN,2011,26.82019088
Venezuela,VEN,2012,26.84357579
Venezuela,VEN,2013,26.86756332
Venezuela,VEN,2014,26.8917576
Venezuela,VEN,2015,26.91600841
Vietnam,VNM,2000,20.02330698
Vietnam,VNM,2001,20.11958812
Vietnam,VNM,2002,20.21826679
Vietnam,VNM,2003,20.31891869
Vietnam,VNM,2004,20.42257361
Vietnam,VNM,2005,20.52968486
Vietnam,VNM,2006,20.6411135
Vietnam,VNM,2007,20.75706103
Vietnam,VNM,2008,20.87765713
Vietnam,VNM,2009,21.00251547
Vietnam,VNM,2010,21.13099782
Vietnam,VNM,2011,21.26324877
Vietnam,VNM,2012,21.39818554
Vietnam,VNM,2013,21.53400493
Vietnam,VNM,2014,21.67052511
Vietnam,VNM,2015,21.80618924
World,OWID_WRL,2000,23.68738105
World,OWID_WRL,2001,23.75378979
World,OWID_WRL,2002,23.82050755
World,OWID_WRL,2003,23.88693711
World,OWID_WRL,2004,23.95331362
World,OWID_WRL,2005,24.01964219
World,OWID_WRL,2006,24.08635587
World,OWID_WRL,2007,24.1539215
World,OWID_WRL,2008,24.22188058
World,OWID_WRL,2009,24.28976462
World,OWID_WRL,2010,24.35685524
World,OWID_WRL,2011,24.42313581
World,OWID_WRL,2012,24.48901588
World,OWID_WRL,2013,24.55495319
World,OWID_WRL,2014,24.62073632
World,OWID_WRL,2015,24.68639585
Yemen,YEM,2000,22.43059599
Yemen,YEM,2001,22.55721547
Yemen,YEM,2002,22.68027751
Yemen,YEM,2003,22.79887958
Yemen,YEM,2004,22.91346517
Yemen,YEM,2005,23.02338707
Yemen,YEM,2006,23.1300453
Yemen,YEM,2007,23.23571711
Yemen,YEM,2008,23.3431351
Yemen,YEM,2009,23.45104953
Yemen,YEM,2010,23.55850084
Yemen,YEM,2011,23.66525107
Yemen,YEM,2012,23.77193287
Yemen,YEM,2013,23.87841435
Yemen,YEM,2014,23.98507063
Yemen,YEM,2015,24.09178764
Zambia,ZMB,2000,22.59283296
Zambia,ZMB,2001,22.65630654
Zambia,ZMB,2002,22.72477518
Zambia,ZMB,2003,22.79780742
Zambia,ZMB,2004,22.87340631
Zambia,ZMB,2005,22.95039381
Zambia,ZMB,2006,23.02914449
Zambia,ZMB,2007,23.10884747
Zambia,ZMB,2008,23.18916909
Zambia,ZMB,2009,23.26962262
Zambia,ZMB,2010,23.35030494
Zambia,ZMB,2011,23.43169313
Zambia,ZMB,2012,23.51303645
Zambia,ZMB,2013,23.5943335
Zambia,ZMB,2014,23.67527402
Zambia,ZMB,2015,23.75530099
Zimbabwe,ZWE,2000,24.859916
Zimbabwe,ZWE,2001,24.89739965
Zimbabwe,ZWE,2002,24.93435675
Zimbabwe,ZWE,2003,24.97106489
Zimbabwe,ZWE,2004,25.00762997
Zimbabwe,ZWE,2005,25.04416187
Zimbabwe,ZWE,2006,25.07940925
Zimbabwe,ZWE,2007,25.11425438
Zimbabwe,ZWE,2008,25.148895
Zimbabwe,ZWE,2009,25.18266355
Zimbabwe,ZWE,2010,25.21625778
Zimbabwe,ZWE,2011,25.25040894
Zimbabwe,ZWE,2012,25.28484034
Zimbabwe,ZWE,2013,25.31994849
Zimbabwe,ZWE,2014,25.35622211
Zimbabwe,ZWE,2015,25.39340921