"Data Source","World Development Indicators",

"Last Updated Date","2024-11-13",

"Country Name","Country Code","Indicator Name","Indicator Code","1960","1961","1962","1963","1964","1965","1966","1967","1968","1969","1970","1971","1972","1973","1974","1975","1976","1977","1978","1979","1980","1981","1982","1983","1984","1985","1986","1987","1988","1989","1990","1991","1992","1993","1994","1995","1996","1997","1998","1999","2000","2001","2002","2003","2004","2005","2006","2007","2008","2009","2010","2011","2012","2013","2014","2015","2016","2017","2018","2019","2020","2021","2022","2023",
"Aruba","ABW","Domestic general government health expenditure (% of general government expenditure)","SH.XPD.GHED.GE.ZS","","","","","","","","","","","","","","","","","","","","","","","","","","","","","","","","","","","","","","","","","","","","","","","","","","","","","","","","","","","","","","","","",
"Africa Eastern and Southern","AFE","Domestic general government health expenditure (% of general government expenditure)","SH.XPD.GHED.GE.ZS","","","","","","","","","","","","","","","","","","","","","","","","","","","","","","","","","","","","","","","","","","","","","","","","","","11.3639400947479","11.7247648433246","","11.4851834088419","11.06698310685","10.9527038381608","11.5739897195524","11.9260067738431","11.9937238780213","11.9454107685607","12.2578471128508","12.4158747470583","12.6337165225024","","",
"Afghanistan","AFG","Domestic general government health expenditure (% of general government expenditure)","SH.XPD.GHED.GE.ZS","","","","","","","","","","","","","","","","","","","","","","","","","","","","","","","","","","","","","","","","","","","1.21245599","5.45767879","3.60296822","3.37097836","2.72002935","2.60708547","3.00128436","2.51257253","2.25547075","2.18811917","1.37000275","1.77506959","1.86067402","2.01440597","2.14110541","2.31911564","1.90904689","1.77526009","4.24602795","4.05148983","","",
"Africa Western and Central","AFW","Domestic general government health expenditure (% of general government expenditure)","SH.XPD.GHED.GE.ZS","","","","","","","","","","","","","","","","","","","","","","","","","","","","","","","","","","","","","","","","","","","","","","","","","","","","","","","","","","","","","","","","",
"Angola","AGO","Domestic general government health expenditure (% of general government expenditure)","SH.XPD.GHED.GE.ZS","","","","","","","","","","","","","","","","","","","","","","","","","","","","","","","","","","","","","","","","","2.73858261","5.96825457","4.19123077","4.26046801","5.65923882","4.8206377","4.7187376","4.51627111","4.0603714","5.77788925","4.24956799","4.58056879","4.20151329","4.57540083","3.61568022","4.56262541","5.43269682","5.36431932","5.36431932","5.5068841","7.30502176","8.77736568","","",
"Albania","ALB","Domestic general government health expenditure (% of general government expenditure)","SH.XPD.GHED.GE.ZS","","","","","","","","","","","","","","","","","","","","","","","","","","","","","","","","","","","","","","","","","8.17372704","8.42368317","8.20897484","8.99717617","9.35447502","9.30094719","9.0339222","9.37710953","7.25106478","7.21709204","8.09451294","8.29091167","8.69734573","8.83006287","8.17427826","8.80356598","9.88866711","9.51418209","9.88601398","10.07303905","9.18517017","9.14114666","","",
"Andorra","AND","Domestic general government health expenditure (% of general government expenditure)","SH.XPD.GHED.GE.ZS","","","","","","","","","","","","","","","","","","","","","","","","","","","","","","","","","","","","","","","","","30.57007408","18.39809036","30.31304932","30.2558136","27.77786064","18.84075546","23.40241241","21.76662064","24.75173569","16.81899452","24.47286415","23.7666111","15.34170341","11.19491005","21.6660099","15.76174259","11.50931263","14.12062359","14.53987694","14.58870125","14.68181801","15.73322201","","",
"Arab World","ARB","Domestic general government health expenditure (% of general government expenditure)","SH.XPD.GHED.GE.ZS","","","","","","","","","","","","","","","","","","","","","","","","","","","","","","","","","","","","","","","","","","","","","","","","","","","","","","","","","","","","","","","","",
"United Arab Emirates","ARE","Domestic general government health expenditure (% of general government expenditure)","SH.XPD.GHED.GE.ZS","","","","","","","","","","","","","","","","","","","","","","","","","","","","","","","","","","","","","","","","","7.56610489","7.58357716","7.80031395","8.08750439","7.94020653","8.37682343","8.52716255","8.52688599","8.52666855","8.52688885","8.52679062","8.52676678","8.52671432","8.52679825","7.77782202","9.06668758","9.06668758","7.80896568","7.91993999","7.91993999","11.41091824","12.8867445","","",
"Argentina","ARG","Domestic general government health expenditure (% of general government expenditure)","SH.XPD.GHED.GE.ZS","","","","","","","","","","","","","","","","","","","","","","","","","","","","","","","","","","","","","","","","","17.81966209","17.37289238","18.4574852","17.12602234","16.25901031","16.02175713","15.09950352","14.39874649","14.65606022","16.42263222","16.69264221","16.27754211","16.66110992","16.54238701","16.28527832","16.49740791","15.52159119","16.03947067","15.48355103","16.13215828","15.74081135","16.22084427","","",
"Armenia","ARM","Domestic general government health expenditure (% of general government expenditure)","SH.XPD.GHED.GE.ZS","","","","","","","","","","","","","","","","","","","","","","","","","","","","","","","","","","","","","","","","","3.87","5.66","5.33","5.38","6.28","7.44","7.93","7.2","6.69","6.34","6.44","6.7","7.04","5.78","6.28","6.12","6.05","5.27","5.13","5.67","7.69","7.63","","",
"American Samoa","ASM","Domestic general government health expenditure (% of general government expenditure)","SH.XPD.GHED.GE.ZS","","","","","","","","","","","","","","","","","","","","","","","","","","","","","","","","","","","","","","","","","","","","","","","","","","","","","","","","","","","","","","","","",
"Antigua and Barbuda","ATG","Domestic general government health expenditure (% of general government expenditure)","SH.XPD.GHED.GE.ZS","","","","","","","","","","","","","","","","","","","","","","","","","","","","","","","","","","","","","","","","","11.86253166","12.11715889","10.65088367","12.44891071","12.12656689","11.53017235","8.368083","8.45184612","8.08106136","6.33139181","13.89639091","12.98978615","14.63236332","13.30073166","15.10593987","11.81753826","11.60688305","11.6073885","13.07453442","11.29999447","13.78379345","15.53669071","","",
"Australia","AUS","Domestic general government health expenditure (% of general government expenditure)","SH.XPD.GHED.GE.ZS","","","","","","","","","","","","","","","","","","","","","","","","","","","","","","","","","","","","","","","","","14.60132885","14.70855331","15.51416302","15.48101234","15.94705105","15.90276814","15.93996811","16.49022293","15.61295509","15.88237","16.11460304","16.32258987","16.18693733","15.40296459","17.63870811","18.30729294","18.483284","18.54355621","18.49000168","17.10577965","17.05628586","19.3241291","","",
"Austria","AUT","Domestic general government health expenditure (% of general government expenditure)","SH.XPD.GHED.GE.ZS","","","","","","","","","","","","","","","","","","","","","","","","","","","","","","","","","","","","","","","","","13.38","13.29","13.51","13.62","13.03","13.67","13.78","14.09","14.39","13.76","14","14.32","14.51","14.37","14.34","14.69","14.96","15.55","15.81","16.13","15.39","16.89","","",
"Azerbaijan","AZE","Domestic general government health expenditure (% of general government expenditure)","SH.XPD.GHED.GE.ZS","","","","","","","","","","","","","","","","","","","","","","","","","","","","","","","","","","","","","","","","","4.75","4.8","3.19","3.57","3.56","3.96","3.43","3.49","2.75","3.28","3.17","2.82","3.05","2.82","3.11","3.37","3.29","2.82","2.68","3.29","5.77","4.59","","",
"Burundi","BDI","Domestic general government health expenditure (% of general government expenditure)","SH.XPD.GHED.GE.ZS","","","","","","","","","","","","","","","","","","","","","","","","","","","","","","","","","","","","","","","","","5.94454002","6.66263866","6.37957811","3.71581554","5.80384254","6.22310448","6.48141956","6.3231554","3.78774762","5.4775238","4.86066389","8.22791386","7.11028194","4.43170166","9.79248333","10.44351768","9.90449238","8.35758591","7.90786219","7.90786219","7.33283997","7.33283997","","",
"Belgium","BEL","Domestic general government health expenditure (% of general government expenditure)","SH.XPD.GHED.GE.ZS","","","","","","","","","","","","","","","","","","","","","","","","","","","","","","","","","","","","","","","","","12.06895447","12.43329906","12.28861809","13.30607033","14.18479538","13.30355549","13.95677853","13.95637608","14.31451035","14.40197372","14.43804264","14.275527","14.21773148","14.3216114","14.52489758","15.35273266","15.60059643","15.92467117","15.91871738","15.64666748","14.80582428","15.46376991","","",
"Benin","BEN","Domestic general government health expenditure (% of general government expenditure)","SH.XPD.GHED.GE.ZS","","","","","","","","","","","","","","","","","","","","","","","","","","","","","","","","","","","","","","","","","7.29948664","7.99414682","6.34654379","7.73368263","8.69476223","7.55740261","8.31231785","6.1193018","5.10336447","5.1059413","5.34460402","4.4236145","5.24633551","5.1338048","4.04459238","3.25478005","3.05096745","2.56150651","2.71143031","2.13318133","1.44714797","1.60077083","","",
"Burkina Faso","BFA","Domestic general government health expenditure (% of general government expenditure)","SH.XPD.GHED.GE.ZS","","","","","","","","","","","","","","","","","","","","","","","","","","","","","","","","","","","","","","","","","4.84836864","4.94217682","5.43493128","5.56972933","8.39099884","6.04864025","6.54068851","6.27068281","7.32152605","7.62939405","6.03235245","6.58739376","4.69605875","6.38293219","7.77367115","7.15264177","11.03399467","9.99147034","8.78477097","9.57691097","11.64695168","9.83841515","","",
"Bangladesh","BGD","Domestic general government health expenditure (% of general government expenditure)","SH.XPD.GHED.GE.ZS","","","","","","","","","","","","","","","","","","","","","","","","","","","","","","","","","","","","","","","","","5.21146441","3.57855344","4.5399313","4.7553134","4.86526632","4.38883734","4.7282033","5.07518816","3.84091425","4.11533833","4.43941641","4.18159103","4.01620436","3.61745524","3.59245324","3.37688875","4.09935808","4.10705233","3.75035429","3.29686975","3.07911539","3.07911539","","",
"Bulgaria","BGR","Domestic general government health expenditure (% of general government expenditure)","SH.XPD.GHED.GE.ZS","","","","","","","","","","","","","","","","","","","","","","","","","","","","","","","","","","","","","","","","","8.08","9.47","10.74","11.33","10.83","11.17","10.79","9.11","9.39","9.04","10.85","11.41","11.18","10.7","10.36","10.23","11.83","11.84","11.43","11.55","12.23","12.92","","",
"Bahrain","BHR","Domestic general government health expenditure (% of general government expenditure)","SH.XPD.GHED.GE.ZS","","","","","","","","","","","","","","","","","","","","","","","","","","","","","","","","","","","","","","","","","10.26810646","9.03064537","8.22115707","8.75817966","9.0417614","9.13842487","8.94466305","9.06652737","8.83426571","11.16572762","8.23034191","8.0526104","8.29804993","8.45688343","10.09125328","8.8659935","8.52599049","7.97665834","7.23445129","7.06051159","8.67407703","8.68510151","","",
"Bahamas, The","BHS","Domestic general government health expenditure (% of general government expenditure)","SH.XPD.GHED.GE.ZS","","","","","","","","","","","","","","","","","","","","","","","","","","","","","","","","","","","","","","","","","12.65533829","13.23932552","12.95195484","13.15527344","13.04177284","12.86341","12.72621727","13.49935532","14.47344971","15.00968552","15.44239426","13.89659977","14.0604248","14.02134514","14.2129097","12.83696079","14.18977833","15.97595882","15.40592098","15.03167439","15.39760971","13.75468254","","",
"Bosnia and Herzegovina","BIH","Domestic general government health expenditure (% of general government expenditure)","SH.XPD.GHED.GE.ZS","","","","","","","","","","","","","","","","","","","","","","","","","","","","","","","","","","","","","","","","","7.25","8.6","9.32","11.59","11.32","10.81","10.96","11.33","10.92","12.52","12.6","13.38","13.88","14.79","14.43","14.98","15.63","15.47","15.14","15.37","14.88","16.42","","",
"Belarus","BLR","Domestic general government health expenditure (% of general government expenditure)","SH.XPD.GHED.GE.ZS","","","","","","","","","","","","","","","","","","","","","","","","","","","","","","","","","","","","","","","","","12.13","10.04","9.32","10.07","10","10.05","8.44","8.12","5.8","6.73","8.69","7.66","8.85","8.74","8.68","8.83","10.31","10.2","10.31","11.04","11.94","13.15","","",
"Belize","BLZ","Domestic general government health expenditure (% of general government expenditure)","SH.XPD.GHED.GE.ZS","","","","","","","","","","","","","","","","","","","","","","","","","","","","","","","","","","","","","","","","","5.84757805","6.8270483","7.51454115","7.13568306","7.88192844","8.33217239","9.33244514","10.76810741","13.38402843","12.48273087","12.76388073","12.69621658","12.93638515","12.2732029","12.23422432","11.34556484","12.11457348","11.6249609","12.2098484","12.13228703","11.48874474","13.66147041","","",
"Bermuda","BMU","Domestic general government health expenditure (% of general government expenditure)","SH.XPD.GHED.GE.ZS","","","","","","","","","","","","","","","","","","","","","","","","","","","","","","","","","","","","","","","","","","","","","","","","","","","","","","","","","","","","","","","","",
"Bolivia","BOL","Domestic general government health expenditure (% of general government expenditure)","SH.XPD.GHED.GE.ZS","","","","","","","","","","","","","","","","","","","","","","","","","","","","","","","","","","","","","","","","","8.29598331","8.18012047","7.8159523","8.61168194","7.83916283","8.29879856","8.75200176","8.50024891","7.64689112","8.81728458","9.7059021","8.54341412","8.31437492","8.48908997","8.53603649","9.65779591","11.0932703","11.5229702","12.9346056","13.57693577","15.2790575","17.10036659","","",
"Brazil","BRA","Domestic general government health expenditure (% of general government expenditure)","SH.XPD.GHED.GE.ZS","","","","","","","","","","","","","","","","","","","","","","","","","","","","","","","","","","","","","","","","","9.67673969","9.78993702","9.53710842","8.61266232","9.15159702","8.44161892","9.06236839","9.2810812","9.26833534","10.01319695","9.0462265","8.97184467","8.69835663","9.20397091","9.32368946","8.93705845","8.90739632","9.25983047","9.185112","9.23523808","9.63601589","10.94026566","","",
"Barbados","BRB","Domestic general government health expenditure (% of general government expenditure)","SH.XPD.GHED.GE.ZS","","","","","","","","","","","","","","","","","","","","","","","","","","","","","","","","","","","","","","","","","12.27690411","12.37926769","9.33345699","11.64061165","13.969944","12.25700188","12.22062492","10.52801514","11.27821255","11.655159","10.72880936","10.61124134","12.40838051","10.8070507","9.90992641","9.07039738","9.28489876","9.06172657","9.87558651","10.63657379","10.96432972","12.41933441","","",
"Brunei Darussalam","BRN","Domestic general government health expenditure (% of general government expenditure)","SH.XPD.GHED.GE.ZS","","","","","","","","","","","","","","","","","","","","","","","","","","","","","","","","","","","","","","","","","5.72010231","5.97160959","5.1140027","6.98940802","6.39551544","6.43293381","5.81376076","5.77389574","6.20709467","6.21688652","5.77683496","5.74302435","5.44353485","5.12074184","5.20392704","5.86489248","6.15329981","5.87075901","7.14021063","6.38624144","6.77688932","7.05689287","","",
"Bhutan","BTN","Domestic general government health expenditure (% of general government expenditure)","SH.XPD.GHED.GE.ZS","","","","","","","","","","","","","","","","","","","","","","","","","","","","","","","","","","","","","","","","","7.66199493","6.54652882","7.87970304","7.6382122","9.08555698","6.72386217","6.82967377","7.46379232","6.02861881","6.19368172","5.64934969","6.14636755","6.45828485","7.09804106","7.77876854","9.3686533","8.10247707","7.58420563","7.70324659","10.23985958","10.29558849","5.61295128","","",
"Botswana","BWA","Domestic general government health expenditure (% of general government expenditure)","SH.XPD.GHED.GE.ZS","","","","","","","","","","","","","","","","","","","","","","","","","","","","","","","","","","","","","","","","","8.17829704","8.17829704","8.17829704","8.17829704","8.17829704","8.17829704","8.17829704","8.17829704","7.64480686","6.25206232","8.06093502","9.63225174","10.68447876","11.93448162","10.95858192","10.41588783","11.21129513","14.31547451","11.54210281","12.00606537","11.66365051","14.61503124","","",
"Central African Republic","CAF","Domestic general government health expenditure (% of general government expenditure)","SH.XPD.GHED.GE.ZS","","","","","","","","","","","","","","","","","","","","","","","","","","","","","","","","","","","","","","","","","10.02161694","10.72219276","8.62198067","12.56472301","11.29223537","6.40798759","9.17757416","9.87465954","5.28350496","4.57551003","3.3422184","2.93374562","4.29467249","7.33578825","3.94678593","3.26452565","4.94713306","5.25997734","3.91087461","4.84231758","4.86442041","6.42328548","","",
"Canada","CAN","Domestic general government health expenditure (% of general government expenditure)","SH.XPD.GHED.GE.ZS","","","","","","","","","","","","","","","","","","","","","","","","","","","","","","","","","","","","","","","","","14.8156271","15.27647972","15.88256645","16.36354446","16.9260788","17.13103867","16.77815819","17.06455421","17.28317642","17.23786163","17.32469749","17.53298759","18.10433197","18.47538948","18.91319847","19.00966072","18.90594482","18.76758575","18.68912888","18.85293579","18.2251606","19.61343765","19.17858315","",
"Central Europe and the Baltics","CEB","Domestic general government health expenditure (% of general government expenditure)","SH.XPD.GHED.GE.ZS","","","","","","","","","","","","","","","","","","","","","","","","","","","","","","","","","","","","","","","","","9.67278037967664","10.0070492403333","10.3565854699205","10.7704164101137","11.0282707430837","11.1239071198787","10.8064678003364","10.8362325127348","11.1318889259007","11.2465892314828","11.5060591204267","11.2128619497161","11.3020379480912","11.4160440689499","11.425466491824","11.3555441639743","12.0711620522762","12.1329450098262","12.1999501003256","12.2646909849213","11.9081460220687","12.877865122434","","",
"Switzerland","CHE","Domestic general government health expenditure (% of general government expenditure)","SH.XPD.GHED.GE.ZS","","","","","","","","","","","","","","","","","","","","","","","","","","","","","","","","","","","","","","","","","7.83617067","8.69527817","8.83963394","9.30684757","9.30845737","9.39204693","9.34170818","9.55602741","9.77972221","9.97373199","10.3945961","10.72956944","11.00183201","10.43791008","10.6450367","10.73358727","10.9634409","11.0906496","11.16564178","11.19768238","10.95618057","11.71908569","","",
"Channel Islands","CHI","Domestic general government health expenditure (% of general government expenditure)","SH.XPD.GHED.GE.ZS","","","","","","","","","","","","","","","","","","","","","","","","","","","","","","","","","","","","","","","","","","","","","","","","","","","","","","","","","","","","","","","","",
"Chile","CHL","Domestic general government health expenditure (% of general government expenditure)","SH.XPD.GHED.GE.ZS","","","","","","","","","","","","","","","","","","","","","","","","","","","","","","","","","","","","","","","","","10.95628929","11.13347244","11.66363049","12.48133278","13.10177708","12.86940479","13.40539932","13.59831047","13.46145725","13.60349178","13.68902302","14.01050568","14.57309246","15.41127777","15.69308376","16.02235031","16.75084496","17.97215843","18.30398941","18.01151848","18.83962822","15.52466297","18.5445118","",
"China","CHN","Domestic general government health expenditure (% of general government expenditure)","SH.XPD.GHED.GE.ZS","","","","","","","","","","","","","","","","","","","","","","","","","","","","","","","","","","","","","","","","","6.08984089","5.58924198","6.02580309","6.87652969","7.26605844","7.48882914","7.56382084","7.90135717","7.7085824","8.37523174","8.7509222","8.60284996","9.03729343","9.41684246","9.66088581","9.41902351","8.95276546","8.79734421","8.76146317","8.76956177","8.64632607","8.9053545","","",
"Cote d'Ivoire","CIV","Domestic general government health expenditure (% of general government expenditure)","SH.XPD.GHED.GE.ZS","","","","","","","","","","","","","","","","","","","","","","","","","","","","","","","","","","","","","","","","","4.55759859","4.45654726","4.14795876","4.06708717","4.14515257","3.89134884","3.85718441","3.96364379","4.13571978","4.64503384","4.06209517","4.39369249","4.62200308","4.58988285","5.11125422","4.8747077","4.85199261","5.15028763","5.11727667","5.73374605","6.65964842","5.05918074","","",
"Cameroon","CMR","Domestic general government health expenditure (% of general government expenditure)","SH.XPD.GHED.GE.ZS","","","","","","","","","","","","","","","","","","","","","","","","","","","","","","","","","","","","","","","","","4.42626905","5.34374762","6.43298531","6.51537704","5.26183367","5.24748802","5.18314695","4.22608185","3.46105146","3.04738736","2.67579794","3.21048117","3.73180342","2.50095606","2.9397316","1.81293964","1.81293964","0.73440909","1.95703375","2.17985916","3.65950561","2.86053681","","",
"Congo, Dem. Rep.","COD","Domestic general government health expenditure (% of general government expenditure)","SH.XPD.GHED.GE.ZS","","","","","","","","","","","","","","","","","","","","","","","","","","","","","","","","","","","","","","","","","2.49897742","2.49897742","2.49897742","2.49897742","2.49897742","2.49897742","2.49897742","2.49897742","2.49897742","2.49897742","2.49897742","2.53200436","3.87756181","3.90942621","2.97893858","3.84180474","3.80773497","3.9812758","4.47593117","4.37425947","6.27181339","4.34094429","","",
"Congo, Rep.","COG","Domestic general government health expenditure (% of general government expenditure)","SH.XPD.GHED.GE.ZS","","","","","","","","","","","","","","","","","","","","","","","","","","","","","","","","","","","","","","","","","2.27290344","3.31901908","1.3442719","1.85525787","1.78429937","1.95315254","2.08378863","2.05207968","4.54892206","2.52816463","3.60210204","2.33683133","2.67131019","2.20951629","1.9499675","2.70981026","2.88502312","3.41114736","3.48719907","5.10725212","8.21684074","8.21684074","","",
"Colombia","COL","Domestic general government health expenditure (% of general government expenditure)","SH.XPD.GHED.GE.ZS","","","","","","","","","","","","","","","","","","","","","","","","","","","","","","","","","","","","","","","","","14.88161659","15.37750435","14.86478043","15.59885502","15.73734665","16.83091927","16.05757141","16.2844429","16.6930294","17.0406208","16.82773972","16.48455429","16.19955254","16.34110641","16.18276405","17.03754425","17.65917969","18.60467529","15.75658035","16.53361511","18.49876976","19.00617027","","",
"Comoros","COM","Domestic general government health expenditure (% of general government expenditure)","SH.XPD.GHED.GE.ZS","","","","","","","","","","","","","","","","","","","","","","","","","","","","","","","","","","","","","","","","","9.15514088","4.11414337","6.71067286","6.68444395","6.75573111","5.91186571","5.18173599","4.33239365","2.86453962","2.77465606","2.83923602","7.23844337","5.35224819","4.449965","3.81965494","2.44571519","3.03611088","3.58549595","3.99391246","4.12509918","6.89043808","4.7222724","","",
"Cabo Verde","CPV","Domestic general government health expenditure (% of general government expenditure)","SH.XPD.GHED.GE.ZS","","","","","","","","","","","","","","","","","","","","","","","","","","","","","","","","","","","","","","","","","7.50158787","11.17305183","9.50427818","11.36700153","9.63142586","8.80299091","8.92111492","10.09019661","8.10699081","8.30945301","7.22943211","8.60780239","8.86496925","9.02955627","9.98307133","10.09395409","10.39242458","10.39242458","10.39242458","10.16541576","11.85738277","15.75078869","","",
"Costa Rica","CRI","Domestic general government health expenditure (% of general government expenditure)","SH.XPD.GHED.GE.ZS","","","","","","","","","","","","","","","","","","","","","","","","","","","","","","","","","","","","","","","","","25.26477432","24.56128693","24.75807571","26.33198166","25.73747253","25.70520782","29.50995445","31.20627594","32.37922287","33.09796906","31.73544693","32.76574326","31.29060364","29.14523888","29.13646126","29.49234581","28.55228806","26.90432549","27.81198311","24.09996223","25.17284393","25.37036324","","",
"Caribbean small states","CSS","Domestic general government health expenditure (% of general government expenditure)","SH.XPD.GHED.GE.ZS","","","","","","","","","","","","","","","","","","","","","","","","","","","","","","","","","","","","","","","","","","","","","","","","","","","","","","","","","","","","","","","","",
"Cuba","CUB","Domestic general government health expenditure (% of general government expenditure)","SH.XPD.GHED.GE.ZS","","","","","","","","","","","","","","","","","","","","","","","","","","","","","","","","","","","","","","","","","10.80231476","11.39179516","11.1904707","10.89082336","10.32092667","11.66760921","11.20564365","14.48143005","13.17769623","14.93230438","13.86582184","15.09354115","11.49459648","14.14057541","18.02447128","18.2455864","17.30282402","15.51221848","14.9355917","15.51629925","16.43104172","21.48244095","","",
"Curacao","CUW","Domestic general government health expenditure (% of general government expenditure)","SH.XPD.GHED.GE.ZS","","","","","","","","","","","","","","","","","","","","","","","","","","","","","","","","","","","","","","","","","","","","","","","","","","","","","","","","","","","","","","","","",
"Cayman Islands","CYM","Domestic general government health expenditure (% of general government expenditure)","SH.XPD.GHED.GE.ZS","","","","","","","","","","","","","","","","","","","","","","","","","","","","","","","","","","","","","","","","","","","","","","","","","","","","","","","","","","","","","","","","",
"Cyprus","CYP","Domestic general government health expenditure (% of general government expenditure)","SH.XPD.GHED.GE.ZS","","","","","","","","","","","","","","","","","","","","","","","","","","","","","","","","","","","","","","","","","6.33","6.33","6.74","6.11","5.79","5.74","6.05","6.15","6.52","6.53","7.13","7.25","7.13","7.37","5.98","7.07","7.5","7.54","6.73","10.04","14.16","18.37","","",
"Czechia","CZE","Domestic general government health expenditure (% of general government expenditure)","SH.XPD.GHED.GE.ZS","","","","","","","","","","","","","","","","","","","","","","","","","","","","","","","","","","","","","","","","","12.38046741","11.83805084","12.18289185","11.61948967","13.14472771","12.75457001","12.71145344","12.40300465","12.54553795","13.54464912","14.69500732","14.7419138","14.38220024","14.84314823","14.96242809","14.75444698","15.71675396","15.91351414","15.55736828","15.68113899","17.06207657","17.58224487","","",
"Germany","DEU","Domestic general government health expenditure (% of general government expenditure)","SH.XPD.GHED.GE.ZS","","","","","","","","","","","","","","","","","","","","","","","","","","","","","","","","","","","","","","","","","16.19174576","16.3556881","16.55490875","16.66930389","16.45635414","16.66615295","16.93153572","17.40883636","17.45852661","17.63837624","17.44530869","17.96772194","18.22804832","18.70073318","19.16842651","19.51363564","19.59515953","19.91397285","20.01379776","20.09327698","19.76651764","19.94881821","","",
"Djibouti","DJI","Domestic general government health expenditure (% of general government expenditure)","SH.XPD.GHED.GE.ZS","","","","","","","","","","","","","","","","","","","","","","","","","","","","","","","","","","","","","","","","","6.07547617","5.96840477","5.49563599","5.81530714","5.38615036","5.32781839","7.23246288","6.52659225","6.34888077","6.1399169","6.97048712","8.47449207","7.13329363","6.73504782","6.07299089","4.06950951","4.06950951","4.06950951","4.31139565","4.28400373","4.28400373","4.20109081","","",
"Dominica","DMA","Domestic general government health expenditure (% of general government expenditure)","SH.XPD.GHED.GE.ZS","","","","","","","","","","","","","","","","","","","","","","","","","","","","","","","","","","","","","","","","","8.64061165","8.7834692","8.40141296","8.66607666","8.52756691","8.72012901","8.74014854","7.09984493","7.28526783","7.4169898","7.44341135","9.09039211","9.49375534","9.59457207","9.61979961","9.73140144","7.27849007","6.76986217","6.15797138","7.56691742","5.40891504","7.24140644","","",
"Denmark","DNK","Domestic general government health expenditure (% of general government expenditure)","SH.XPD.GHED.GE.ZS","","","","","","","","","","","","","","","","","","","","","","","","","","","","","","","","","","","","","","","","","12.78","13.34","13.71","13.93","14.2","14.86","15.43","15.74","15.85","15.95","15.77","15.48","15.32","15.63","15.77","15.98","16.44","16.77","16.73","17.11","16.72","18.15","17.78","",
"Dominican Republic","DOM","Domestic general government health expenditure (% of general government expenditure)","SH.XPD.GHED.GE.ZS","","","","","","","","","","","","","","","","","","","","","","","","","","","","","","","","","","","","","","","","","11.76568317","10.82668972","10.60001564","6.1004343","6.72028685","9.19922733","8.67431355","10.35334587","11.59831429","14.3409853","15.92765141","17.08921814","13.73776436","15.70404816","14.47596073","14.19551849","15.69811821","15.71837234","15.44442081","15.62396526","14.68116379","17.73918533","","",
"Algeria","DZA","Domestic general government health expenditure (% of general government expenditure)","SH.XPD.GHED.GE.ZS","","","","","","","","","","","","","","","","","","","","","","","","","","","","","","","","","","","","","","","","","8.77923775","9.26661205","7.97343826","9.43778801","8.66916943","7.76159906","7.84512997","7.63073635","7.68720913","8.64468479","9.18787575","9.03425121","10.06144714","11.70106602","11.41803741","10.60481071","10.60594082","10.60604","10.60616875","8.83036137","8.83036137","8.82444","","",
"East Asia & Pacific (excluding high income)","EAP","Domestic general government health expenditure (% of general government expenditure)","SH.XPD.GHED.GE.ZS","","","","","","","","","","","","","","","","","","","","","","","","","","","","","","","","","","","","","","","","","","","","","","","","","","","","","","","","","","","","","","","","",
"Early-demographic dividend","EAR","Domestic general government health expenditure (% of general government expenditure)","SH.XPD.GHED.GE.ZS","","","","","","","","","","","","","","","","","","","","","","","","","","","","","","","","","","","","","","","","","","","","7.97194842658754","8.01239052875546","","","","7.83898781886162","8.78492351791881","8.1441406003095","8.44974303734841","8.39484974636546","8.48774433204898","9.15981052054626","9.47308924770552","9.58329358643931","9.74470998978978","9.30730326261265","","","","","",
"East Asia & Pacific","EAS","Domestic general government health expenditure (% of general government expenditure)","SH.XPD.GHED.GE.ZS","","","","","","","","","","","","","","","","","","","","","","","","","","","","","","","","","","","","","","","","","","","","","","","","","","","","","","","","","","","","","","","","",
"Europe & Central Asia (excluding high income)","ECA","Domestic general government health expenditure (% of general government expenditure)","SH.XPD.GHED.GE.ZS","","","","","","","","","","","","","","","","","","","","","","","","","","","","","","","","","","","","","","","","","","","","","","","","","9.76819298650073","10.7536424901354","10.014277595929","10.0382495340928","9.55889987324307","9.3929827854796","9.60119434258725","9.33642830192915","9.53440962523079","9.33953211543345","9.17374089358302","9.20796503306586","10.2444324416458","11.2723030286196","","",
"Europe & Central Asia","ECS","Domestic general government health expenditure (% of general government expenditure)","SH.XPD.GHED.GE.ZS","","","","","","","","","","","","","","","","","","","","","","","","","","","","","","","","","","","","","","","","","","","14.0467104900421","14.1727513338818","14.3810520406531","14.4917700882472","14.630069544187","14.4851982917789","14.2790799990102","14.3757177513068","14.2452263255802","14.5168583556669","14.3864828759836","14.4497765535529","14.7226060798136","15.0792104767119","15.2729628720031","15.2131077288398","15.404186148293","15.5032929734166","15.6865341501826","16.7715526579312","","",
"Ecuador","ECU","Domestic general government health expenditure (% of general government expenditure)","SH.XPD.GHED.GE.ZS","","","","","","","","","","","","","","","","","","","","","","","","","","","","","","","","","","","","","","","","","4.139431","6.20780277","6.54682684","8.21314716","8.46123028","7.86558485","8.56826591","8.82739544","6.15163374","7.4589715","8.4362812","7.96525431","8.85185909","8.86003113","9.69977283","10.91396523","11.2197752","12.23363495","12.96153736","13.12583637","13.89396858","14.76037979","","",
"Egypt, Arab Rep.","EGY","Domestic general government health expenditure (% of general government expenditure)","SH.XPD.GHED.GE.ZS","","","","","","","","","","","","","","","","","","","","","","","","","","","","","","","","","","","","","","","","","6.66372585","6.63266277","6.14118385","5.44320345","5.24308968","5.24353075","5.04994678","5.01764584","4.69924688","4.71808481","4.36156321","4.82708216","4.38540936","4.1566329","4.16148472","5.05797672","5.05797672","5.41994762","4.72158527","4.82284689","5.16112232","6.79944944","","",
"Euro area","EMU","Domestic general government health expenditure (% of general government expenditure)","SH.XPD.GHED.GE.ZS","","","","","","","","","","","","","","","","","","","","","","","","","","","","","","","","","","","","","","","","","13.1855153654765","13.4399338757666","13.7284947504731","13.9054312257942","14.0730994758046","14.33031551104","14.3366655900354","14.3689500469924","14.5390552805583","14.5078248317452","14.4526756734864","14.5534093636394","14.3668868451575","14.376546343056","14.5942044236458","14.8463646474876","15.177287754112","15.3090369582223","15.3647305617917","15.4691688722076","15.3037524117719","15.7739526655839","","",
"Eritrea","ERI","Domestic general government health expenditure (% of general government expenditure)","SH.XPD.GHED.GE.ZS","","","","","","","","","","","","","","","","","","","","","","","","","","","","","","","","","","","","","","","","","2.14200711","2.00851059","2.62215114","1.9275918","2.20047736","1.14833248","1.538625","2.3541069","2.3541069","2.3541069","2.3541069","2.3541069","2.3541069","2.3541069","2.3541069","2.3541069","2.3541069","2.3541069","2.3541069","2.3541069","2.3541069","2.3541069","","",
"Spain","ESP","Domestic general government health expenditure (% of general government expenditure)","SH.XPD.GHED.GE.ZS","","","","","","","","","","","","","","","","","","","","","","","","","","","","","","","","","","","","","","","","","12.57255268","12.68387985","12.67109871","14.01369476","14.07155895","14.37746811","14.68613911","14.58518791","14.82255173","14.78956127","14.74672222","14.59655094","13.34308529","13.87449265","14.08110523","14.76894569","15.07699299","15.26597881","15.11027527","15.25897121","15.1303215","15.19330502","","",
"Estonia","EST","Domestic general government health expenditure (% of general government expenditure)","SH.XPD.GHED.GE.ZS","","","","","","","","","","","","","","","","","","","","","","","","","","","","","","","","","","","","","","","","","10.7823925","10.66431904","9.98040104","11.08420467","11.51855564","11.57624435","11.05736637","11.48986721","11.4233017","11.39671612","12.01817799","12.03691864","11.67207146","12.16880417","12.55367756","12.50648499","12.658885","12.35713005","12.5386591","12.87111759","13.01007652","13.75658607","","",
"Ethiopia","ETH","Domestic general government health expenditure (% of general government expenditure)","SH.XPD.GHED.GE.ZS","","","","","","","","","","","","","","","","","","","","","","","","","","","","","","","","","","","","","","","","","7.02978992","8.98227215","8.36865902","8.41779423","5.72665405","7.55002403","5.07604218","6.49598169","2.74178195","5.30019999","5.10711432","2.09114456","6.40685463","6.19330263","4.08834219","5.57211685","5.02445269","4.78836012","4.76060486","4.76060486","6.79223251","7.09674501","","",
"European Union","EUU","Domestic general government health expenditure (% of general government expenditure)","SH.XPD.GHED.GE.ZS","","","","","","","","","","","","","","","","","","","","","","","","","","","","","","","","","","","","","","","","","12.9010401598332","13.1667042511039","13.4604330854523","13.6549170512192","13.824985876058","14.0522666462675","14.032892817021","14.0605945951135","14.2203061829528","14.2705036092269","14.2216767440064","14.4395997736232","14.2944484281352","14.3488674294335","14.5447649980999","14.7600951577772","15.1060365345074","15.2184960281142","15.2655819114716","15.348773830017","15.1490665218056","15.7077189813774","","",
"Fragile and conflict affected situations","FCS","Domestic general government health expenditure (% of general government expenditure)","SH.XPD.GHED.GE.ZS","","","","","","","","","","","","","","","","","","","","","","","","","","","","","","","","","","","","","","","","","","","","","","","","","","","","","","","","","","","","","","","","",
"Finland","FIN","Domestic general government health expenditure (% of general government expenditure)","SH.XPD.GHED.GE.ZS","","","","","","","","","","","","","","","","","","","","","","","","","","","","","","","","","","","","","","","","","11.2","11.69","12.09","12.44","12.77","13.16","13.57","13.65","13.74","13.38","13.32","13.61","13.8","13.71","13.59","13.41","13.12","13.28","13.31","13.79","13.7","15.07","","",
"Fiji","FJI","Domestic general government health expenditure (% of general government expenditure)","SH.XPD.GHED.GE.ZS","","","","","","","","","","","","","","","","","","","","","","","","","","","","","","","","","","","","","","","","","10.58804417","7.9022274","8.03575706","8.61062717","9.25405025","10.35953331","9.96885777","10.59320831","9.78181839","8.37036991","8.79444408","7.47411013","7.50509167","7.46682596","7.10427618","7.04417515","6.66789913","7.72321415","7.75502872","8.72794247","9.06363964","9.44390583","","",
"France","FRA","Domestic general government health expenditure (% of general government expenditure)","SH.XPD.GHED.GE.ZS","","","","","","","","","","","","","","","","","","","","","","","","","","","","","","","","","","","","","","","","","13.49542141","13.6540575","13.85807896","13.74813557","13.93587112","13.90521812","13.99930096","13.95229912","13.91539669","13.95940399","13.90193653","13.94986153","13.90549946","14.01146603","14.19917202","14.58199883","15.19398975","15.22846699","15.26488304","15.0569191","15.14472675","15.76224709","","",
"Faroe Islands","FRO","Domestic general government health expenditure (% of general government expenditure)","SH.XPD.GHED.GE.ZS","","","","","","","","","","","","","","","","","","","","","","","","","","","","","","","","","","","","","","","","","","","","","","","","","","","","","","","","","","","","","","","","",
"Micronesia, Fed. Sts.","FSM","Domestic general government health expenditure (% of general government expenditure)","SH.XPD.GHED.GE.ZS","","","","","","","","","","","","","","","","","","","","","","","","","","","","","","","","","","","","","","","","","2.59440136","2.85505843","2.87267137","3.14826822","3.929986","4.46241617","4.32222223","4.15642118","4.96730757","3.43764043","3.39984989","4.64979315","3.95132875","4.64106894","6.15851498","5.77191496","5.63681126","4.94604683","5.52872467","5.88125706","4.75126457","2.59797287","","",
"Gabon","GAB","Domestic general government health expenditure (% of general government expenditure)","SH.XPD.GHED.GE.ZS","","","","","","","","","","","","","","","","","","","","","","","","","","","","","","","","","","","","","","","","","5.24128246","4.53776979","4.66366768","6.7543745","6.51321602","5.07680273","5.76007175","6.36190653","5.61290503","6.81763697","6.81337643","7.18316364","6.19158506","5.25754023","6.38458252","7.03487396","9.20255756","9.7150774","9.41520691","9.59155846","9.59155846","9.59155846","","",
"United Kingdom","GBR","Domestic general government health expenditure (% of general government expenditure)","SH.XPD.GHED.GE.ZS","","","","","","","","","","","","","","","","","","","","","","","","","","","","","","","","","","","","","","","","","15.60168552","15.86804295","16.28907013","16.36387444","16.71930313","16.57209778","17.27092361","17.19756699","16.61664772","17.28977966","17.07456398","17.63252831","17.68024063","18.20179176","18.4877243","18.72927094","19.09605408","18.86876106","19.09147453","19.52971458","19.42317581","22.36486244","","",
"Georgia","GEO","Domestic general government health expenditure (% of general government expenditure)","SH.XPD.GHED.GE.ZS","","","","","","","","","","","","","","","","","","","","","","","","","","","","","","","","","","","","","","","","","4.85","6.75","7.02","7.13","6.25","5.58","5.23","3.95","4.83","5.88","6.15","5.04","5.51","6.85","7.78","9.61","10.33","9.52","10.32","9.39","10.73","14.23","10.54","",
"Ghana","GHA","Domestic general government health expenditure (% of general government expenditure)","SH.XPD.GHED.GE.ZS","","","","","","","","","","","","","","","","","","","","","","","","","","","","","","","","","","","","","","","","","6.01488829","7.19382238","6.10158062","6.33220148","4.905725","10.60201263","9.55574703","9.13427639","9.89629364","12.35655785","11.91557407","12.07416821","8.9727478","8.61669731","6.71953726","8.55785751","6.53767872","8.60003185","8.37949657","10.25044727","6.69997978","8.20150948","","",
"Gibraltar","GIB","Domestic general government health expenditure (% of general government expenditure)","SH.XPD.GHED.GE.ZS","","","","","","","","","","","","","","","","","","","","","","","","","","","","","","","","","","","","","","","","","","","","","","","","","","","","","","","","","","","","","","","","",
"Guinea","GIN","Domestic general government health expenditure (% of general government expenditure)","SH.XPD.GHED.GE.ZS","","","","","","","","","","","","","","","","","","","","","","","","","","","","","","","","","","","","","","","","","2.38009167","2.4733243","4.39565277","2.85787916","1.85608542","2.37353611","1.87932241","2.77464008","2.67317295","1.60156095","1.76970637","3.18154812","2.56631088","2.62132335","3.02618742","1.97823358","4.11337852","3.46282434","3.85050702","6.14852524","4.53709793","4.49041605","","",
"Gambia, The","GMB","Domestic general government health expenditure (% of general government expenditure)","SH.XPD.GHED.GE.ZS","","","","","","","","","","","","","","","","","","","","","","","","","","","","","","","","","","","","","","","","","6.30897522","6.30897522","6.30897522","6.30897522","6.30897522","6.30897522","6.30897522","6.30897522","6.30897522","6.30897522","6.30897522","6.30897522","6.30897522","6.30897522","5.75401974","5.0990448","6.65770149","4.49147081","5.13573408","5.47966433","9.64125633","7.53835964","","",
"Guinea-Bissau","GNB","Domestic general government health expenditure (% of general government expenditure)","SH.XPD.GHED.GE.ZS","","","","","","","","","","","","","","","","","","","","","","","","","","","","","","","","","","","","","","","","","2.52350521","2.52350521","2.52350521","2.52350521","2.52350521","2.52350521","2.52350521","2.52350521","2.52350521","2.52350521","2.52350521","2.52350521","3.88817143","4.44277668","2.59810638","2.50101542","2.36231256","2.75228286","2.59429789","2.44074059","4.79536724","4.60020065","","",
"Equatorial Guinea","GNQ","Domestic general government health expenditure (% of general government expenditure)","SH.XPD.GHED.GE.ZS","","","","","","","","","","","","","","","","","","","","","","","","","","","","","","","","","","","","","","","","","1.40894139","1.40894139","1.40894139","1.44882286","1.4902302","1.46381831","1.44399381","1.47166014","1.49703324","1.4756577","1.45523047","1.47296762","1.48931491","1.45938587","1.49042463","1.33363295","2.49651527","2.94384766","3.22602725","3.84795237","5.34838295","5.35568953","","",
"Greece","GRC","Domestic general government health expenditure (% of general government expenditure)","SH.XPD.GHED.GE.ZS","","","","","","","","","","","","","","","","","","","","","","","","","","","","","","","","","","","","","","","","","9.61341953","10.97902489","10.86962318","10.85597706","9.96563244","11.43558979","11.27762222","11.30030632","11.3433733","11.88302231","12.48647785","10.95836353","10.00774956","8.25187302","8.84689617","8.76884937","8.69437981","8.74206638","8.72916985","8.30376339","8.54125595","9.41304398","","",
"Grenada","GRD","Domestic general government health expenditure (% of general government expenditure)","SH.XPD.GHED.GE.ZS","","","","","","","","","","","","","","","","","","","","","","","","","","","","","","","","","","","","","","","","","7.23545456","7.25950718","7.56459284","7.41824913","10.46955299","9.11107826","6.30969524","7.25542021","7.02615786","7.87131739","7.39562273","8.53557777","9.10919189","8.23999691","7.29635763","7.66007471","7.50820637","8.35155964","8.33406734","9.43220234","8.4920435","6.99219847","","",
"Greenland","GRL","Domestic general government health expenditure (% of general government expenditure)","SH.XPD.GHED.GE.ZS","","","","","","","","","","","","","","","","","","","","","","","","","","","","","","","","","","","","","","","","","","","","","","","","","","","","","","","","","","","","","","","","",
"Guatemala","GTM","Domestic general government health expenditure (% of general government expenditure)","SH.XPD.GHED.GE.ZS","","","","","","","","","","","","","","","","","","","","","","","","","","","","","","","","","","","","","","","","","14.0827589","14.40040016","14.79130077","14.20887375","15.73237419","14.20312977","14.5871048","14.23033047","15.49126434","16.02617264","14.24816608","13.75957489","14.31886292","15.82706833","16.46030045","18.10749817","18.20531464","17.21218491","16.67445374","17.65140152","15.86299229","17.40895462","","",
"Guam","GUM","Domestic general government health expenditure (% of general government expenditure)","SH.XPD.GHED.GE.ZS","","","","","","","","","","","","","","","","","","","","","","","","","","","","","","","","","","","","","","","","","","","","","","","","","","","","","","","","","","","","","","","","",
"Guyana","GUY","Domestic general government health expenditure (% of general government expenditure)","SH.XPD.GHED.GE.ZS","","","","","","","","","","","","","","","","","","","","","","","","","","","","","","","","","","","","","","","","","7.81650448","6.79539347","7.50901365","7.35764837","7.35295486","6.27540493","5.69657898","6.60877609","7.0215044","7.41419315","7.60515261","8.62060642","8.22607517","8.81889057","9.41685009","10.84070492","10.0542078","10.61353874","10.71157551","10.32425022","13.01163483","12.85041809","","",
"High income","HIC","Domestic general government health expenditure (% of general government expenditure)","SH.XPD.GHED.GE.ZS","","","","","","","","","","","","","","","","","","","","","","","","","","","","","","","","","","","","","","","","","14.4750786917226","14.8911824282991","15.1556039906226","15.3011243726694","15.5974575992445","15.7486470596074","15.9163763838561","15.7952684838569","15.6391226645734","15.8184314894417","15.8440217174516","16.4305141998641","16.4358687520118","16.5183927660662","16.993143715806","17.6814792074346","18.0963128453734","18.1903774587625","18.1877361357232","18.3391331875541","18.4297850851239","18.8203815746381","","",
"Hong Kong SAR, China","HKG","Domestic general government health expenditure (% of general government expenditure)","SH.XPD.GHED.GE.ZS","","","","","","","","","","","","","","","","","","","","","","","","","","","","","","","","","","","","","","","","","","","","","","","","","","","","","","","","","","","","","","","","",
"Honduras","HND","Domestic general government health expenditure (% of general government expenditure)","SH.XPD.GHED.GE.ZS","","","","","","","","","","","","","","","","","","","","","","","","","","","","","","","","","","","","","","","","","13.67898464","9.93868351","9.4749918","9.88268948","9.59641266","12.36688042","13.42183208","13.63652325","12.56671429","13.9932375","13.96672344","15.02672482","12.83597755","11.81287098","11.55319595","11.32879734","11.29591942","10.62630653","10.8920126","11.1674366","12.27257824","12.09214497","","",
"Heavily indebted poor countries (HIPC)","HPC","Domestic general government health expenditure (% of general government expenditure)","SH.XPD.GHED.GE.ZS","","","","","","","","","","","","","","","","","","","","","","","","","","","","","","","","","","","","","","","","","","","","","","","","","","8.3806311751047","7.30873806404193","","6.28884188527109","6.10702290526683","6.31335132520034","6.38062166944635","6.40136711845201","6.57982650733246","6.64253907054181","","6.82357774891571","6.63398675089026","","",
"Croatia","HRV","Domestic general government health expenditure (% of general government expenditure)","SH.XPD.GHED.GE.ZS","","","","","","","","","","","","","","","","","","","","","","","","","","","","","","","","","","","","","","","","","11.92","11.76","9.69","10.48","10.63","12.76","13.03","13.96","14.12","13.36","13.7","12.95","13.43","11.37","11.36","11.73","12.15","12.43","12.23","11.98","11.67","13.99","","",
"Haiti","HTI","Domestic general government health expenditure (% of general government expenditure)","SH.XPD.GHED.GE.ZS","","","","","","","","","","","","","","","","","","","","","","","","","","","","","","","","","","","","","","","","","13.94368362","11.90920353","7.3620429","6.6061697","7.94925022","6.66875458","2.994277","7.11358404","7.42596531","6.77164745","6.43094063","2.98430157","2.78391457","2.99849725","3.20148706","4.40003729","4.974617","4.76582003","4.72443056","4.02440834","4.10164928","3.92148709","","",
"Hungary","HUN","Domestic general government health expenditure (% of general government expenditure)","SH.XPD.GHED.GE.ZS","","","","","","","","","","","","","","","","","","","","","","","","","","","","","","","","","","","","","","","","","9.86","9.66","9.67","11.57","11.09","11.36","10.66","9.79","9.85","9.71","10.17","10.1","9.78","9.57","9.39","9.22","10.11","9.88","9.88","9.31","10.05","11.02","","",
"IBRD only","IBD","Domestic general government health expenditure (% of general government expenditure)","SH.XPD.GHED.GE.ZS","","","","","","","","","","","","","","","","","","","","","","","","","","","","","","","","","","","","","","","","","","","","","","","","","","","","","","","","","","","","","","","","",
"IDA & IBRD total","IBT","Domestic general government health expenditure (% of general government expenditure)","SH.XPD.GHED.GE.ZS","","","","","","","","","","","","","","","","","","","","","","","","","","","","","","","","","","","","","","","","","","","","","","","","","","","","","","","","","","","","","","","","",
"IDA total","IDA","Domestic general government health expenditure (% of general government expenditure)","SH.XPD.GHED.GE.ZS","","","","","","","","","","","","","","","","","","","","","","","","","","","","","","","","","","","","","","","","","","","","","","","","","","","","","","","","","","","","","","","","",
"IDA blend","IDB","Domestic general government health expenditure (% of general government expenditure)","SH.XPD.GHED.GE.ZS","","","","","","","","","","","","","","","","","","","","","","","","","","","","","","","","","","","","","","","","","","","","","","","","","","","","","","","","","","","","","","","","",
"Indonesia","IDN","Domestic general government health expenditure (% of general government expenditure)","SH.XPD.GHED.GE.ZS","","","","","","","","","","","","","","","","","","","","","","","","","","","","","","","","","","","","","","","","","3.59241748","3.9583149","3.98283839","4.49961615","4.20149517","4.2081809","4.51138687","5.43744278","4.6298461","5.41294384","3.91489601","3.96251845","4.07335424","4.28101349","5.33553553","6.62539768","8.17642403","8.15006733","8.36061573","8.5572319","10.16993046","12.11291027","","",
"IDA only","IDX","Domestic general government health expenditure (% of general government expenditure)","SH.XPD.GHED.GE.ZS","","","","","","","","","","","","","","","","","","","","","","","","","","","","","","","","","","","","","","","","","","","","","","","","","","","6.95929152146897","","6.07276124037761","6.19130657402693","6.31510986753076","6.38002111503848","6.28800732199063","6.30210269824078","6.53870427159543","6.14649395777213","6.50129058660206","6.38529242925954","","",
"Isle of Man","IMN","Domestic general government health expenditure (% of general government expenditure)","SH.XPD.GHED.GE.ZS","","","","","","","","","","","","","","","","","","","","","","","","","","","","","","","","","","","","","","","","","","","","","","","","","","","","","","","","","","","","","","","","",
"India","IND","Domestic general government health expenditure (% of general government expenditure)","SH.XPD.GHED.GE.ZS","","","","","","","","","","","","","","","","","","","","","","","","","","","","","","","","","","","","","","","","","3.05","2.9","2.77","2.68","2.65","2.94","2.89","2.79","2.8","3.12","3.11","3.38","3.44","3.24","3.25","3.38","3.39","3.66","3.68","3.85","3.69","3.69","","",
"Not classified","INX","Domestic general government health expenditure (% of general government expenditure)","SH.XPD.GHED.GE.ZS","","","","","","","","","","","","","","","","","","","","","","","","","","","","","","","","","","","","","","","","","","","","","","","","","","","","","","","","","","","","","","","","",
"Ireland","IRL","Domestic general government health expenditure (% of general government expenditure)","SH.XPD.GHED.GE.ZS","","","","","","","","","","","","","","","","","","","","","","","","","","","","","","","","","","","","","","","","","14.95885372","15.58507347","16.03050613","16.89721489","17.35914803","18.25286674","17.42926025","17.35766602","17.41835403","17.30187988","12.35386944","16.17975807","17.92598724","17.91931343","18.02405739","18.12460518","19.27320862","19.88340378","18.70609856","20.53943443","20.28728294","20.96095657","","",
"Iran, Islamic Rep.","IRN","Domestic general government health expenditure (% of general government expenditure)","SH.XPD.GHED.GE.ZS","","","","","","","","","","","","","","","","","","","","","","","","","","","","","","","","","","","","","","","","","10.95240307","11.87062645","9.56564999","10.21229744","10.16240692","9.00558662","9.6129694","11.53469467","9.47516823","12.3770647","12.52360535","12.03891277","15.95811844","16.04602051","22.59905243","22.59942055","21.07504082","21.07489967","22.5409317","19.73072052","21.35672569","26.10549164","","",
"Iraq","IRQ","Domestic general government health expenditure (% of general government expenditure)","SH.XPD.GHED.GE.ZS","","","","","","","","","","","","","","","","","","","","","","","","","","","","","","","","","","","","","","","","","","","","3.13100505","2.98065042","3.19641972","3.04648137","4.41794348","4.14425755","4.90742397","4.80274534","4.79862404","2.3523643","2.37589312","2.36959839","1.68126464","5.98492527","4.7902565","6.42973948","5.994596","6.154531","6.98586559","","",
"Iceland","ISL","Domestic general government health expenditure (% of general government expenditure)","SH.XPD.GHED.GE.ZS","","","","","","","","","","","","","","","","","","","","","","","","","","","","","","","","","","","","","","","","","16.04","14.88","16.84","16.55","16.17","16.11","15.57","15.31","10.82","13.37","13.69","12.99","13.7","14.27","14.45","15","14.21","15.23","15.74","16.29","15.66","16.37","","",
"Israel","ISR","Domestic general government health expenditure (% of general government expenditure)","SH.XPD.GHED.GE.ZS","","","","","","","","","","","","","","","","","","","","","","","","","","","","","","","","","","","","","","","","","9.43","9.35","8.7","9.26","9.6","9.59","9.87","9.92","9.95","10.02","10.67","10.67","10.83","10.92","11.42","11.68","11.69","11.76","11.76","11.88","11.75","13.19","","",
"Italy","ITA","Domestic general government health expenditure (% of general government expenditure)","SH.XPD.GHED.GE.ZS","","","","","","","","","","","","","","","","","","","","","","","","","","","","","","","","","","","","","","","","","11.81","12.2","12.63","12.51","13.28","13.68","13.72","13.48","13.86","13.71","14.01","13.74","13.17","13.05","13.15","13.1","13.23","13.12","13.25","13.17","12.87","12.36","","",
"Jamaica","JAM","Domestic general government health expenditure (% of general government expenditure)","SH.XPD.GHED.GE.ZS","","","","","","","","","","","","","","","","","","","","","","","","","","","","","","","","","","","","","","","","","11.84148693","8.20096111","8.66761017","6.13759899","7.64527464","7.4342041","6.25744629","8.22749615","8.35763645","7.45104456","9.03293228","9.52876663","9.15779209","10.76929092","11.25196075","12.82021999","12.68386555","13.9547863","13.03939724","13.3204546","13.98892879","16.17764664","","",
"Jordan","JOR","Domestic general government health expenditure (% of general government expenditure)","SH.XPD.GHED.GE.ZS","","","","","","","","","","","","","","","","","","","","","","","","","","","","","","","","","","","","","","","","","12.68911648","13.61480045","13.38210011","11.37036991","9.40058994","11.78674316","11.36012363","12.51918411","15.12543488","17.915905","17.02058601","15.41755867","13.67097759","13.12652111","13.06403065","12.21973801","11.23799038","11.0992403","9.97671986","10.1121769","8.89248657","7.90704393","","",
"Japan","JPN","Domestic general government health expenditure (% of general government expenditure)","SH.XPD.GHED.GE.ZS","","","","","","","","","","","","","","","","","","","","","","","","","","","","","","","","","","","","","","","","","15.07","15.95","16.06","16.36","17.2","17.75","17.87","18.23","18.1","18.06","18.93","21.69","22.22","22.22","22.57","23.15","23.18","24.46","24.49","24.7","20.96","21.45","","",
"Kazakhstan","KAZ","Domestic general government health expenditure (% of general government expenditure)","SH.XPD.GHED.GE.ZS","","","","","","","","","","","","","","","","","","","","","","","","","","","","","","","","","","","","","","","","","9.25","8.41","9.42","9.56","10.91","11.51","11.69","7.56","8.37","11.32","8.21","8.68","9.45","9.32","10.03","8.39","9.48","7.86","9.1","8.25","10.06","11.62","","",
"Kenya","KEN","Domestic general government health expenditure (% of general government expenditure)","SH.XPD.GHED.GE.ZS","","","","","","","","","","","","","","","","","","","","","","","","","","","","","","","","","","","","","","","","","7.08898258","7.08898258","7.08898258","7.02242994","6.9893775","6.89238787","6.81280947","7.03938627","7.17080498","7.2007761","7.24412632","7.98109102","7.35927916","7.14972067","7.8450079","8.07448006","8.03052998","6.800313","7.22666931","8.23241615","8.91169834","9.28804493","","",
"Kyrgyz Republic","KGZ","Domestic general government health expenditure (% of general government expenditure)","SH.XPD.GHED.GE.ZS","","","","","","","","","","","","","","","","","","","","","","","","","","","","","","","","","","","","","","","","","7.06","7.13","7.56","8.07","8.21","13.07","14.46","10.43","10.39","10.7","9.2","9.88","10.4","10.35","7.14","7.12","6.42","6.34","7.33","7.09","6.92","8.56","","",
"Cambodia","KHM","Domestic general government health expenditure (% of general government expenditure)","SH.XPD.GHED.GE.ZS","","","","","","","","","","","","","","","","","","","","","","","","","","","","","","","","","","","","","","","","","8.59173584","7.83031797","8.29783154","9.43044281","9.90109062","9.89736652","7.41110468","6.7482748","6.6590457","5.96768332","6.51964235","6.21460676","6.48858452","6.64391565","5.70839739","6.63314915","6.31595898","6.70265007","7.07836199","6.99097633","6.99097633","6.99097633","","",
"Kiribati","KIR","Domestic general government health expenditure (% of general government expenditure)","SH.XPD.GHED.GE.ZS","","","","","","","","","","","","","","","","","","","","","","","","","","","","","","","","","","","","","","","","","11.41","11.41","11.41","11.41","11.41","11.41","11.41","11.38","12.69","10.9","10.45","9.29","8.36","9.16","7.28","6.69","7.78","9.03","8.09","8.52","9.3","9.97","","",
"St. Kitts and Nevis","KNA","Domestic general government health expenditure (% of general government expenditure)","SH.XPD.GHED.GE.ZS","","","","","","","","","","","","","","","","","","","","","","","","","","","","","","","","","","","","","","","","","5.80614185","6.16705513","5.44581175","6.79344225","6.41686392","6.40821648","6.85759354","6.48289871","5.94624472","6.28929853","5.87090492","6.31164551","7.06140947","6.45394754","6.69781971","6.61119318","8.17579556","8.12305832","6.28038406","6.69738483","8.00107288","7.90980005","","",
"Korea, Rep.","KOR","Domestic general government health expenditure (% of general government expenditure)","SH.XPD.GHED.GE.ZS","","","","","","","","","","","","","","","","","","","","","","","","","","","","","","","","","","","","","","","","","8.27991581","9.4434557","9.08882332","7.67150831","8.52108574","9.10630512","9.85852146","10.3867588","10.02157688","10.26508617","11.48147774","11.20949078","11.1013546","11.62523556","11.84077549","12.20657825","12.77859974","13.25377369","13.79939747","13.97021866","13.10143757","14.82539463","14.41053486","",
"Kuwait","KWT","Domestic general government health expenditure (% of general government expenditure)","SH.XPD.GHED.GE.ZS","","","","","","","","","","","","","","","","","","","","","","","","","","","","","","","","","","","","","","","","","4.37257671","5.85611677","5.73206902","5.73433065","5.25588369","5.45591545","4.3672514","4.89540815","3.71940017","5.23348379","5.04135132","5.04589272","5.01686859","5.47646093","5.57020903","6.57440662","7.47301531","7.66683865","8.8366766","8.90740013","8.52460098","9.91747665","","",
"Latin America & Caribbean (excluding high income)","LAC","Domestic general government health expenditure (% of general government expenditure)","SH.XPD.GHED.GE.ZS","","","","","","","","","","","","","","","","","","","","","","","","","","","","","","","","","","","","","","","","","","","","","","","","","","","9.73649700013565","9.69747162748742","9.59510762209742","10.6464952671574","10.879042367024","11.0079175755324","10.9515392536998","11.2205515534295","10.9949552121064","11.1013671231332","11.9190417443572","12.8303030290407","","",
"Lao PDR","LAO","Domestic general government health expenditure (% of general government expenditure)","SH.XPD.GHED.GE.ZS","","","","","","","","","","","","","","","","","","","","","","","","","","","","","","","","","","","","","","","","","6.19914436","7.05502892","6.12984419","6.83480501","5.85327101","5.91417122","4.36346436","3.77503133","3.19745922","5.70376587","2.69455552","1.81748676","1.76665962","2.94007111","2.7363534","3.35080194","3.66401911","4.07695913","4.15752554","5.12380648","4.2616806","4.40575361","","",
"Lebanon","LBN","Domestic general government health expenditure (% of general government expenditure)","SH.XPD.GHED.GE.ZS","","","","","","","","","","","","","","","","","","","","","","","","","","","","","","","","","","","","","","","","","7.53721476","8.86973667","8.29187298","8.07041359","8.91796303","9.22798729","9.82933903","9.98217583","8.95981979","8.34239483","10.28593254","12.40328121","10.07938385","10.79288769","12.38764","12.66004276","13.16996193","12.02719212","11.66725445","13.74677753","17.21761131","16.70118332","","",
"Liberia","LBR","Domestic general government health expenditure (% of general government expenditure)","SH.XPD.GHED.GE.ZS","","","","","","","","","","","","","","","","","","","","","","","","","","","","","","","","","","","","","","","","","4.25491762","4.25491762","4.25491762","4.25491762","4.25491762","4.25491762","4.25491762","4.25491762","4.25491762","5.04660177","5.04660177","5.04660177","5.04660177","1.24849665","2.46118927","3.24339032","3.89701653","3.95514584","5.16622925","4.19834614","2.64845109","3.65630078","","",
"Libya","LBY","Domestic general government health expenditure (% of general government expenditure)","SH.XPD.GHED.GE.ZS","","","","","","","","","","","","","","","","","","","","","","","","","","","","","","","","","","","","","","","","","6.03982067","5.78298664","7.75643206","6.30859995","5.42119884","5.78062487","5.27548695","4.81298208","3.70079064","4.08903933","4.33412743","6.4195838","","","","","","","","","","","","",
"St. Lucia","LCA","Domestic general government health expenditure (% of general government expenditure)","SH.XPD.GHED.GE.ZS","","","","","","","","","","","","","","","","","","","","","","","","","","","","","","","","","","","","","","","","","8.08553123","8.09102249","7.76684618","7.16252851","6.86468935","6.16301298","6.3106761","6.90207386","7.21546507","7.39783144","6.98113108","6.73028851","7.28393745","8.15996075","8.1174612","8.40323257","8.51580906","8.7464056","8.52896118","8.28050327","8.60384083","8.68093491","","",
"Latin America & Caribbean","LCN","Domestic general government health expenditure (% of general government expenditure)","SH.XPD.GHED.GE.ZS","","","","","","","","","","","","","","","","","","","","","","","","","","","","","","","","","","","","","","","","","","","","","","","","","","","9.96890933575281","9.94324095868124","9.90726878426619","10.9110728579626","11.1452581658312","11.3329575935662","11.3826892094184","11.6916339411938","11.5486457958084","11.6503091109762","12.4964902910935","13.1391339147511","","",
"Least developed countries: UN classification","LDC","Domestic general government health expenditure (% of general government expenditure)","SH.XPD.GHED.GE.ZS","","","","","","","","","","","","","","","","","","","","","","","","","","","","","","","","","","","","","","","","","","","","","","","","","","","5.24212581456616","","4.52906866669917","4.5890072176573","4.73877501696473","5.09343305664937","5.53953594744945","5.49690649549393","5.46550188378857","4.77208954519191","5.52262431964884","","","",
"Low income","LIC","Domestic general government health expenditure (% of general government expenditure)","SH.XPD.GHED.GE.ZS","","","","","","","","","","","","","","","","","","","","","","","","","","","","","","","","","","","","","","","","","","","","","","","","","","","","","","","","5.33831367744598","6.18861388688842","5.38174274118941","","","","","","",
"Liechtenstein","LIE","Domestic general government health expenditure (% of general government expenditure)","SH.XPD.GHED.GE.ZS","","","","","","","","","","","","","","","","","","","","","","","","","","","","","","","","","","","","","","","","","","","","","","","","","","","","","","","","","","","","","","","","",
"Sri Lanka","LKA","Domestic general government health expenditure (% of general government expenditure)","SH.XPD.GHED.GE.ZS","","","","","","","","","","","","","","","","","","","","","","","","","","","","","","","","","","","","","","","","","10.14","9.52","10.37","10.38","11.05","10.14","9.56","9.33","8.73","7.84","7.83","7.97","8.06","10.1","9.03","8.4","8.56","7.64","9.49","9.49","9.49","9.49","","",
"Lower middle income","LMC","Domestic general government health expenditure (% of general government expenditure)","SH.XPD.GHED.GE.ZS","","","","","","","","","","","","","","","","","","","","","","","","","","","","","","","","","","","","","","","","","","","4.28276991532321","4.15659694198134","4.13089807186236","4.4061091068835","4.57581806182128","4.4505495733957","4.45773516731941","4.82837153591073","4.68096257755315","5.01775178531256","4.8237695451335","4.74178509569897","4.88687076422701","5.08560613294611","4.94616865470244","5.00041890358796","5.04127492090038","","","","","",
"Low & middle income","LMY","Domestic general government health expenditure (% of general government expenditure)","SH.XPD.GHED.GE.ZS","","","","","","","","","","","","","","","","","","","","","","","","","","","","","","","","","","","","","","","","","","","","","","","","","","","","","","","","","","","","","","","","",
"Lesotho","LSO","Domestic general government health expenditure (% of general government expenditure)","SH.XPD.GHED.GE.ZS","","","","","","","","","","","","","","","","","","","","","","","","","","","","","","","","","","","","","","","","","7.40740728","8.70134163","7.72369576","7.90368414","8.25286293","5.9978323","7.05384541","9.6424675","8.08101749","7.32304907","7.1979928","8.19887447","9.67431164","10.48774624","11.59240246","10.86027813","10.33607674","12.01213551","10.87897968","11.1432209","8.99544144","7.95045662","","",
"Late-demographic dividend","LTE","Domestic general government health expenditure (% of general government expenditure)","SH.XPD.GHED.GE.ZS","","","","","","","","","","","","","","","","","","","","","","","","","","","","","","","","","","","","","","","","","","","","","","","","","","","","","","","","","","","","","","","","",
"Lithuania","LTU","Domestic general government health expenditure (% of general government expenditure)","SH.XPD.GHED.GE.ZS","","","","","","","","","","","","","","","","","","","","","","","","","","","","","","","","","","","","","","","","","10.57","11.37","12.71","13.68","10.13","10.05","10.62","10.75","11.67","11.78","11.43","10.73","11.55","11.3","11.87","12.2","12.75","12.7","12.67","13.1","12.06","14.01","","",
"Luxembourg","LUX","Domestic general government health expenditure (% of general government expenditure)","SH.XPD.GHED.GE.ZS","","","","","","","","","","","","","","","","","","","","","","","","","","","","","","","","","","","","","","","","","12.99","14.06","13.59","13.47","14.09","13.8","14.12","14.06","14.4","14.12","13.62","11.96","10.59","10.65","10.85","10.63","10.69","10.55","10.6","10.89","10.72","11.48","10.95","",
"Latvia","LVA","Domestic general government health expenditure (% of general government expenditure)","SH.XPD.GHED.GE.ZS","","","","","","","","","","","","","","","","","","","","","","","","","","","","","","","","","","","","","","","","","7.43","8.11","8.16","8.08","9.94","9.34","9.62","9.71","8.8","8.07","8.01","8.6","8.41","8.42","8.38","8.58","9.14","8.82","9.38","10.35","10.87","14.19","","",
"Macao SAR, China","MAC","Domestic general government health expenditure (% of general government expenditure)","SH.XPD.GHED.GE.ZS","","","","","","","","","","","","","","","","","","","","","","","","","","","","","","","","","","","","","","","","","","","","","","","","","","","","","","","","","","","","","","","","",
"St. Martin (French part)","MAF","Domestic general government health expenditure (% of general government expenditure)","SH.XPD.GHED.GE.ZS","","","","","","","","","","","","","","","","","","","","","","","","","","","","","","","","","","","","","","","","","","","","","","","","","","","","","","","","","","","","","","","","",
"Morocco","MAR","Domestic general government health expenditure (% of general government expenditure)","SH.XPD.GHED.GE.ZS","","","","","","","","","","","","","","","","","","","","","","","","","","","","","","","","","","","","","","","","","4.11556196","4.23062134","4.18854809","4.14071369","4.12965059","3.85011864","6.48042345","6.83441544","6.68077278","7.56513786","7.53159714","7.21933842","7.16562605","7.64631701","6.83858538","6.97614002","7.02311468","7.12353611","7.18196535","7.39498091","7.2206831","7.18068504","","",
"Monaco","MCO","Domestic general government health expenditure (% of general government expenditure)","SH.XPD.GHED.GE.ZS","","","","","","","","","","","","","","","","","","","","","","","","","","","","","","","","","","","","","","","","","14.67739677","14.25266552","15.04997349","18.3401413","17.22698593","16.81942177","16.07335281","15.54227734","16.29159355","19.1873455","19.50414658","19.10724831","19.28043365","19.62597847","17.63056183","17.21853065","17.1774044","17.30538177","17.04435158","14.49990559","12.30621147","13.64591026","","",
"Moldova","MDA","Domestic general government health expenditure (% of general government expenditure)","SH.XPD.GHED.GE.ZS","","","","","","","","","","","","","","","","","","","","","","","","","","","","","","","","","","","","","","","","","8.53","9.71","11.54","9.59","15.25","13.58","12.89","13.18","12.72","12.88","13.63","13.04","13.17","12.5","12.76","12.21","12.21","11.65","12.03","12.12","12.38","14.62","","",
"Madagascar","MDG","Domestic general government health expenditure (% of general government expenditure)","SH.XPD.GHED.GE.ZS","","","","","","","","","","","","","","","","","","","","","","","","","","","","","","","","","","","","","","","","","12.0397644","12.01517391","14.01566982","13.09897804","10.02646637","10.53517532","10.24659061","11.84111977","8.98169422","10.45279503","15.20980263","13.9367857","12.93699551","10.26806545","13.92414951","15.27427959","17.51086807","15.03208733","10.47741127","4.44415092","4.21817684","5.2659874","","",
"Maldives","MDV","Domestic general government health expenditure (% of general government expenditure)","SH.XPD.GHED.GE.ZS","","","","","","","","","","","","","","","","","","","","","","","","","","","","","","","","","","","","","","","","","8.83","9.03","8.62","8.14","9.6","7.65","8.45","11.25","17.99","15.74","13.54","11.76","14.14","15.93","16.86","18.45","19.75","21.47","17.68","17.85","18.17","18.17","","",
"Middle East & North Africa","MEA","Domestic general government health expenditure (% of general government expenditure)","SH.XPD.GHED.GE.ZS","","","","","","","","","","","","","","","","","","","","","","","","","","","","","","","","","","","","","","","","","","","","","","","","","","","","","","","","","","","","","","","","",
"Mexico","MEX","Domestic general government health expenditure (% of general government expenditure)","SH.XPD.GHED.GE.ZS","","","","","","","","","","","","","","","","","","","","","","","","","","","","","","","","","","","","","","","","","9.89962292","10.2574482","10.43169594","10.69286728","12.07247734","11.14233589","10.73126125","10.71415234","9.43475246","10.29210663","10.41032505","10.5141964","10.65864182","11.24126339","10.34577084","10.86458778","10.41155815","10.7295351","10.41115475","10.31756687","11.5203886","11.03306103","","",
"Marshall Islands","MHL","Domestic general government health expenditure (% of general government expenditure)","SH.XPD.GHED.GE.ZS","","","","","","","","","","","","","","","","","","","","","","","","","","","","","","","","","","","","","","","","","17.08904839","13.46495247","11.44648266","11.4057827","12.13918495","6.55076265","6.81855917","10.59442616","8.97921848","8.69494629","7.67356825","10.53081608","11.3954525","11.92395782","11.63656998","11.572402","12.14958191","9.67057896","12.2647419","10.50816345","8.80340576","7.94767427","","",
"Middle income","MIC","Domestic general government health expenditure (% of general government expenditure)","SH.XPD.GHED.GE.ZS","","","","","","","","","","","","","","","","","","","","","","","","","","","","","","","","","","","","","","","","","","","","","","","","","","","","","","","","","","","","","","","","",
"North Macedonia","MKD","Domestic general government health expenditure (% of general government expenditure)","SH.XPD.GHED.GE.ZS","","","","","","","","","","","","","","","","","","","","","","","","","","","","","","","","","","","","","","","","","14.71","12.2","12.39","13.76","13.83","13.47","13.4","12.85","12.54","12.19","12.51","12.74","12.43","13.93","12.67","12.78","13.05","11.83","12.41","13.56","12.83","13","","",
"Mali","MLI","Domestic general government health expenditure (% of general government expenditure)","SH.XPD.GHED.GE.ZS","","","","","","","","","","","","","","","","","","","","","","","","","","","","","","","","","","","","","","","","","6.66892862","5.74659824","5.56610441","6.78598738","7.30055523","6.45821333","5.54589081","4.63811064","3.79411221","2.92606306","3.30154061","2.94121766","2.66254425","4.12891102","4.45473289","4.39033413","5.43063307","5.13726282","5.66878557","4.83501434","5.37126255","4.96152639","","",
"Malta","MLT","Domestic general government health expenditure (% of general government expenditure)","SH.XPD.GHED.GE.ZS","","","","","","","","","","","","","","","","","","","","","","","","","","","","","","","","","","","","","","","","","11.78","11.58","13.11","12.28","13.37","14.12","14.3","13.33","12.07","12.5","12.79","12.98","13.05","14.06","13.9","14.05","15.54","15.94","15.01","15.91","15.63","16.23","","",
"Myanmar","MMR","Domestic general government health expenditure (% of general government expenditure)","SH.XPD.GHED.GE.ZS","","","","","","","","","","","","","","","","","","","","","","","","","","","","","","","","","","","","","","","","","1.36","1.41","2.6","1.88","1.92","1.29","1.91","1.43","1.32","1.44","1.35","1.65","2.32","2.71","4.47","4.98","3.05","3.62","3.45","3.28","3.23","4.39","","",
"Middle East & North Africa (excluding high income)","MNA","Domestic general government health expenditure (% of general government expenditure)","SH.XPD.GHED.GE.ZS","","","","","","","","","","","","","","","","","","","","","","","","","","","","","","","","","","","","","","","","","","","","","","","","","","","","","","","","","","","","","","","","",
"Montenegro","MNE","Domestic general government health expenditure (% of general government expenditure)","SH.XPD.GHED.GE.ZS","","","","","","","","","","","","","","","","","","","","","","","","","","","","","","","","","","","","","","","","","","","","","","","","","","","","10.73","11.61","10.69","10.98","11.63","10.92","9.73","10.53","11.52","13.13","14.4","","",
"Mongolia","MNG","Domestic general government health expenditure (% of general government expenditure)","SH.XPD.GHED.GE.ZS","","","","","","","","","","","","","","","","","","","","","","","","","","","","","","","","","","","","","","","","","12.25229073","9.948349","10.04985809","8.27774525","8.3473978","9.04945183","9.51160336","8.16387272","8.55250454","8.74871159","7.74286652","5.62042999","6.50338697","7.10638714","7.48502493","7.72666168","6.46197653","7.02317142","7.37636042","6.87808418","6.92067385","12.62561131","","",
"Northern Mariana Islands","MNP","Domestic general government health expenditure (% of general government expenditure)","SH.XPD.GHED.GE.ZS","","","","","","","","","","","","","","","","","","","","","","","","","","","","","","","","","","","","","","","","","","","","","","","","","","","","","","","","","","","","","","","","",
"Mozambique","MOZ","Domestic general government health expenditure (% of general government expenditure)","SH.XPD.GHED.GE.ZS","","","","","","","","","","","","","","","","","","","","","","","","","","","","","","","","","","","","","","","","","6.31664944","6.31664944","6.31664944","6.31664944","6.31664944","8.39700031","5.67257071","5.60290384","5.66810656","4.9652133","4.67241478","4.34422016","4.3945961","4.72615862","4.31759024","5.55443764","5.99889708","5.99591827","5.76476336","6.16966534","7.2900424","8.15276432","","",
"Mauritania","MRT","Domestic general government health expenditure (% of general government expenditure)","SH.XPD.GHED.GE.ZS","","","","","","","","","","","","","","","","","","","","","","","","","","","","","","","","","","","","","","","","","2.51425123","2.42193055","3.58240104","2.60668302","2.96115541","3.84421062","3.55967808","3.88567042","4.48034525","4.47624159","4.22304821","4.40092897","4.16698551","5.38500309","5.24069929","5.53021097","5.75632954","6.06559992","5.90707159","7.13455391","8.19834423","8.34028053","","",
"Mauritius","MUS","Domestic general government health expenditure (% of general government expenditure)","SH.XPD.GHED.GE.ZS","","","","","","","","","","","","","","","","","","","","","","","","","","","","","","","","","","","","","","","","","6.87927103","7.01589203","7.24555254","7.11917353","7.99441957","7.36270761","7.30248404","6.8428731","6.12254477","6.28173685","8.29588032","7.36220407","8.31904316","8.00718403","10.52838707","9.45841885","10.2022686","10.2022686","10.2022686","10.2022686","10.2022686","10.2022686","","",
"Malawi","MWI","Domestic general government health expenditure (% of general government expenditure)","SH.XPD.GHED.GE.ZS","","","","","","","","","","","","","","","","","","","","","","","","","","","","","","","","","","","","","","","","","7.04260349","7.04260349","7.04260349","7.6335125","4.99515104","6.03783035","5.29271793","3.54459715","6.62496853","5.23243809","5.77464294","6.77999687","5.09623861","7.15567255","8.58090496","9.72891998","9.67796707","8.18961334","8.66773891","8.66773891","6.8733201","5.75638103","","",
"Malaysia","MYS","Domestic general government health expenditure (% of general government expenditure)","SH.XPD.GHED.GE.ZS","","","","","","","","","","","","","","","","","","","","","","","","","","","","","","","","","","","","","","","","","4.57726908","4.78832054","5.03528166","5.41107655","5.62838221","5.55390263","6.5490737","6.27600908","5.93352127","5.86503458","6.31136417","6.51518965","6.54217672","6.81631851","7.82402515","8.22995281","8.26288128","8.72014713","8.45166874","8.52368259","8.68648052","10.10703659","","",
"North America","NAC","Domestic general government health expenditure (% of general government expenditure)","SH.XPD.GHED.GE.ZS","","","","","","","","","","","","","","","","","","","","","","","","","","","","","","","","","","","","","","","","","16.0362357547337","16.6331324083669","17.1125362306854","17.407006362867","17.8385764190797","17.8643972591429","18.3969895179296","18.3509354328386","18.1124134981139","18.1072646777401","18.287900893046","18.7173060511912","19.4750300449044","20.1674514143118","21.2362421719439","22.0449319321663","22.1661573926441","22.2175061946782","22.2098076811703","22.1495042816489","22.2017417434238","21.272476190688","","",
"Namibia","NAM","Domestic general government health expenditure (% of general government expenditure)","SH.XPD.GHED.GE.ZS","","","","","","","","","","","","","","","","","","","","","","","","","","","","","","","","","","","","","","","","","15.98191643","15.98191643","17.18019867","16.82404709","17.39259529","16.26776886","15.75332451","17.97894859","14.54984188","10.81812954","11.91450977","10.63667202","11.04577351","10.91460514","9.29264355","9.64580059","10.46828175","10.65234089","10.65234089","10.65234089","10.65234089","11.23579884","","",
"New Caledonia","NCL","Domestic general government health expenditure (% of general government expenditure)","SH.XPD.GHED.GE.ZS","","","","","","","","","","","","","","","","","","","","","","","","","","","","","","","","","","","","","","","","","","","","","","","","","","","","","","","","","","","","","","","","",
"Niger","NER","Domestic general government health expenditure (% of general government expenditure)","SH.XPD.GHED.GE.ZS","","","","","","","","","","","","","","","","","","","","","","","","","","","","","","","","","","","","","","","","","8.3682642","8.34352493","8.35599804","7.62989426","7.34862614","12.34742451","13.54461861","8.63178158","9.1883316","8.69414043","9.17788696","8.29973888","6.24912119","6.55533648","5.40269423","4.58634472","5.68580914","9.66281414","8.3492775","9.37940311","10.34436893","8.74735737","","",
"Nigeria","NGA","Domestic general government health expenditure (% of general government expenditure)","SH.XPD.GHED.GE.ZS","","","","","","","","","","","","","","","","","","","","","","","","","","","","","","","","","","","","","","","","","2.36681986","2.77955914","2.74149632","4.00685167","6.55428886","6.40770292","7.32234478","4.29357767","4.59404516","3.69395757","2.70293093","2.77141333","3.66798377","3.45903826","3.33638","5.33124638","4.8661375","4.44235229","3.8811214","3.75164723","4.18824244","4.0558753","","",
"Nicaragua","NIC","Domestic general government health expenditure (% of general government expenditure)","SH.XPD.GHED.GE.ZS","","","","","","","","","","","","","","","","","","","","","","","","","","","","","","","","","","","","","","","","","12.48380089","12.79048729","13.14511585","12.24404907","10.92097282","11.79316902","13.40531254","14.67852211","14.58318424","16.76971817","15.73639107","15.00097656","15.56665039","15.98526001","16.91161156","17.62554932","17.3873806","17.81918526","18.74295044","18.95825577","18.38325882","20.08607864","","",
"Netherlands","NLD","Domestic general government health expenditure (% of general government expenditure)","SH.XPD.GHED.GE.ZS","","","","","","","","","","","","","","","","","","","","","","","","","","","","","","","","","","","","","","","","","12.53","13","13.83","14.19","14.29","14.59","13.81","13.97","14.42","14.2","14.42","14.84","15.34","15.59","15.55","15.2","15.22","15.31","15.58","15.89","16.14","16.86","","",
"Norway","NOR","Domestic general government health expenditure (% of general government expenditure)","SH.XPD.GHED.GE.ZS","","","","","","","","","","","","","","","","","","","","","","","","","","","","","","","","","","","","","","","","","14.85","15.03","15.81","15.86","16.12","16.28","16.01","16.14","16.51","16.48","16.61","16.79","17.18","17.1","17.23","17.58","17.55","17.4","17.6","17.52","17.05","17.92","17.82","",
"Nepal","NPL","Domestic general government health expenditure (% of general government expenditure)","SH.XPD.GHED.GE.ZS","","","","","","","","","","","","","","","","","","","","","","","","","","","","","","","","","","","","","","","","","4.25","4.53","6.1","5.52","5.48","6.25","7.58","5.18","5.31","4.69","4.81","4.87","4.69","4.88","5.27","5.15","5.31","4.51","3.81","4.03","5.67","6.49","","",
"Nauru","NRU","Domestic general government health expenditure (% of general government expenditure)","SH.XPD.GHED.GE.ZS","","","","","","","","","","","","","","","","","","","","","","","","","","","","","","","","","","","","","","","","","23.97120094","21.97912788","19.84620094","21.32181168","21.15412903","25.3666954","26.08400536","25.44540215","13.31953335","9.25016594","10.2488699","12.48200321","8.76167297","8.07032013","10.09282684","9.8901701","10.33345985","8.25861549","10.80152702","9.19075584","8.02489281","9.13962269","","",
"New Zealand","NZL","Domestic general government health expenditure (% of general government expenditure)","SH.XPD.GHED.GE.ZS","","","","","","","","","","","","","","","","","","","","","","","","","","","","","","","","","","","","","","","","","14.70625687","15.17273903","16.27613831","16.22273254","17.0000515","17.37719727","17.93708801","18.14466286","18.35627937","18.71707535","17.601017","17.84654999","19.18159676","19.1978054","19.45869827","18.88907242","19.22705841","19.28187752","18.96351242","18.60223579","18.84697723","18.56778145","","",
"OECD members","OED","Domestic general government health expenditure (% of general government expenditure)","SH.XPD.GHED.GE.ZS","","","","","","","","","","","","","","","","","","","","","","","","","","","","","","","","","","","","","","","","","14.4613996699897","14.9947633397182","15.3131558788291","15.4769581657873","15.8029472637297","15.9580389264616","16.1888032234469","16.1590391991335","15.9411292193559","16.0212200630717","16.1343114225315","16.7687458262568","16.7936473787689","16.8570250083904","17.3362618760511","17.9405976779251","18.2094911759894","18.3101142024094","18.3310703906102","18.4463032780603","18.5207142320888","18.8065657724002","","",
"Oman","OMN","Domestic general government health expenditure (% of general government expenditure)","SH.XPD.GHED.GE.ZS","","","","","","","","","","","","","","","","","","","","","","","","","","","","","","","","","","","","","","","","","7.03079271","6.65781879","6.79020882","6.77371311","6.24249697","6.0894146","5.42304897","5.58193493","5.40967321","6.01545334","6.69591188","5.30402422","4.8770771","5.58196163","6.81304836","8.26050186","8.41111374","8.94559097","7.25043583","8.59375286","10.24410915","10.53943253","","",
"Other small states","OSS","Domestic general government health expenditure (% of general government expenditure)","SH.XPD.GHED.GE.ZS","","","","","","","","","","","","","","","","","","","","","","","","","","","","","","","","","","","","","","","","","","","","","","10.6465009161911","10.5467536163877","10.4830800861624","9.36700357786609","10.4727106381736","10.3194305841041","10.2194029701472","10.2129028890659","","10.8848980008127","11.1723909358169","11.4097766803094","11.6208666015516","11.2210417941408","12.0976309824925","12.8253325106512","","","",
"Pakistan","PAK","Domestic general government health expenditure (% of general government expenditure)","SH.XPD.GHED.GE.ZS","","","","","","","","","","","","","","","","","","","","","","","","","","","","","","","","","","","","","","","","","6.25985861","6.30668402","6.26631975","3.98045206","4.50923157","3.9776814","3.20882916","2.82065868","2.22328711","2.96312976","2.88965487","2.54317451","3.17061043","3.24930596","3.34264088","3.85042071","3.96031761","4.77192211","4.8980689","4.94922209","5.1218276","4.57438993","","",
"Panama","PAN","Domestic general government health expenditure (% of general government expenditure)","SH.XPD.GHED.GE.ZS","","","","","","","","","","","","","","","","","","","","","","","","","","","","","","","","","","","","","","","","","19.78174782","18.72884369","18.8447361","17.18168831","19.21107483","16.471035","18.54950142","22.23812294","20.08969498","20.5123024","19.39173889","18.09329414","17.16231537","17.5814743","18.86981583","19.75140762","20.32551575","20.63718033","19.895504","21.9387722","20.47894859","21.6643219","","",
"Peru","PER","Domestic general government health expenditure (% of general government expenditure)","SH.XPD.GHED.GE.ZS","","","","","","","","","","","","","","","","","","","","","","","","","","","","","","","","","","","","","","","","","10.76997662","11.82719135","12.83902931","11.61278057","11.77831268","12.59052753","11.56504345","11.58631802","10.99339104","11.71114254","11.67981148","11.70453548","12.2468853","12.33227062","13.10731888","13.53264713","14.60005569","14.38887024","14.91506672","15.40143871","16.10490227","16.94242287","","",
"Philippines","PHL","Domestic general government health expenditure (% of general government expenditure)","SH.XPD.GHED.GE.ZS","","","","","","","","","","","","","","","","","","","","","","","","","","","","","","","","","","","","","","","","","6.52","5.5","4.75","5.46","5.62","6.61","6.63","6.46","6.51","6.64","7.18","6.19","6.06","6.29","7.29","8.14","7.72","7.62","7.35","7.8","9","8.46","7.96","",
"Palau","PLW","Domestic general government health expenditure (% of general government expenditure)","SH.XPD.GHED.GE.ZS","","","","","","","","","","","","","","","","","","","","","","","","","","","","","","","","","","","","","","","","","8.19429779","7.97266722","7.39075327","8.38488197","8.50177288","8.73087025","7.98250914","6.94343662","6.87531042","9.42625618","10.1240797","11.67538452","12.862463","14.23330784","15.25322628","15.64948845","15.54785919","17.52229691","17.15700912","16.19919205","11.09581566","11.09581375","","",
"Papua New Guinea","PNG","Domestic general government health expenditure (% of general government expenditure)","SH.XPD.GHED.GE.ZS","","","","","","","","","","","","","","","","","","","","","","","","","","","","","","","","","","","","","","","","","8.31666756","7.733428","8.47603893","7.63461208","8.74625015","7.8258791","8.3770504","9.06886101","7.66453409","6.31518459","7.0693121","7.60423183","8.12861252","7.1877017","7.47008181","6.0310936","8.04091835","9.15498066","7.94931364","6.53682137","6.7297945","5.32512045","","",
"Poland","POL","Domestic general government health expenditure (% of general government expenditure)","SH.XPD.GHED.GE.ZS","","","","","","","","","","","","","","","","","","","","","","","","","","","","","","","","","","","","","","","","","8.38","8.89","9.39","8.95","9.11","9","9","9.54","10.28","10.5","9.98","10.05","10.07","10.49","10.48","10.64","10.95","10.94","10.83","11.01","9.68","10.53","","",
"Pre-demographic dividend","PRE","Domestic general government health expenditure (% of general government expenditure)","SH.XPD.GHED.GE.ZS","","","","","","","","","","","","","","","","","","","","","","","","","","","","","","","","","","","","","","","","","","","","","","","","","","","","","","","","","","","","","","","","",
"Puerto Rico","PRI","Domestic general government health expenditure (% of general government expenditure)","SH.XPD.GHED.GE.ZS","","","","","","","","","","","","","","","","","","","","","","","","","","","","","","","","","","","","","","","","","","","","","","","","","","","","","","","","","","","","","","","","",
"Korea, Dem. People's Rep.","PRK","Domestic general government health expenditure (% of general government expenditure)","SH.XPD.GHED.GE.ZS","","","","","","","","","","","","","","","","","","","","","","","","","","","","","","","","","","","","","","","","","","","","","","","","","","","","","","","","","","","","","","","","",
"Portugal","PRT","Domestic general government health expenditure (% of general government expenditure)","SH.XPD.GHED.GE.ZS","","","","","","","","","","","","","","","","","","","","","","","","","","","","","","","","","","","","","","","","","14.06","13.72","14.46","14.2","14.55","14.64","13.12","13.03","13.21","12.87","12.86","12.55","12.1","11.73","11.15","11.91","12.9","12.54","13.31","13.62","13.76","14.72","","",
"Paraguay","PRY","Domestic general government health expenditure (% of general government expenditure)","SH.XPD.GHED.GE.ZS","","","","","","","","","","","","","","","","","","","","","","","","","","","","","","","","","","","","","","","","","11.68769646","10.09035778","8.15411377","10.06809902","10.14273834","10.693326","11.5690403","12.30752563","12.63935471","13.95400047","14.43147469","15.52885437","16.23117638","15.01782322","17.60104179","15.43095875","16.17967224","15.54497337","14.71026611","14.45384312","15.98799038","18.00886726","","",
"West Bank and Gaza","PSE","Domestic general government health expenditure (% of general government expenditure)","SH.XPD.GHED.GE.ZS","","","","","","","","","","","","","","","","","","","","","","","","","","","","","","","","","","","","","","","","","","","","","","","","","","","","","","","","","","","","","","","","",
"Pacific island small states","PSS","Domestic general government health expenditure (% of general government expenditure)","SH.XPD.GHED.GE.ZS","","","","","","","","","","","","","","","","","","","","","","","","","","","","","","","","","","","","","","","","","","","","","","","","","","","","8.15585974107658","8.62642788565799","8.78117557098882","8.20095234599423","8.36669974356523","8.06245811250221","8.32843509859723","8.76806815593078","9.13902494532501","9.41263840956391","9.43861184343606","","",
"Post-demographic dividend","PST","Domestic general government health expenditure (% of general government expenditure)","SH.XPD.GHED.GE.ZS","","","","","","","","","","","","","","","","","","","","","","","","","","","","","","","","","","","","","","","","","14.619454941778","15.0790459903026","15.4032499906908","15.5503038308287","15.8575260150769","16.0274169731853","16.2680007669988","16.2282897284232","16.0902300619178","16.2750827638141","16.5235303652662","17.1431323758925","17.156380336952","17.2353721848236","17.790108307545","18.4229254428251","18.7074981786515","18.8247159187223","18.8591090023302","18.9804236862562","18.8857230094752","19.2130566551673","","",
"French Polynesia","PYF","Domestic general government health expenditure (% of general government expenditure)","SH.XPD.GHED.GE.ZS","","","","","","","","","","","","","","","","","","","","","","","","","","","","","","","","","","","","","","","","","","","","","","","","","","","","","","","","","","","","","","","","",
"Qatar","QAT","Domestic general government health expenditure (% of general government expenditure)","SH.XPD.GHED.GE.ZS","","","","","","","","","","","","","","","","","","","","","","","","","","","","","","","","","","","","","","","","","3.94152761","4.55468082","4.90160227","9.21753025","7.97813177","6.62295008","5.79555845","5.25385904","5.19438267","4.64607239","4.149333","4.12907839","4.46552658","6.17656279","6.50387287","8.28593731","7.58855581","7.82535124","8.67802334","8.38503265","9.53888798","8.38973713","","",
"Romania","ROU","Domestic general government health expenditure (% of general government expenditure)","SH.XPD.GHED.GE.ZS","","","","","","","","","","","","","","","","","","","","","","","","","","","","","","","","","","","","","","","","","8.66","9.61","10.55","13","11.96","13.16","11.28","10.9","10.79","10.4","11.41","8.81","9.58","11.47","11.19","10.7","11.35","12.14","12.75","12.73","12","12.32","","",
"Russian Federation","RUS","Domestic general government health expenditure (% of general government expenditure)","SH.XPD.GHED.GE.ZS","","","","","","","","","","","","","","","","","","","","","","","","","","","","","","","","","","","","","","","","","9.72","9.67","9.52","9.2","9.44","9.9","10.13","9.22","9.59","9.08","8.59","9.03","9.24","9.15","9.16","8.82","8.23","8.78","9.76","10.2","13.82","15.12","","",
"Rwanda","RWA","Domestic general government health expenditure (% of general government expenditure)","SH.XPD.GHED.GE.ZS","","","","","","","","","","","","","","","","","","","","","","","","","","","","","","","","","","","","","","","","","3.54361153","3.66130519","3.70572662","12.45489502","10.78895473","8.09271908","7.20270061","7.79290724","8.0763216","8.43024445","8.55642414","8.90067959","8.36301804","8.30411816","7.98190641","7.9149456","8.88277149","8.88277149","8.88277149","8.92867947","9.0438261","9.47249985","","",
"South Asia","SAS","Domestic general government health expenditure (% of general government expenditure)","SH.XPD.GHED.GE.ZS","","","","","","","","","","","","","","","","","","","","","","","","","","","","","","","","","","","","","","","","","3.82315459915309","3.24694275668399","3.18633770697668","3.07720489457624","3.09258702170826","3.27928635411557","3.2328192680511","3.10220342764558","3.08901038862292","3.35012246462512","3.31889709301076","3.56795756805764","3.57268100135055","3.45330041645108","3.48569829262743","3.62361804649816","3.64685203018293","3.83468227043155","3.90353032204436","","","","","",
"Saudi Arabia","SAU","Domestic general government health expenditure (% of general government expenditure)","SH.XPD.GHED.GE.ZS","","","","","","","","","","","","","","","","","","","","","","","","","","","","","","","","","","","","","","","","","9.1586647","8.7618742","8.5682354","8.69626904","8.23897934","8.80391121","9.68641186","8.51324272","7.08181906","7.5224123","6.84370041","7.57989597","8.25906754","8.74786663","9.27807522","10.06429672","12.60635757","13.51315784","11.04889965","11.97922897","13.31901741","14.40493202","","",
"Sudan","SDN","Domestic general government health expenditure (% of general government expenditure)","SH.XPD.GHED.GE.ZS","","","","","","","","","","","","","","","","","","","","","","","","","","","","","","","","","","","","","","","","","11.77479267","11.36873627","10.70719147","10.07152081","9.52674675","8.09948635","9.4422226","10.46531487","8.78631306","14.01954556","9.48801804","7.03567696","9.06086254","7.5176096","10.61807156","6.66369581","12.92873669","8.32499409","6.17103291","5.56284285","9.58832169","7.86141205","","",
"Senegal","SEN","Domestic general government health expenditure (% of general government expenditure)","SH.XPD.GHED.GE.ZS","","","","","","","","","","","","","","","","","","","","","","","","","","","","","","","","","","","","","","","","","8.95994949","9.01053238","8.63635921","9.04788303","8.9669714","8.54413509","8.2667284","5.94807863","6.62481499","6.66027403","5.35332537","5.62811661","5.30755901","5.299932","4.67551136","4.69870329","4.45693302","4.49900484","4.96151876","4.37201738","6.48109436","4.37001896","","",
"Singapore","SGP","Domestic general government health expenditure (% of general government expenditure)","SH.XPD.GHED.GE.ZS","","","","","","","","","","","","","","","","","","","","","","","","","","","","","","","","","","","","","","","","","7.39189529","4.87020969","6.54224348","8.32677841","7.12897968","7.88790894","7.84840441","10.34652805","8.65292072","7.14675617","10.94287872","11.97459507","13.21419811","13.96146393","13.65520763","13.53679276","13.29581738","15.28181934","14.53986549","16.24830246","13.85786724","20.8120079","","",
"Solomon Islands","SLB","Domestic general government health expenditure (% of general government expenditure)","SH.XPD.GHED.GE.ZS","","","","","","","","","","","","","","","","","","","","","","","","","","","","","","","","","","","","","","","","","21.78247643","25.83412743","32.32431412","24.23223686","21.11802673","23.7696476","18.01275253","13.02618885","9.07382584","7.73368168","7.0789175","7.42500019","7.86222982","7.63713312","8.34682465","8.34106731","8.14615917","8.28603458","9.09770584","9.66636658","10.83963108","10.53946018","","",
"Sierra Leone","SLE","Domestic general government health expenditure (% of general government expenditure)","SH.XPD.GHED.GE.ZS","","","","","","","","","","","","","","","","","","","","","","","","","","","","","","","","","","","","","","","","","5.45097542","5.45097542","5.45097542","5.45097542","5.45097542","5.45097542","5.45097542","5.45097542","4.41303635","5.60554171","6.5142417","5.35433006","4.75321102","5.15012884","7.57988453","6.20521784","4.44511318","3.63211203","3.59921885","5.84172201","5.30239677","6.8514905","","",
"El Salvador","SLV","Domestic general government health expenditure (% of general government expenditure)","SH.XPD.GHED.GE.ZS","","","","","","","","","","","","","","","","","","","","","","","","","","","","","","","","","","","","","","","","","18.81376648","17.68815994","17.78228951","17.40150833","18.68697929","18.93865585","19.30836487","17.98424721","16.65882492","15.81473637","17.08551788","18.98602867","16.2677002","16.71699905","16.9780407","17.73853302","17.65205383","16.50709915","16.6670742","17.32847404","17.77261543","19.99817276","","",
"San Marino","SMR","Domestic general government health expenditure (% of general government expenditure)","SH.XPD.GHED.GE.ZS","","","","","","","","","","","","","","","","","","","","","","","","","","","","","","","","","","","","","","","","","","19.72222137","19.72222137","19.72222137","19.72222137","19.72222137","19.72222137","19.72222137","19.72222137","20.10869598","21.96531868","28.19811058","26.05867577","24.33996773","30.79091644","27.73473549","31.49183083","28.2982235","29.98806953","32.23926163","12.86369801","17.85217285","","",
"Somalia","SOM","Domestic general government health expenditure (% of general government expenditure)","SH.XPD.GHED.GE.ZS","","","","","","","","","","","","","","","","","","","","","","","","","","","","","","","","","","","","","","","","","","","","","","","","","","","","","","","","","","","","","","","","",
"Serbia","SRB","Domestic general government health expenditure (% of general government expenditure)","SH.XPD.GHED.GE.ZS","","","","","","","","","","","","","","","","","","","","","","","","","","","","","","","","","","","","","","","","","13.56817055","13.56817055","13.56817055","13.56351852","13.70559883","13.61884022","12.53220367","13.55892181","13.7255249","13.46972656","13.56146622","13.37896156","12.83907032","13.17477703","12.02126503","11.91801167","11.64864445","11.78833294","12.44849491","12.03067684","10.999547","13.44525528","","",
"Sub-Saharan Africa (excluding high income)","SSA","Domestic general government health expenditure (% of general government expenditure)","SH.XPD.GHED.GE.ZS","","","","","","","","","","","","","","","","","","","","","","","","","","","","","","","","","","","","","","","","","","","","","","","","","","","","","","","","10.7210343886955","10.8886392110822","11.1017062928248","","","","","","",
"South Sudan","SSD","Domestic general government health expenditure (% of general government expenditure)","SH.XPD.GHED.GE.ZS","","","","","","","","","","","","","","","","","","","","","","","","","","","","","","","","","","","","","","","","","","","","","","","","","","","","","","","","","","2.10620522","2.10620522","2.10620522","2.10620522","2.10620522","","",
"Sub-Saharan Africa","SSF","Domestic general government health expenditure (% of general government expenditure)","SH.XPD.GHED.GE.ZS","","","","","","","","","","","","","","","","","","","","","","","","","","","","","","","","","","","","","","","","","","","","","","","","","","","","","","","","10.7198150348646","10.8855442795446","11.0997414935354","","","","","","",
"Small states","SST","Domestic general government health expenditure (% of general government expenditure)","SH.XPD.GHED.GE.ZS","","","","","","","","","","","","","","","","","","","","","","","","","","","","","","","","","","","","","","","","","","","","","","","","","","","10.4439522455246","10.2643109978784","10.3642570052135","","10.7942104128646","10.9490031055123","11.235630818543","11.5932348354871","11.2478405358333","12.0543443017801","12.735201255514","","","",
"Sao Tome and Principe","STP","Domestic general government health expenditure (% of general government expenditure)","SH.XPD.GHED.GE.ZS","","","","","","","","","","","","","","","","","","","","","","","","","","","","","","","","","","","","","","","","","32.40078735","6.99105072","8.49531746","13.47108746","10.30387211","12.81745815","1.648422","4.27544117","4.01797581","3.2723732","4.10028458","4.30936193","4.56686974","8.44008923","7.77581406","4.93684149","8.00215721","10.76263237","9.38566875","9.77780437","12.80399513","13.14262199","","",
"Suriname","SUR","Domestic general government health expenditure (% of general government expenditure)","SH.XPD.GHED.GE.ZS","","","","","","","","","","","","","","","","","","","","","","","","","","","","","","","","","","","","","","","","","11.64874554","8.51552677","11.07381153","11.15236187","11.67535591","10.63834286","12.23231316","11.44394779","10.23190498","9.52487564","9.46824646","8.51203823","6.59049845","7.03142166","6.89829826","10.85628891","13.70886993","11.39440918","17.44913864","15.73063564","14.77336597","10.02242661","","",
"Slovak Republic","SVK","Domestic general government health expenditure (% of general government expenditure)","SH.XPD.GHED.GE.ZS","","","","","","","","","","","","","","","","","","","","","","","","","","","","","","","","","","","","","","","","","8.79","10.37","10.66","11.74","13.23","12.46","12.29","13.56","14.05","12.82","12.92","12.73","13.04","12.94","12.63","11.69","13.33","13.52","13.31","13.46","12.78","13.56","","",
"Slovenia","SVN","Domestic general government health expenditure (% of general government expenditure)","SH.XPD.GHED.GE.ZS","","","","","","","","","","","","","","","","","","","","","","","","","","","","","","","","","","","","","","","","","11.72","11.41","12.29","12.36","12.26","12.45","12.32","12.15","12.58","12.46","12.35","12.13","12.51","10.2","11.79","12.45","13.25","13.33","13.79","14.17","13.32","14.01","","",
"Sweden","SWE","Domestic general government health expenditure (% of general government expenditure)","SH.XPD.GHED.GE.ZS","","","","","","","","","","","","","","","","","","","","","","","","","","","","","","","","","","","","","","","","","11.67","12.36","12.64","12.85","12.81","12.83","12.98","13.38","13.54","13.81","13.6","17.67","17.73","17.74","18.14","18.39","18.39","18.56","18.61","18.77","18.76","19.55","","",
"Eswatini","SWZ","Domestic general government health expenditure (% of general government expenditure)","SH.XPD.GHED.GE.ZS","","","","","","","","","","","","","","","","","","","","","","","","","","","","","","","","","","","","","","","","","9.79427242","9.28485775","9.1893816","11.39668179","9.74261189","12.61231613","12.62098312","12.37345791","13.34263515","13.33174038","13.75653362","14.27736378","12.65477371","11.66008472","8.53680229","8.58170605","8.21678448","9.96829319","8.21513176","11.2335701","10.39384365","12.30096912","","",
"Sint Maarten (Dutch part)","SXM","Domestic general government health expenditure (% of general government expenditure)","SH.XPD.GHED.GE.ZS","","","","","","","","","","","","","","","","","","","","","","","","","","","","","","","","","","","","","","","","","","","","","","","","","","","","","","","","","","","","","","","","",
"Seychelles","SYC","Domestic general government health expenditure (% of general government expenditure)","SH.XPD.GHED.GE.ZS","","","","","","","","","","","","","","","","","","","","","","","","","","","","","","","","","","","","","","","","","6.83102226","8.02577591","6.45610762","9.28865337","9.5548315","9.28934002","7.90729713","7.26253414","8.90184402","7.43247128","8.98343086","8.29314232","10.41374016","8.48182392","9.73483181","10.03016472","9.50185108","10.13922024","10.17943954","10.17943954","10.17943954","10.17943954","","",
"Syrian Arab Republic","SYR","Domestic general government health expenditure (% of general government expenditure)","SH.XPD.GHED.GE.ZS","","","","","","","","","","","","","","","","","","","","","","","","","","","","","","","","","","","","","","","","","5.64728546","6.64888716","7.21175766","7.51466179","6.81887627","7.34346199","6.73750305","6.85482645","6.83824778","5.95036459","5.12483168","3.73561525","4.47145319","","","","","","","","","","","",
"Turks and Caicos Islands","TCA","Domestic general government health expenditure (% of general government expenditure)","SH.XPD.GHED.GE.ZS","","","","","","","","","","","","","","","","","","","","","","","","","","","","","","","","","","","","","","","","","","","","","","","","","","","","","","","","","","","","","","","","",
"Chad","TCD","Domestic general government health expenditure (% of general government expenditure)","SH.XPD.GHED.GE.ZS","","","","","","","","","","","","","","","","","","","","","","","","","","","","","","","","","","","","","","","","","11.39879036","11.86877728","11.72442722","8.9815588","15.0313797","12.42341423","7.14463902","5.99494457","4.2314992","3.83673191","3.49792719","3.68802667","3.96469712","5.03679276","5.54861546","5.24520254","5.72502089","4.67839575","4.87230015","4.87230015","4.87230015","4.87230015","","",
"East Asia & Pacific (IDA & IBRD countries)","TEA","Domestic general government health expenditure (% of general government expenditure)","SH.XPD.GHED.GE.ZS","","","","","","","","","","","","","","","","","","","","","","","","","","","","","","","","","","","","","","","","","","","","","","","","","","","","","","","","","","","","","","","","",
"Europe & Central Asia (IDA & IBRD countries)","TEC","Domestic general government health expenditure (% of general government expenditure)","SH.XPD.GHED.GE.ZS","","","","","","","","","","","","","","","","","","","","","","","","","","","","","","","","","","","","","","","","","","","","9.56048358351317","9.57114869322142","10.0345553366105","9.96192264080007","9.52510406241099","9.95447528269963","10.0193714217937","9.60741255470799","9.65479029565262","9.57707381772388","9.58474380002337","9.65780982830963","9.52158560209836","9.5592220392622","9.68204741338467","9.98945665553437","10.1696958062424","11.5307741917431","12.6234937899098","","",
"Togo","TGO","Domestic general government health expenditure (% of general government expenditure)","SH.XPD.GHED.GE.ZS","","","","","","","","","","","","","","","","","","","","","","","","","","","","","","","","","","","","","","","","","2.44484162","2.99478221","4.05133438","4.24208784","4.20555353","3.80081558","3.83191919","4.34495354","4.84371662","4.77685833","7.44585991","5.66925287","6.10906744","4.68965626","4.55810213","4.03825331","4.25863695","6.45040607","5.4890213","5.38174009","3.85122466","2.56088448","","",
"Thailand","THA","Domestic general government health expenditure (% of general government expenditure)","SH.XPD.GHED.GE.ZS","","","","","","","","","","","","","","","","","","","","","","","","","","","","","","","","","","","","","","","","","9.24875259","8.37690735","8.71551132","11.45679474","10.7134676","10.5017271","12.11568642","12.38446522","13.49731636","12.45869255","11.56414127","12.84227848","12.64099789","12.16349411","12.66283321","12.53229141","13.58405399","13.10159683","13.00497055","12.50755787","11.93321323","13.46591473","","",
"Tajikistan","TJK","Domestic general government health expenditure (% of general government expenditure)","SH.XPD.GHED.GE.ZS","","","","","","","","","","","","","","","","","","","","","","","","","","","","","","","","","","","","","","","","","4.62","4.76","4.21","4.03","4.41","4.3","4.27","5.33","6.74","4.57","4.52","5.43","6.55","6.83","7.54","6.41","5.14","5.88","6.14","6.58","7.38","7.02","","",
"Turkmenistan","TKM","Domestic general government health expenditure (% of general government expenditure)","SH.XPD.GHED.GE.ZS","","","","","","","","","","","","","","","","","","","","","","","","","","","","","","","","","","","","","","","","","13.33598137","13.35963154","13.47213745","13.99738979","12.82281208","10.27287388","10.33549213","10.32131672","8.7096386","8.7062273","8.7116909","8.70032692","8.70549202","8.70965767","8.71374321","8.71145439","8.7136755","8.71392441","8.71407223","8.71422386","8.70857811","8.68343639","","",
"Latin America & the Caribbean (IDA & IBRD countries)","TLA","Domestic general government health expenditure (% of general government expenditure)","SH.XPD.GHED.GE.ZS","","","","","","","","","","","","","","","","","","","","","","","","","","","","","","","","","","","","","","","","","","","","","","","","","","","9.96043185405312","9.93767757467752","9.90091215429138","10.9070201977","11.141477456155","11.3306810091576","11.3778332867262","11.6838503550822","11.5419436464782","11.6436958751062","12.4897923836773","13.1375907192333","","",
"Timor-Leste","TLS","Domestic general government health expenditure (% of general government expenditure)","SH.XPD.GHED.GE.ZS","","","","","","","","","","","","","","","","","","","","","","","","","","","","","","","","","","","","","","","","","","","","1.62494636","2.25405741","3.63453341","4.0001564","1.27376139","2.77694035","2.66319609","2.71049976","2.67680979","3.20640516","4.62444115","3.71855545","4.50545216","3.0717392","5.14604425","4.62115145","4.19340992","6.59020758","6.97073126","","",
"Middle East & North Africa (IDA & IBRD countries)","TMN","Domestic general government health expenditure (% of general government expenditure)","SH.XPD.GHED.GE.ZS","","","","","","","","","","","","","","","","","","","","","","","","","","","","","","","","","","","","","","","","","","","","","","","","","","","","","","","","","","","","","","","","",
"Tonga","TON","Domestic general government health expenditure (% of general government expenditure)","SH.XPD.GHED.GE.ZS","","","","","","","","","","","","","","","","","","","","","","","","","","","","","","","","","","","","","","","","","11.41306496","12.73616314","12.1376667","12.0887661","12.73838425","13.10979271","11.15502167","13.68093872","12.08120918","12.71696186","10.06633854","8.39936638","8.68541527","8.10862732","9.17687607","7.38243437","8.03124809","7.32402325","8.06625938","7.5142417","7.88109159","7.34476376","","",
"South Asia (IDA & IBRD)","TSA","Domestic general government health expenditure (% of general government expenditure)","SH.XPD.GHED.GE.ZS","","","","","","","","","","","","","","","","","","","","","","","","","","","","","","","","","","","","","","","","","3.82315459915309","3.24694275668399","3.18633770697668","3.07720489457624","3.09258702170826","3.27928635411557","3.2328192680511","3.10220342764558","3.08901038862292","3.35012246462512","3.31889709301076","3.56795756805764","3.57268100135055","3.45330041645108","3.48569829262743","3.62361804649816","3.64685203018293","3.83468227043155","3.90353032204436","","","","","",
"Sub-Saharan Africa (IDA & IBRD countries)","TSS","Domestic general government health expenditure (% of general government expenditure)","SH.XPD.GHED.GE.ZS","","","","","","","","","","","","","","","","","","","","","","","","","","","","","","","","","","","","","","","","","","","","","","","","","","","","","","","","10.7198150348646","10.8855442795446","11.0997414935354","","","","","","",
"Trinidad and Tobago","TTO","Domestic general government health expenditure (% of general government expenditure)","SH.XPD.GHED.GE.ZS","","","","","","","","","","","","","","","","","","","","","","","","","","","","","","","","","","","","","","","","","6.78572941","7.02246428","8.04972553","8.5635004","8.26660061","8.02571201","5.90168571","7.45142078","6.55431318","7.05066872","8.04406071","8.00888062","7.65985489","7.89306974","7.47479582","8.30910397","10.17098999","11.17306709","10.66987896","10.23995018","9.56479168","11.07291508","","",
"Tunisia","TUN","Domestic general government health expenditure (% of general government expenditure)","SH.XPD.GHED.GE.ZS","","","","","","","","","","","","","","","","","","","","","","","","","","","","","","","","","","","","","","","","","10.54292107","10.57568169","10.98641014","11.40784454","11.54679012","11.35010338","11.73456955","11.84733677","11.84145737","12.0754261","13.03182125","12.38613319","12.63853073","12.49827194","13.54343796","12.1791687","12.51434994","11.56119919","10.78317261","12.07894421","12.49465275","12.39702702","","",
"Turkiye","TUR","Domestic general government health expenditure (% of general government expenditure)","SH.XPD.GHED.GE.ZS","","","","","","","","","","","","","","","","","","","","","","","","","","","","","","","","","","","","","","","","","7.19","7.46","8.64","9.29","10.19","10.32","10.41","10.77","11.09","11.67","10.92","11.12","10.3","10.09","10.15","9.69","9.65","9.74","9.22","9.5","10.71","11.53","","",
"Tuvalu","TUV","Domestic general government health expenditure (% of general government expenditure)","SH.XPD.GHED.GE.ZS","","","","","","","","","","","","","","","","","","","","","","","","","","","","","","","","","","","","","","","","","11.93384361","11.4551363","11.25467587","12.85530472","11.935709","11.57466888","9.88550949","10.70711422","11.082201","10.03053665","13.99229622","15.06519794","15.51164532","12.36105442","12.67068005","8.71861744","12.99326706","17.95534515","12.26143551","15.21772289","12.10449028","8.19717598","","",
"Tanzania","TZA","Domestic general government health expenditure (% of general government expenditure)","SH.XPD.GHED.GE.ZS","","","","","","","","","","","","","","","","","","","","","","","","","","","","","","","","","","","","","","","","","6.05200052","8.79931068","9.78842449","9.70851707","11.55348301","12.6199131","13.50882816","10.88657188","12.48550034","7.58396149","7.32137966","6.76211929","6.00571394","6.30686235","6.93784666","7.33062935","9.52143383","9.52143383","9.41473198","9.43801022","4.94000149","5.13516998","","",
"Uganda","UGA","Domestic general government health expenditure (% of general government expenditure)","SH.XPD.GHED.GE.ZS","","","","","","","","","","","","","","","","","","","","","","","","","","","","","","","","","","","","","","","","","8.33055115","8.33055115","8.74788189","8.94947052","8.76694775","7.13494539","7.16084242","7.79203367","7.2500844","7.03202295","7.11343718","6.89700985","7.05044317","7.32427549","7.00898075","5.08453417","5.17819309","3.92163825","4.16811514","3.13882995","4.39518547","4.88157225","","",
"Ukraine","UKR","Domestic general government health expenditure (% of general government expenditure)","SH.XPD.GHED.GE.ZS","","","","","","","","","","","","","","","","","","","","","","","","","","","","","","","","","","","","","","","","","7.08","7.63","8.11","9.39","8.18","8.43","8.7","8.16","6.78","7.92","7.5","7.49","7.64","6.94","7.72","8.57","8.94","8.45","8.35","7.66","8.17","10.15","","",
"Upper middle income","UMC","Domestic general government health expenditure (% of general government expenditure)","SH.XPD.GHED.GE.ZS","","","","","","","","","","","","","","","","","","","","","","","","","","","","","","","","","","","","","","","","","","","","","","","","","","","","","","","","","","","","","","","","",
"Uruguay","URY","Domestic general government health expenditure (% of general government expenditure)","SH.XPD.GHED.GE.ZS","","","","","","","","","","","","","","","","","","","","","","","","","","","","","","","","","","","","","","","","","14.3447504","15.75048256","16.74390793","18.08441544","16.24844742","13.28085995","13.70522308","13.53648949","17.32947922","17.27192497","17.25056648","18.4862957","18.63942528","18.63327599","18.82110596","19.92226028","20.24422646","20.31971931","20.27462959","20.12856865","19.95423317","22.41956139","","",
"United States","USA","Domestic general government health expenditure (% of general government expenditure)","SH.XPD.GHED.GE.ZS","","","","","","","","","","","","","","","","","","","","","","","","","","","","","","","","","","","","","","","","","16.16093826","16.76002693","17.21998787","17.50525284","17.92674637","17.94121552","18.57398415","18.49798965","18.20108986","18.19150543","18.39227295","18.8483696","19.63227844","20.36190605","21.47749138","22.32148743","22.45710564","22.54361153","22.53722572","22.45334816","22.6003418","21.40855026","","",
"Uzbekistan","UZB","Domestic general government health expenditure (% of general government expenditure)","SH.XPD.GHED.GE.ZS","","","","","","","","","","","","","","","","","","","","","","","","","","","","","","","","","","","","","","","","","6.11","6.64","5.58","6.01","6.14","6.47","7.8","7.24","7.23","7.27","8.04","8.83","9.76","9.52","9.3","9.6","8.82","8.98","7.77","8.28","10.79","9.9","","",
"St. Vincent and the Grenadines","VCT","Domestic general government health expenditure (% of general government expenditure)","SH.XPD.GHED.GE.ZS","","","","","","","","","","","","","","","","","","","","","","","","","","","","","","","","","","","","","","","","","11.68052864","11.23740292","10.86500263","10.12181568","9.93319798","9.00889111","8.33322239","7.85957575","8.15413094","8.06542397","8.20729446","8.15968227","10.48249531","9.07220364","8.32666492","9.15348911","9.55696583","9.49496841","10.41451931","9.70451736","9.80070972","9.59803391","","",
"Venezuela, RB","VEN","Domestic general government health expenditure (% of general government expenditure)","SH.XPD.GHED.GE.ZS","","","","","","","","","","","","","","","","","","","","","","","","","","","","","","","","","","","","","","","","","","","","","","","","","","","","","","","","","","","1.69755101","1.80699074","6.8585763","5.45644379","","",
"British Virgin Islands","VGB","Domestic general government health expenditure (% of general government expenditure)","SH.XPD.GHED.GE.ZS","","","","","","","","","","","","","","","","","","","","","","","","","","","","","","","","","","","","","","","","","","","","","","","","","","","","","","","","","","","","","","","","",
"Virgin Islands (U.S.)","VIR","Domestic general government health expenditure (% of general government expenditure)","SH.XPD.GHED.GE.ZS","","","","","","","","","","","","","","","","","","","","","","","","","","","","","","","","","","","","","","","","","","","","","","","","","","","","","","","","","","","","","","","","",
"Viet Nam","VNM","Domestic general government health expenditure (% of general government expenditure)","SH.XPD.GHED.GE.ZS","","","","","","","","","","","","","","","","","","","","","","","","","","","","","","","","","","","","","","","","","9.4822588","8.20207787","8.61995983","7.16033077","8.6892519","8.66923904","8.76698685","7.93691111","8.12048721","6.85301065","8.6057291","9.1072073","9.5150404","8.16121387","9.12324142","8.49385166","9.59658623","10.09323883","10.21770763","10.19859123","8.42611885","8.96954346","","",
"Vanuatu","VUT","Domestic general government health expenditure (% of general government expenditure)","SH.XPD.GHED.GE.ZS","","","","","","","","","","","","","","","","","","","","","","","","","","","","","","","","","","","","","","","","","9.70482826","11.26528454","11.74639893","13.21412563","12.55610371","11.6995182","10.6744833","9.90409565","8.17907619","7.26793289","6.84814739","9.3939743","9.40487003","9.8027153","2.51647544","4.76082087","3.66174603","3.96155763","6.43678188","4.78259563","5.92999649","2.77639413","","",
"World","WLD","Domestic general government health expenditure (% of general government expenditure)","SH.XPD.GHED.GE.ZS","","","","","","","","","","","","","","","","","","","","","","","","","","","","","","","","","","","","","","","","","","","","","","","","","","","","","","","","15.9013522390428","16.2343629081663","16.2259632839762","","","","","","",
"Samoa","WSM","Domestic general government health expenditure (% of general government expenditure)","SH.XPD.GHED.GE.ZS","","","","","","","","","","","","","","","","","","","","","","","","","","","","","","","","","","","","","","","","","11.796875","10.39145947","11.10032368","9.87378597","11.03975582","10.4049387","12.41772175","10.55648518","12.51867199","12.67088604","13.22879696","10.89130402","11.64214039","13.10714245","12.83639145","14.78196716","13.91873932","12.70129871","12.32248497","13.58629799","15.42377663","14.74900436","","",
"Kosovo","XKX","Domestic general government health expenditure (% of general government expenditure)","SH.XPD.GHED.GE.ZS","","","","","","","","","","","","","","","","","","","","","","","","","","","","","","","","","","","","","","","","","","","","","","","","","","","","","","","","","","","","","","","","",
"Yemen, Rep.","YEM","Domestic general government health expenditure (% of general government expenditure)","SH.XPD.GHED.GE.ZS","","","","","","","","","","","","","","","","","","","","","","","","","","","","","","","","","","","","","","","","","7.48521662","8.12738132","7.57236004","6.80722618","5.71684551","4.50115108","4.35058546","3.87601113","3.88588715","3.71630144","3.84780169","3.65991807","3.42734075","3.18082356","2.82031083","2.22872186","","","","","","","","",
"South Africa","ZAF","Domestic general government health expenditure (% of general government expenditure)","SH.XPD.GHED.GE.ZS","","","","","","","","","","","","","","","","","","","","","","","","","","","","","","","","","","","","","","","","","11.85530758","10.62284565","10.37981224","12.33823776","12.0292511","10.91880608","13.09509182","13.50931835","13.01471424","13.36997318","14.14495468","14.68394661","14.46731377","14.33791637","14.9161272","15.23773575","15.28983974","15.28983974","15.28983974","15.28983974","15.28983974","15.28983974","","",
"Zambia","ZMB","Domestic general government health expenditure (% of general government expenditure)","SH.XPD.GHED.GE.ZS","","","","","","","","","","","","","","","","","","","","","","","","","","","","","","","","","","","","","","","","","6.88475037","6.88475037","6.88475037","5.32276154","5.65226936","5.53764105","6.74704027","7.46810293","8.14711761","9.36578655","8.63391781","8.0581131","7.05769587","5.45231676","7.78466225","7.56145144","7.16456938","10.05217934","7.52910423","7.57306385","10.56005478","9.25484943","","",
"Zimbabwe","ZWE","Domestic general government health expenditure (% of general government expenditure)","SH.XPD.GHED.GE.ZS","","","","","","","","","","","","","","","","","","","","","","","","","","","","","","","","","","","","","","","","","","","","","","","","","","","15.22310734","9.12156105","9.79644012","9.64621449","13.35706425","7.55918026","6.68645287","5.56372261","7.85656309","3.93911433","5.21136522","5.21136522","","",
