"Country Name","Country Code","Indicator Name","Indicator Code","1960","1961","1962","1963","1964","1965","1966","1967","1968","1969","1970","1971","1972","1973","1974","1975","1976","1977","1978","1979","1980","1981","1982","1983","1984","1985","1986","1987","1988","1989","1990","1991","1992","1993","1994","1995","1996","1997","1998","1999","2000","2001","2002","2003","2004","2005","2006","2007","2008","2009","2010","2011","2012","2013","2014","2015","2016","2017","2018","2019","2020","2021","2022","2023",
"Aruba","ABW","Government expenditure on education, total (% of government expenditure)","SE.XPD.TOTL.GB.ZS","","","","","","","","","","","","","","","","","","","","","","","","","","","","","","","","","","","","","","","22.082389831543","19.2816600799561","21.807710647583","21.3231792449951","19.7571506500244","","14.9029102325439","18.8882808685303","","20.7926406860352","19.028829574585","21.5635509490967","22.1767807006836","21.7505397796631","20.6340808868408","21.8776302337646","19.6179790496826","23.201379776001","21.8537502288818","18.5214080810547","20.1234397888184","19.4014263153076","","","","",
"Africa Eastern and Southern","AFE","Government expenditure on education, total (% of government expenditure)","SE.XPD.TOTL.GB.ZS","","","","","","","","","","","","","","","","","","","","","","","","","","","","","","","","","","","","","","","","","15.3991198539734","","","","16.5403628349305","18.0587387084961","17.0089812278747","","17.4017581939697","","17.9155445098877","18.4566612243652","17.5119686126709","17.2432594299316","17.4939136505127","16.9629096984863","16.6456594467163","17.2381258010865","17.3072109222412","15.2918653488159","15.7785749435425","15.4365549087524","","",
"Afghanistan","AFG","Government expenditure on education, total (% of government expenditure)","SE.XPD.TOTL.GB.ZS","","","","","","","","","","","","","","","","","","","","","","","","","","","","","","","","","","","","","","","","","","","","","","","14.559211730957","10.8146924972534","4.86058568954468","6.49249029159546","6.39557981491089","5.14692163467407","6.48944759368896","7.13206768035889","7.96457004547119","7.28490495681763","8.26023578643799","8.20247173309326","","","","","","",
"Africa Western and Central","AFW","Government expenditure on education, total (% of government expenditure)","SE.XPD.TOTL.GB.ZS","","","","","","","","","","","","","","","","","","","","","","","","","","","","","","","","","","","","","","","","16.8203601837158","15.3238096237183","15.7315249443055","14.5252103805542","16.4000196456909","17.0555248260498","16.9791898727417","17.9546394348145","18.0091695785522","18.0316905975342","18.1756191253662","16.3383646011353","15.8857798576355","14.5397996902466","14.96360206604","13.9857482910156","14.7278146743775","13.9038801193237","16.137779712677","16.8831596374512","14.8143744468689","14.796865940094","15.3551635742188","14.480073928833","14.7291526794434",
"Angola","AGO","Government expenditure on education, total (% of government expenditure)","SE.XPD.TOTL.GB.ZS","","","","","","","","","","","","","","","","","","","","","","","","","","","","","","","","","","","","","","","6.11467981338501","","5.2550802230835","","","","","7.99235010147095","7.45479011535645","","","11.460000038147","8.68476963043213","8.96000003814697","8.37043285369873","8.82697105407715","7.13000011444092","8.918776512146","6.55097389221191","6.7637767791748","5.77752447128296","6.04535579681396","5.2947359085083","6.91961002349854","6.64047193527222","7.73896265029907",
"Albania","ALB","Government expenditure on education, total (% of government expenditure)","SE.XPD.TOTL.GB.ZS","","","","","","","","","","","","","","","","","","","","","","","","","","","","","","","","","","","","","","","","","","","","","","11.3716506958008","10.7679862976074","11.0750179290771","10.7907085418701","","11.4857339859009","11.1068429946899","11.6269950866699","11.5800323486328","10.9884605407715","10.4410238265991","10.8297872543335","10.5701904296875","10.9706964492798","11.4001798629761","10.1343832015991","9.83377838134766","","",
"Andorra","AND","Government expenditure on education, total (% of government expenditure)","SE.XPD.TOTL.GB.ZS","","","","","","","","","","","","","","","","","","","","","","","","","","","","","","","","","","","","","","","","","","","","","","","","","","","","","9.84161376953125","6.19552993774414","13.3152103424072","10.4428100585938","9.99098014831543","9.39243984222412","13.4619197845459","10.8952398300171","8.99186897277832","10.2647352218628","6.96124982833862","12.7695150375366",
"Arab World","ARB","Government expenditure on education, total (% of government expenditure)","SE.XPD.TOTL.GB.ZS","","","","","","","","","","","","","","","","","","","","","","","","","","","","","","","","","","","","","","","","","","","","","14.6948299407959","","","","12.489239692688","","","","","","","","","","","11.5391597747803","","","","",
"United Arab Emirates","ARE","Government expenditure on education, total (% of government expenditure)","SE.XPD.TOTL.GB.ZS","","","","","","","","","","","","","","","","","","","","","","","","","","","","","","","","","","","","","","","","","","","","","","","","","","","","","","","","","","","","13.5688695907593","12.7982301712036","14.7556104660034","","",
"Argentina","ARG","Government expenditure on education, total (% of government expenditure)","SE.XPD.TOTL.GB.ZS","","","","","","","","","","","","","","","","","","","","","","","","","","","","","","","","","","","","","15.3987703323364","","15.6212596893311","15.8775396347046","16.2261505126953","16.3559608459473","16.4422092437744","14.3547201156616","15.1393003463745","15.8031702041626","15.5098400115967","15.1015701293945","15.7478399276733","16.0206699371338","15.0479698181152","15.1585597991943","14.5182600021362","14.4579296112061","13.7993297576904","13.9633102416992","13.3555402755737","13.2639198303223","12.5233402252197","12.5144596099854","12.4222898483276","12.2848997116089","12.7075796127319","",
"Armenia","ARM","Government expenditure on education, total (% of government expenditure)","SE.XPD.TOTL.GB.ZS","","","","","","","","","","","","","","","","","","","","","","","","","","","","","","","","","","","","","","","","","","","","","","","","","","","","","","8.74975109100342","","","","8.89112567901611","8.98857688903809","10.0050926208496","9.57238006591797","9.66730403900146","9.70266437530518","",
"American Samoa","ASM","Government expenditure on education, total (% of government expenditure)","SE.XPD.TOTL.GB.ZS","","","","","","","","","","","","","","","","","","","","","","","","","","","","","","","","","","","","","","","","","","","","","","","","","","","","","","","","","","","","","","","","",
"Antigua and Barbuda","ATG","Government expenditure on education, total (% of government expenditure)","SE.XPD.TOTL.GB.ZS","","","","","","","","","","","","","","","","","","","","","","","","","","","","","","","","","","","","","","","","12.4394102096558","","","11.7015399932861","","","","","","","6.92814016342163","","","10.143256187439","10.7302341461182","10.3166236877441","7.63021183013916","6.48356962203979","7.17285442352295","7.58762550354004","7.13054037094116","7.37875652313232","6.85999488830566","9.1680383682251","9.80351543426514",
"Australia","AUS","Government expenditure on education, total (% of government expenditure)","SE.XPD.TOTL.GB.ZS","","","","","","","","","","","","","","","","","","","","","","","","","","","","","","","","","","","","","","","","14.1262369155884","14.4271249771118","15.1647281646729","15.5506324768066","15.6161003112793","15.5131454467773","15.8242025375366","15.6258916854858","15.0950536727905","15.0764636993408","14.7948474884033","17.1157817840576","17.1274814605713","15.3935136795044","15.5629892349243","15.0333337783813","14.8824272155762","14.8905534744263","14.8495864868164","15.1084365844727","15.2933683395386","14.4562530517578","13.1453952789307","13.9446935653687","",
"Austria","AUT","Government expenditure on education, total (% of government expenditure)","SE.XPD.TOTL.GB.ZS","","","","","","","","","","","","","","","","","","","","","","","","","","","","","","","","","","","","9.9002161026001","9.88414573669434","10.3714122772217","10.2366361618042","10.3358402252197","10.2170248031616","10.1091136932373","10.1529273986816","10.2627859115601","9.15046119689941","9.39920520782471","9.53390502929688","9.52635955810547","9.72220516204834","9.45856857299805","9.69365501403809","9.80349922180176","9.77025699615479","9.73365116119385","9.42200183868408","9.65059852600098","9.77871322631836","9.81950569152832","9.81190967559814","9.88176250457764","8.94960975646973","8.81137847900391","8.97728061676025","",
"Azerbaijan","AZE","Government expenditure on education, total (% of government expenditure)","SE.XPD.TOTL.GB.ZS","","","","","","","","","","","","","","","","","","","","","","","","","","","","","","","","","","","","","","","","","","","","","","","","","8.50422096252441","10.0456657409668","9.18668842315674","7.77654981613159","7.73798894882202","7.11869239807129","7.69959688186646","8.26628303527832","9.44595050811768","7.82062816619873","8.45423603057861","8.59315299987793","9.80201053619385","10.7886276245117","","",
"Burundi","BDI","Government expenditure on education, total (% of government expenditure)","SE.XPD.TOTL.GB.ZS","","","","","","","","","","","","","","","","","","","","","","","","","","","","","","","","18.8640308380127","18.1227207183838","","16.7564392089844","23.7924404144287","16.7136001586914","","","13.5186395645142","10.7352600097656","11.4331302642822","12.4860801696777","","9.17908000946045","10.9592695236206","","","12.6155395507812","16.3016891479492","16.5881004333496","14.9792995452881","16.9720306396484","17.2432594299316","22.286958694458","27.4972400665283","19.2901420593262","20.7077770233154","21.1151103973389","21.2221660614014","20.7419528961182","20.4385395050049","20.6370830535889","15.7270135879517",
"Belgium","BEL","Government expenditure on education, total (% of government expenditure)","SE.XPD.TOTL.GB.ZS","","","","","","","","","","","","","","","","","","","","","","","","","","","","","","","","","","","","11.0044212341309","11.1524782180786","11.2715930938721","11.5008249282837","11.4194593429565","11.2052040100098","11.5008573532104","11.6047554016113","11.5436449050903","11.4161128997803","10.9779834747314","11.5367441177368","11.3690233230591","11.2771291732788","11.1327447891235","11.2154445648193","11.2295703887939","11.0699214935303","11.3517208099365","11.3424959182739","11.7361478805542","11.6954307556152","11.9768667221069","11.8788394927979","11.8170013427734","11.1488370895386","11.3196802139282","","",
"Benin","BEN","Government expenditure on education, total (% of government expenditure)","SE.XPD.TOTL.GB.ZS","","","","","","","","","","","","","","","","","","","","","","","","","","","","","","","","","","","","","","","18.4617404937744","17.8851890563965","13.5131998062134","15.3105802536011","14.1290798187256","16.6825294494629","19.2139492034912","18.7903900146484","19.7096099853516","14.9486904144287","19.0885791778564","18.1756191253662","26.1439609527588","20.9599990844727","25.0213108062744","22.3412208557129","22.227710723877","17.4795207977295","18.7914009094238","19.8796501159668","17.7091808319092","18.2101707458496","16.4128227233887","15.2831525802612","16.0946025848389","19.0426368713379",
"Burkina Faso","BFA","Government expenditure on education, total (% of government expenditure)","SE.XPD.TOTL.GB.ZS","","","","","","","","","","","","","","","","","","","","","","","","","","","","","7.21282005310059","","","","","","19.9496803283691","","7.34017992019653","","","","","","","","","19.4941902160645","18.2017002105713","17.8638191223145","","","16.1728191375732","19.5006103515625","15.8953800201416","16.1652793884277","19.3681106567383","18.0270805358887","","21.4440002441406","22.661169052124","21.6566200256348","20.9924583435059","21.3924655914307","21.9580974578857","20.2971973419189",
"Bangladesh","BGD","Government expenditure on education, total (% of government expenditure)","SE.XPD.TOTL.GB.ZS","","","","","","","","","","","","","","","","","","","","","5.26359987258911","6.63402986526489","6.39411020278931","6.47325992584229","8.08761978149414","8.38862991333008","9.13004970550537","10.4684295654297","","","11.191029548645","11.0621004104614","12.5366697311401","12.1138496398926","","","","15.1968698501587","","18.129789352417","20.4904193878174","18.5847797393799","15.6937999725342","16.6816291809082","15.9531202316284","","17.3365306854248","18.1534004211426","17.8161907196045","14.0298700332642","","16.7939701080322","12.277943611145","11.8120946884155","13.3063278198242","12.0441026687622","13.9817361831665","13.8549823760986","11.9579200744629","11.3293676376343","10.3874378204346","10.221302986145","11.6619834899902","10.6746625900269",
"Bulgaria","BGR","Government expenditure on education, total (% of government expenditure)","SE.XPD.TOTL.GB.ZS","","","","","","","","","","","","","","","","","","","","","","","","","","","","","","","8.12325954437256","10.9380292892456","11.9182796478271","10.8772249221802","9.27444458007812","11.4207429885864","8.89816570281982","10.5071325302124","9.74993801116943","9.97500324249268","9.81768417358398","8.92736148834229","9.55589771270752","10.7672672271729","10.4770545959473","11.2711486816406","10.7262678146362","9.52760219573975","10.652626991272","10.3638000488281","9.88965129852295","9.98612213134766","9.66042137145996","9.75960445404053","9.427565574646","9.69010066986084","9.763916015625","10.1444025039673","9.54122543334961","10.4822626113892","9.45689678192139","10.561671257019","","",
"Bahrain","BHR","Government expenditure on education, total (% of government expenditure)","SE.XPD.TOTL.GB.ZS","","","","","","","","","","","","","","","","","","","","","","","","","","","","","","","","","","","","","","","","","","","","","","","11.9186601638794","11.0267295837402","10.5586700439453","","8.62552452087402","8.76965427398682","8.17982959747314","7.45860004425049","8.6840295791626","7.32818984985352","9.62066841125488","7.22384977340698","9.25130939483643","8.55740356445312","9.36690330505371","9.08058261871338","9.29553604125977","",
"Bahamas, The","BHS","Government expenditure on education, total (% of government expenditure)","SE.XPD.TOTL.GB.ZS","","","","","","","","","","","","","","","","","","","","","","","","","","","","","","","","","","","","","","","","","19.7952098846436","","","","","","","","","","12.4952259063721","12.3615016937256","13.0437307357788","12.142466545105","12.7203388214111","12.4450998306274","12.103554725647","11.7079401016235","12.6787691116333","11.2915163040161","12.1819257736206","12.282262802124","11.4419317245483","11.5939617156982",
"Bosnia and Herzegovina","BIH","Government expenditure on education, total (% of government expenditure)","SE.XPD.TOTL.GB.ZS","","","","","","","","","","","","","","","","","","","","","","","","","","","","","","","","","","","","","","","","","","","","","","","","","","","","","","","","","10.2865800857544","","9.6307897567749","10.133150100708","","10.3777904510498","","",
"Belarus","BLR","Government expenditure on education, total (% of government expenditure)","SE.XPD.TOTL.GB.ZS","","","","","","","","","","","","","","","","","","","","","","","","","","","","","","","","","","","","","","","","","","","","13.9697122573853","14.3527898788452","14.2633962631226","14.2933788299561","13.091724395752","12.1249322891235","12.179817199707","13.4379816055298","14.5316724777222","13.0864067077637","12.7738304138184","13.520544052124","13.0505609512329","13.5779962539673","12.978702545166","13.2640409469604","13.0782632827759","12.8703765869141","12.3624439239502","12.8108110427856","",
"Belize","BLZ","Government expenditure on education, total (% of government expenditure)","SE.XPD.TOTL.GB.ZS","","","","","","","","","","","","","","","","","","","","","","","","","","","","","","","","","","","","","","","","19.2827091217041","15.6122598648071","18.3053703308105","","16.0251903533936","16.3242797851562","","","","19.4965991973877","22.0576095581055","22.6104698181152","21.5642700195312","21.2301216125488","23.1328201293945","21.5630798339844","21.59255027771","20.4853000640869","21.5186595916748","22.149019241333","22.2200603485107","18.9935398101807","17.9535694122314","17.8313503265381","18.5317096710205",
"Bermuda","BMU","Government expenditure on education, total (% of government expenditure)","SE.XPD.TOTL.GB.ZS","","","","","","","","","","","","","","","","","","","","","","","","","","","","","","","","","","","","","","","","","","","","11.036600112915","11.1138496398926","12.1054000854492","","","","13.9704303741455","12.9342403411865","","","","7.79644012451172","9.01879978179932","","7.77346992492676","","","","","","",
"Bolivia","BOL","Government expenditure on education, total (% of government expenditure)","SE.XPD.TOTL.GB.ZS","","","","","","","","","","","","","","","","","","","","","","","","","","","","","","","","","","","","","","","","","","","","","","","21.5667705535889","20.5818996429443","19.0274791717529","22.8131809234619","22.1394195556641","18.2445392608643","18.3915691375732","17.6992492675781","17.2877807617188","18.2649192810059","20.4127101898193","20.978630065918","21.6094303131104","22.434139251709","22.2169208526611","23.1457805633545","","",
"Brazil","BRA","Government expenditure on education, total (% of government expenditure)","SE.XPD.TOTL.GB.ZS","","","","","","","","","","","","","","","","","","","","","","","","","","","","","","","","","","","","","","","","","","9.29055023193359","8.13302040100098","","9.6722297668457","10.3297300338745","11.3952398300171","11.9628000259399","12.6430196762085","13.0978202819824","13.3970499038696","13.6389598846436","13.966290473938","13.7229700088501","13.4677696228027","12.697979927063","12.9940595626831","13.0888299942017","12.8152103424072","12.7402696609497","11.5625896453857","12.8002004623413","","",
"Barbados","BRB","Government expenditure on education, total (% of government expenditure)","SE.XPD.TOTL.GB.ZS","","","","","","","","","","","","","","","","","","","","","","","","","","","","","","","","","","","","","","","","21.1681995391846","22.1503505706787","26.8888206481934","24.7244892120361","18.5845603942871","18.6181392669678","18.2429790496826","","17.2209701538086","15.7106504440308","16.1005802154541","18.0963306427002","","16.7026901245117","14.844820022583","17.4510593414307","17.8095474243164","13.3624496459961","12.879150390625","16.3585720062256","13.8598604202271","16.1424694061279","14.8447303771973","12.7307195663452","12.4731502532959",
"Brunei Darussalam","BRN","Government expenditure on education, total (% of government expenditure)","SE.XPD.TOTL.GB.ZS","","","","","","","","","","","","","","","","","","","","","","13.0709896087646","11.2389698028564","","","","","9.58600997924805","11.8434295654297","10.0657901763916","8.71026992797852","8.22681999206543","9.18062973022461","9.27600002288818","","","","","8.76089000701904","8.89342975616455","8.92074012756348","","","","","","","","","","5.30208015441895","9.18218994140625","9.72642040252686","","9.98460006713867","","11.4419498443604","","","","","","","",
"Bhutan","BTN","Government expenditure on education, total (% of government expenditure)","SE.XPD.TOTL.GB.ZS","","","","","","","","","","","","","","","","","","","","","","","","","","","","","","","","","","","","","","","","","13.9203901290894","13.2260999679565","","","18.6066303253174","22.8328609466553","","","15.1049098968506","12.8447103500366","10.2955198287964","11.3875102996826","","15.6869497299194","17.4541397094727","19.9053230285645","18.2254676818848","19.4520702362061","17.2065887451172","18.0860347747803","18.5493354797363","15.7097816467285","19.6539344787598","17.8004417419434",
"Botswana","BWA","Government expenditure on education, total (% of government expenditure)","SE.XPD.TOTL.GB.ZS","","","","","","","","","","","","","","","","","","","","","","","","14.2215700149536","15.3849096298218","15.2744998931885","15.3618698120117","16.5558395385742","15.8807497024536","","16.3669109344482","","16.1698703765869","","","","","","","","","","","","","25.8235301971436","","26.5077896118164","","20.4773998260498","23.5505275726318","24.1944999694824","21.6718196868896","20.9129199981689","22.6601257324219","23.0535526275635","22.0042915344238","22.8162631988525","22.5610656738281","22.3420009613037","21.465087890625","","","",
"Central African Republic","CAF","Government expenditure on education, total (% of government expenditure)","SE.XPD.TOTL.GB.ZS","","","","","","","","","","","","","","","","","","","","","","","","","","","","","","","11.1400804519653","9.92337036132812","","","","","","","","8.94931983947754","9.93076992034912","","9.19987010955811","12.0125799179077","12.0471296310425","9.66650009155273","10.0542402267456","9.86948013305664","7.8600001335144","7.84172010421753","6.47537994384766","7.8254599571228","10.616569519043","8.0834436416626","9.38718795776367","8.38674163818359","7.3190221786499","8.89505004882812","9.13549613952637","9.79781246185303","9.78244304656982","9.08869171142578","10.7420520782471","9.99392795562744",
"Canada","CAN","Government expenditure on education, total (% of government expenditure)","SE.XPD.TOTL.GB.ZS","","","","","","","","","","","","","","","","","","","","","","","","","","","","","","","","","","","","","","","","","","","","","","","","","12.4984664916992","12.5725317001343","12.6209001541138","12.7131490707397","12.8579139709473","13.002293586731","12.9890079498291","12.7445983886719","12.6629419326782","12.9404630661011","12.9341850280762","12.6524801254272","9.87754249572754","11.0546884536743","11.0546884536743","",
"Central Europe and the Baltics","CEB","Government expenditure on education, total (% of government expenditure)","SE.XPD.TOTL.GB.ZS","","","","","","","","","","","","","","","","","","","","","","","","","","","","","","","","","","","","11.4207429885864","11.3067626953125","10.8694581985474","11.3865308761597","11.1403837203979","11.2330541610718","11.3520240783691","12.5106134414673","13.0513229370117","12.0897092819214","12.1468019485474","11.8212118148804","11.0570459365845","11.3391313552856","10.7116813659668","11.2314052581787","10.6301145553589","10.8154163360596","10.6200428009033","10.6503143310547","10.4988613128662","10.6055021286011","10.8394899368286","11.2675294876099","11.8427038192749","10.6044521331787","10.8769035339355","","",
"Switzerland","CHE","Government expenditure on education, total (% of government expenditure)","SE.XPD.TOTL.GB.ZS","","","","","","","","","","","","","","","","","","","","","","","","","","","","","","","15.4940900802612","15.5292482376099","15.3484115600586","14.8963422775269","14.7339468002319","14.7856245040894","14.5701904296875","14.3693237304688","14.1690073013306","13.9305839538574","14.0967302322388","14.7989168167114","14.686710357666","15.3090171813965","15.1373510360718","15.1917314529419","15.4210720062256","15.2347688674927","15.2296237945557","15.2887344360352","15.1756076812744","15.3431043624878","15.3788661956787","15.0640153884888","15.2539520263672","15.384970664978","15.3578214645386","15.359375","15.4628915786743","15.6454629898071","14.2427225112915","14.5807075500488","15.4052076339722","",
"Channel Islands","CHI","Government expenditure on education, total (% of government expenditure)","SE.XPD.TOTL.GB.ZS","","","","","","","","","","","","","","","","","","","","","","","","","","","","","","","","","","","","","","","","","","","","","","","","","","","","","","","","","","","","","","","","",
"Chile","CHL","Government expenditure on education, total (% of government expenditure)","SE.XPD.TOTL.GB.ZS","","","","","","","","","","","","","","","","","","","","","","","","","","","","","","","","","","13.5188302993774","14.1324195861816","15.0246200561523","15.7599897384644","14.5041399002075","15.1703701019287","15.6522197723389","16.4279098510742","","17.4505996704102","17.6372203826904","17.0210494995117","16.199089050293","16.2312793731689","16.746410369873","17.4011306762695","17.0356101989746","17.8533096313477","17.7475700378418","","19.6776504516602","19.9210090637207","19.5937099456787","21.1555995941162","21.3112392425537","21.3660697937012","21.2335300445557","19.3549995422363","14.8810195922852","","",
"China","CHN","Government expenditure on education, total (% of government expenditure)","SE.XPD.TOTL.GB.ZS","","","","","","","","","","","","","","","","","","","","","","","","","","","","","","","","","","","","","","","","","","","","","","9.4963903427124","9.32388019561768","8.41512966156006","14.2963151931763","13.5135316848755","13.5520687103271","13.0780954360962","14.4071683883667","13.3154048919678","12.7526111602783","12.2598295211792","12.2695617675781","12.1552953720093","11.4506902694702","11.2266368865967","10.5329275131226","10.8503179550171","10.5049028396606","",
"Cote d'Ivoire","CIV","Government expenditure on education, total (% of government expenditure)","SE.XPD.TOTL.GB.ZS","","","","","","","","","","","","","","","","","","","","","","","","","","","","","","","","","","","","","","19.2201499938965","18.8147506713867","21.6711807250977","20.8069496154785","23.2020301818848","22.5923004150391","22.648229598999","22.1071605682373","21.8456897735596","20.0178909301758","20.755880355835","21.5269107818604","22.1895599365234","22.7727508544922","22.4268608093262","20.8587608337402","21.5747299194336","21.7667808532715","21.1732196807861","22.3875999450684","20.6334991455078","18.2889003753662","19.8460693359375","18.5902500152588","16.2662792205811","15.9030103683472","15.9464101791382",
"Cameroon","CMR","Government expenditure on education, total (% of government expenditure)","SE.XPD.TOTL.GB.ZS","","","","","","","","","","","","","","","","","","","","","","","","","","","","","","","","","","","","","","","","","11.6836996078491","15.7333097457886","","21.4420204162598","20.8471202850342","21.3776092529297","20.3126602172852","21.3793392181396","15.7006101608276","19.7797908782959","18.7538890838623","14.8677701950073","15.1762199401855","13.8249502182007","12.8797597885132","13.243989944458","12.6946897506714","15.9128103256226","16.8831596374512","14.1786985397339","14.4511222839355","15.0479040145874","12.766975402832","13.0829515457153",
"Congo, Dem. Rep.","COD","Government expenditure on education, total (% of government expenditure)","SE.XPD.TOTL.GB.ZS","","","","","","","","","","","","","","","","","","","","","","","","","","","","","","","","","","","","","","","","","","","","","","","","","","","9.57841014862061","","","16.1748008728027","14.1246004104614","15.7097797393799","14.6354198455811","13.5172300338745","","","","","","",
"Congo, Rep.","COG","Government expenditure on education, total (% of government expenditure)","SE.XPD.TOTL.GB.ZS","","","","","","","","","","","","","","","","","","","","","","","","","","","","","","","","","","","22.4124698638916","14.7077798843384","","","14.1265296936035","","","","9.05484962463379","9.5199499130249","8.56180953979492","7.59781980514526","","","","","24.7277793884277","","","14.7248983383179","6.55592012405396","7.95039987564087","","15.68577003479","15.5829000473022","17.0074214935303","17.0091400146484","16.5610046386719","15.5095014572144","14.7291526794434",
"Colombia","COL","Government expenditure on education, total (% of government expenditure)","SE.XPD.TOTL.GB.ZS","","","","","","","","","","","","","","","","","","","","","","","","","18.0922908782959","16.4075202941895","","","","17.2254505157471","","","","","","","","","12.475359916687","13.1519298553467","","","","","","","","","","","","","","","","","","","","","","","","",
"Comoros","COM","Government expenditure on education, total (% of government expenditure)","SE.XPD.TOTL.GB.ZS","","","","","","","","","","","","","","","","","","","","","","","","","","","","","","","","","","","","","","","17.1350708007812","","","","15.789719581604","","","","","","29.2331199645996","","","21.4148693084717","18.4915103912354","16.0707302093506","18.8928909301758","13.3536500930786","","","","","11.4759645462036","10.2856864929199","10.4760227203369","",
"Cabo Verde","CPV","Government expenditure on education, total (% of government expenditure)","SE.XPD.TOTL.GB.ZS","","","","","","","","","","","","","","","","","","","","","","","","","","","","","","","","","","","","","","","17.2559204101562","16.7619400024414","","","19.7662296295166","","20.8404808044434","","17.5405807495117","18.3287506103516","18.2409896850586","15.886549949646","14.2168998718262","15.1532802581787","16.121675491333","14.7782297134399","16.282190322876","16.7482299804688","17.8430099487305","16.4125804901123","17.5685405731201","15.1536998748779","17.0901870727539","15.1129817962646","15.6936044692993","14.7047233581543",
"Costa Rica","CRI","Government expenditure on education, total (% of government expenditure)","SE.XPD.TOTL.GB.ZS","","","","","","","","","","","","","","","","","","","","","","","","","","","30.3223705291748","","18.3639602661133","17.6590900421143","","","","","","16.7436904907227","19.1146602630615","","","21.9236907958984","18.8195095062256","19.1528205871582","19.24049949646","20.1517200469971","20.4308891296387","","20.6433391571045","21.0218906402588","20.8109607696533","23.4082202911377","22.8808898925781","23.0096206665039","23.5015602111816","22.8309097290039","23.1095294952393","23.3734302520752","23.4232006072998","30.1514205932617","26.086669921875","32.5915794372559","30.0822105407715","31.1666202545166","","",
"Caribbean small states","CSS","Government expenditure on education, total (% of government expenditure)","SE.XPD.TOTL.GB.ZS","","","","","","","","","","","","","","","","","","","","","","","","","","","","","","","","","","","","","","","","","","","","","","","","","","","","","","","","","","","","","","","","",
"Cuba","CUB","Government expenditure on education, total (% of government expenditure)","SE.XPD.TOTL.GB.ZS","","","","","","","","","","","","","","","","","","","","","","","","","","","","","","","","","","","","","","","","","","","","","","","","","","","","","16.4788303375244","16.5196533203125","15.8017377853394","15.2635679244995","14.9375658035278","13.5649137496948","12.6599740982056","14.2259435653687","16.6611003875732","15.9666299819946","16.9599647521973","",
"Curacao","CUW","Government expenditure on education, total (% of government expenditure)","SE.XPD.TOTL.GB.ZS","","","","","","","","","","","","","","","","","","","","","","","","","","","","","","","","","","","","","","","","","","","","","","","","","","","","","20.1375484466553","21.858772277832","","19.5018730163574","13.7020921707153","","","","15.3129596710205","15.2769498825073","12.4153747558594","",
"Cayman Islands","CYM","Government expenditure on education, total (% of government expenditure)","SE.XPD.TOTL.GB.ZS","","","","","","","","","","","","","","","","","","","","","","","","","","","","","","","","","","","","","","","","","","","","","","","","","","","","","","","","","","","14.9241704940796","14.9581575393677","","","","",
"Cyprus","CYP","Government expenditure on education, total (% of government expenditure)","SE.XPD.TOTL.GB.ZS","","","","","","","","","","","","","","","","","","","","","","","","","","","","","","","","","","","","15.275146484375","14.8348302841187","14.9711894989014","14.9054288864136","14.9772434234619","14.7767457962036","14.5130062103271","14.5829057693481","14.9054718017578","14.9483184814453","14.4089345932007","14.4986753463745","14.7981653213501","15.5970468521118","15.0933561325073","15.5240621566772","14.8708009719849","14.0066299438477","14.7843351364136","11.3143348693848","13.863242149353","14.6343183517456","14.4133911132812","11.7928562164307","13.5074253082275","12.9371271133423","12.7362098693848","","",
"Czechia","CZE","Government expenditure on education, total (% of government expenditure)","SE.XPD.TOTL.GB.ZS","","","","","","","","","","","","","","","","","","","","","","","","","","","","","","","","","","","","9.82418346405029","11.3067626953125","11.0102977752686","10.734224319458","10.2491369247437","10.7525682449341","10.4524850845337","11.0171871185303","10.6412544250488","11.2805690765381","11.2287092208862","11.8212118148804","10.6711826324463","10.5268926620483","10.4351472854614","10.585657119751","10.6301145553589","10.1663341522217","10.6200428009033","10.6447257995605","10.4988613128662","9.93392562866211","10.4360103607178","11.2675294876099","11.8427038192749","10.743049621582","10.8769035339355","","",
"Germany","DEU","Government expenditure on education, total (% of government expenditure)","SE.XPD.TOTL.GB.ZS","","","","","","","","","","","","","","","","","","","","","","","","","","","","","","","","8.46196365356445","9.04996490478516","9.23796844482422","9.16286087036133","7.50564336776733","8.57922649383545","8.70657253265381","8.63432598114014","8.58439826965332","8.52844333648682","8.75545024871826","8.7079610824585","8.64251327514648","8.77161598205566","8.78028964996338","8.90677928924561","9.04431533813477","8.92984580993652","9.01806831359863","9.11344146728516","9.51164531707764","9.51723003387451","9.7097110748291","9.74810409545898","9.63814353942871","9.4778299331665","9.48073101043701","9.63820171356201","9.72637844085693","9.29844093322754","9.06617259979248","9.19070148468018","",
"Djibouti","DJI","Government expenditure on education, total (% of government expenditure)","SE.XPD.TOTL.GB.ZS","","","","","","","","","","","","","","","","","","","","","","","","","","","","","","","","","","","","","","","","22.8960704803467","29.385950088501","26.2800197601318","25.4893093109131","24.2714900970459","24.7011394500732","22.7150497436523","24.7079601287842","22.5274391174316","","","12.3283996582031","","","","","8.57643985748291","15.1595897674561","15.6437196731567","14.4741497039795","","","","","",
"Dominica","DMA","Government expenditure on education, total (% of government expenditure)","SE.XPD.TOTL.GB.ZS","","","","","","","","","","","","","","","","","","","","","","","","","","","","","","","","","","","","","","","17.1116008758545","11.4196195602417","","","","","","","","","","","","","","","","10.2080097198486","12.6981000900269","9.78391265869141","8.44583606719971","8.29829978942871","10.6661701202393","7.76732730865479","9.35660457611084","6.41283702850342",
"Denmark","DNK","Government expenditure on education, total (% of government expenditure)","SE.XPD.TOTL.GB.ZS","","","","","","","","","","","","","","","","","","","","","","","","","","","","","","","","","","","","10.8777933120728","11.0823926925659","11.451810836792","12.0758438110352","11.8901042938232","11.9353685379028","12.1024618148804","12.3573884963989","12.2421703338623","12.5096940994263","12.4436130523682","12.424934387207","11.9803829193115","12.1115255355835","12.267725944519","12.583722114563","12.0839557647705","12.0301713943481","12.3308391571045","12.9065752029419","12.8566246032715","12.9486169815063","12.7363147735596","12.6484069824219","12.7428998947144","11.6999034881592","11.8259592056274","11.8043584823608","",
"Dominican Republic","DOM","Government expenditure on education, total (% of government expenditure)","SE.XPD.TOTL.GB.ZS","","","","","","","","","","","","","","","","","","","","","","","","","","","","","","","","","","","","","","","","","13.399040222168","13.2144804000854","11.6176204681396","10.7097902297974","","","","12.5410499572754","","","","","","","21.5446033477783","","19.5591907501221","20.1564598083496","19.4849300384521","20.008768081665","20.6340427398682","19.5941772460938","22.3626346588135","22.0254058837891",
"Algeria","DZA","Government expenditure on education, total (% of government expenditure)","SE.XPD.TOTL.GB.ZS","","","","","","","","","","","","","","","","","","","","","","","","","","","","","","","","","","","","","","","","","","","","","","","","","11.0207595825195","","17.769157409668","17.5647163391113","15.9837255477905","17.6460342407227","16.469202041626","16.0845546722412","16.1110439300537","17.5560722351074","15.6197366714478","16.0217590332031","16.5491714477539","16.0506973266602","13.1015062332153","13.2610235214233",
"East Asia & Pacific (excluding high income)","EAP","Government expenditure on education, total (% of government expenditure)","SE.XPD.TOTL.GB.ZS","","","","","","","","","","","","","","","","","","","","","","","","","","","","","","","","","","","","","","","","","","","","","","","","","14.0386400222778","13.3623456954956","16.8196830749512","13.8982486724854","14.4071683883667","14.0046253204346","14.5866050720214","15.0167531967163","14.0029711723327","14.3320846557617","14.9720153808594","14.4990835189819","13.2277331352234","12.318051815033","13.8940677642823","",
"Early-demographic dividend","EAR","Government expenditure on education, total (% of government expenditure)","SE.XPD.TOTL.GB.ZS","","","","","","","","","","","","","","","","","","","","","","","","","","","","","","","","","","","","","","","","","17.7064895629883","","","","","","","","15.6074600219727","","17.391508102417","16.7939701080322","16.4864902496338","16.7506999969482","16.3512496948242","16.2093925476074","16.3588199615479","16.1104793548584","16.6867799758911","14.6647500991822","15.7747373580933","15.7361831665039","15.5426712036133","",
"East Asia & Pacific","EAS","Government expenditure on education, total (% of government expenditure)","SE.XPD.TOTL.GB.ZS","","","","","","","","","","","","","","","","","","","","","","","","","","","","","","","","","","","","","","","","","","","","","","","","","14.2963151931763","14.7948474884033","16.9381761550903","15.9094462394714","15.6423983573914","15.9121842384338","15.5159406661987","15.0811429023742","15.1154346466064","15.1619415283203","15.2325873374939","15.1637201309204","12.821702003479","13.0648202896118","13.4970345497131","",
"Europe & Central Asia (excluding high income)","ECA","Government expenditure on education, total (% of government expenditure)","SE.XPD.TOTL.GB.ZS","","","","","","","","","","","","","","","","","","","","","","","","","","","","","","","","","","","","","","","","","","","","","","","","","","","","12.9520964622497","14.0077061653137","12.3925271034241","13.8044080734253","13.7949914932251","13.5047903060913","13.6602926254272","13.2640409469604","13.6100878715515","13.0716919898987","12.4690103530884","12.4927043914794","",
"Europe & Central Asia","ECS","Government expenditure on education, total (% of government expenditure)","SE.XPD.TOTL.GB.ZS","","","","","","","","","","","","","","","","","","","","","","","","","","","","","","","","","","","","10.9092221260071","11.1029491424561","11.1409454345704","11.4944214820862","11.559690952301","11.5842113494873","12.1024618148804","12.222559928894","12.5755062103272","12.5082850456238","12.2037296295166","11.9732475280762","11.8093438148498","11.3326096534729","10.9222130775452","11.4857339859009","11.3563146591187","11.6269950866699","11.2070598602295","11.3424959182739","11.7361478805542","11.4074268341064","11.0532388687134","11.1589603424073","11.8170013427734","10.6044521331787","11.0442266464233","","",
"Ecuador","ECU","Government expenditure on education, total (% of government expenditure)","SE.XPD.TOTL.GB.ZS","","","","","","","","","","","","","","","","","","","","","","","","","","","","","","","","","","","","","","","10.8461399078369","6.66582012176514","4.95730018615723","","","","","","","","","13.1725702285767","12.9965600967407","11.976110458374","10.7635498046875","10.539719581604","11.3273000717163","11.572790145874","","","","10.6745500564575","10.5891103744507","9.75601005554199","9.2932596206665","9.69493961334229",
"Egypt, Arab Rep.","EGY","Government expenditure on education, total (% of government expenditure)","SE.XPD.TOTL.GB.ZS","","","","","","","","","","","","","","","","","","","","","","","","","","","","","","","","","","","","","","","","","","","15.7342138290405","15.5180444717407","15.0328617095947","15.4734354019165","11.6723699569702","11.6068706512451","11.0132055282593","11.1726179122925","11.3302068710327","10.95152759552","10.9230432510376","12","12","12","","","","","","","","",
"Euro area","EMU","Government expenditure on education, total (% of government expenditure)","SE.XPD.TOTL.GB.ZS","","","","","","","","","","","","","","","","","","","","","","","","","","","","","","","","","","","","10.8332357406616","10.7147254943848","10.4342470169067","11.1370267868042","11.1403837203979","11.201714515686","11.3280839920044","11.6047554016113","11.7834253311157","11.6160516738891","11.9609818458557","11.7450299263001","11.7082958221436","11.3016085624695","10.9222130775452","11.0245666503906","11.2087273597717","11.0428495407104","10.8189692497253","10.8623743057251","10.7578611373902","10.7615094184875","10.6398844718933","10.4397988319397","10.7527098655701","10.2960052490234","10.4758644104003","","",
"Eritrea","ERI","Government expenditure on education, total (% of government expenditure)","SE.XPD.TOTL.GB.ZS","","","","","","","","","","","","","","","","","","","","","","","","","","","","","","","","","","","","","2.91512989997864","","6.25091981887817","5.56553983688354","","8.78493976593018","7.58100986480713","","7.1314001083374","","5.44515991210938","","","","","","","","","","","","","","","","","",
"Spain","ESP","Government expenditure on education, total (% of government expenditure)","SE.XPD.TOTL.GB.ZS","","","","","","","","","","","","","","","","","","","","","","","","","","","","","","","","","","","","9.85406589508057","10.0658941268921","10.1405954360962","10.0916614532471","10.5077142715454","10.5237493515015","10.4827470779419","10.5665941238403","10.5926456451416","10.6286649703979","10.4052257537842","10.4370346069336","10.3825521469116","10.3598051071167","10.1776542663574","9.9380931854248","9.69765377044678","8.55840301513672","8.97512054443359","9.17328262329102","9.41445732116699","9.66042995452881","9.75414752960205","9.57202339172363","9.57694053649902","9.02206134796143","9.20082759857178","9.24893379211426","",
"Estonia","EST","Government expenditure on education, total (% of government expenditure)","SE.XPD.TOTL.GB.ZS","","","","","","","","","","","","","","","","","","","","","","","","","","","","","","","","","","","","18.4789333343506","17.951587677002","17.8191814422607","17.4072589874268","17.8168888092041","17.620044708252","18.1624450683594","18.2003059387207","17.9200572967529","18.0984725952148","17.5179996490479","17.5368518829346","17.0132350921631","16.422779083252","15.2818441390991","16.1728553771973","16.2565689086914","15.6193103790283","15.3818626403809","14.616979598999","14.9788484573364","14.3647565841675","14.4936990737915","15.8006401062012","15.525013923645","14.2844390869141","14.251974105835","","",
"Ethiopia","ETH","Government expenditure on education, total (% of government expenditure)","SE.XPD.TOTL.GB.ZS","","","","","","","","","","","","","","","","","","","","","12.3555402755737","12.4869899749756","12.1781702041626","9.70131969451904","11.8201303482056","10.0891304016113","10.3217496871948","","","","","","","13.2648401260376","","","13.0441398620605","14.8699197769165","","","14.9077301025391","14.4617700576782","16.1877498626709","","","","23.9753799438477","24.6994495391846","26.3557300567627","23.5837497711182","26.3040409088135","29.674430847168","30.5395393371582","27.0210990905762","25.9183807373047","23.6640396118164","23.0133628845215","23.3241710662842","22.991756439209","20.9222030639648","22.4477195739746","23.5620422363281","23.0064029693604","",
"European Union","EUU","Government expenditure on education, total (% of government expenditure)","SE.XPD.TOTL.GB.ZS","","","","","","","","","","","","","","","","","","","","","","","","","","","","","","","","","","","","10.8555145263672","11.0047769546509","10.7993040084839","11.2617788314819","11.0899033546448","11.2034592628479","11.3400540351867","11.525173664093","12.0232057571411","11.7296485900879","12.1407403945923","11.8212118148804","11.3690233230591","11.3260879516602","10.7116813659668","11.2154445648193","11.1878843307495","11.0157775878906","10.6639356613159","10.6503143310547","10.5435152053833","10.6469306945801","10.7396984100342","10.8592433929443","10.9761648178101","10.3530426025391","10.720606803894","","",
"Fragile and conflict affected situations","FCS","Government expenditure on education, total (% of government expenditure)","SE.XPD.TOTL.GB.ZS","","","","","","","","","","","","","","","","","","","","","","","","","","","","","","","","","","","","","","","","","","","","","","","","","","","15.7033886909485","14.6379528045654","14.9290056228638","14.9330377578735","13.4840159416199","13.4800882339478","13.2331695556641","14.3961448669434","15.0369348526","13.0128049850464","13.3325395584106","","","",
"Finland","FIN","Government expenditure on education, total (% of government expenditure)","SE.XPD.TOTL.GB.ZS","","","","","","","","","","","","","","","","","","","","","","","","","","","","","","","","","","","","11.3498773574829","11.4926624298096","11.4716348648071","11.7279148101807","11.6999225616455","12.2187032699585","12.4842576980591","12.6149435043335","12.7579383850098","12.6649990081787","12.4618701934814","12.4433355331421","12.4147138595581","12.1907577514648","11.9996738433838","12.1376848220825","11.9793186187744","11.5580825805664","11.2070598602295","11.0744342803955","10.972207069397","10.876088142395","10.5400705337524","10.3994731903076","10.5227766036987","10.2389678955078","10.2311220169067","","",
"Fiji","FJI","Government expenditure on education, total (% of government expenditure)","SE.XPD.TOTL.GB.ZS","","","","","","","","","","","","","","","","","","","","","","","","","","","","","","","","","","","","","","","19.0009307861328","20.5351104736328","21.7585906982422","19.6386394500732","21.0378093719482","","23.7491493225098","20.2661304473877","20.8432903289795","23.1704006195068","17.3697204589844","15.8536195755005","","15.2347898483276","16.7089691162109","14.3003902435303","16.1755752563477","17.3918552398682","15.1698865890503","16.8171863555908","14.9348115921021","16.8337001800537","16.6401386260986","13.5591077804565","12.6465339660645","14.6291103363037",
"France","FRA","Government expenditure on education, total (% of government expenditure)","SE.XPD.TOTL.GB.ZS","","","","","","","","","","","","","","","","","","","","","","","","","","","","","","","","","","","","10.5009965896606","10.4452610015869","10.4342470169067","10.6019840240479","10.7792158126831","10.8389720916748","10.8771810531616","10.9577140808105","10.8201856613159","10.4804420471191","10.3551263809204","10.3564348220825","10.0942478179932","10.1141309738159","9.92237758636475","9.92166805267334","9.73781490325928","9.61224365234375","9.59853649139404","9.59419918060303","9.59043502807617","9.54159355163574","9.54689502716064","9.56552600860596","9.48199844360352","8.82271194458008","8.87541103363037","","",
"Faroe Islands","FRO","Government expenditure on education, total (% of government expenditure)","SE.XPD.TOTL.GB.ZS","","","","","","","","","","","","","","","","","","","","","","","","","","","","","","","","","","","","","","","","","","","","","","","","","","","","","","","","","","","","","","","","",
"Micronesia, Fed. Sts.","FSM","Government expenditure on education, total (% of government expenditure)","SE.XPD.TOTL.GB.ZS","","","","","","","","","","","","","","","","","","","","","","","","","","","","","","","","","","","","","","","","8.78497982025146","9.96512031555176","","","","","","","","","","","","17.7609996795654","20.3850002288818","22.1019992828369","24.1280002593994","21.5849990844727","19.1480007171631","17.125","18.1070003509521","18.6149997711182","","","",
"Gabon","GAB","Government expenditure on education, total (% of government expenditure)","SE.XPD.TOTL.GB.ZS","","","","","","","","","","","","","","","","","","","","","","","","","","","","","","","","","10.2001800537109","","","","","","7.05811023712158","11.3481597900391","17.7064895629883","","","","","","","","","","13.3304195404053","13.5340795516968","12.5822696685791","8.73756980895996","11.225489616394","11.6105213165283","10.3015422821045","15.2766714096069","14.6146268844604","14.0744771957397","15.7641649246216","15.3551635742188","13.8033790588379","13.5658235549927",
"United Kingdom","GBR","Government expenditure on education, total (% of government expenditure)","SE.XPD.TOTL.GB.ZS","","","","","","","","","","","","","","","","","","","","","","","","","","","","","","","","","","","","11.3720350265503","11.3914403915405","11.532398223877","11.4880180358887","12.4065570831299","13.2567586898804","13.613959312439","14.7339725494385","14.4774894714355","13.8854837417603","13.3772115707397","13.7595329284668","13.7904605865479","13.0309219360352","13.1349544525146","13.2197780609131","12.7005062103271","12.2498607635498","12.0949993133545","12.3320922851562","12.2591743469238","12.2109956741333","12.2464151382446","12.0805902481079","11.9921426773071","10.4407529830933","11.054573059082","10.6437501907349","",
"Georgia","GEO","Government expenditure on education, total (% of government expenditure)","SE.XPD.TOTL.GB.ZS","","","","","","","","","","","","","","","","","","","","","","","","","","","","","","","","","","","","10.4654216766357","10.8713808059692","11.4259691238403","12.6847562789917","13.1711015701294","13.4539813995361","12.5010948181152","13.9157047271729","11.5538969039917","13.0814218521118","10.9017448425293","11.9610452651978","9.31300830841064","8.87841510772705","8.73351955413818","8.99547100067139","9.26516628265381","9.82021331787109","12.0112237930298","12.5074939727783","14.1098947525024","15.0103225708008","15.1146421432495","14.2720069885254","14.1419124603271","12.0671129226685","12.4690103530884","12.1745977401733","",
"Ghana","GHA","Government expenditure on education, total (% of government expenditure)","SE.XPD.TOTL.GB.ZS","","","","","","","","","","","","","","","","","","","","","7.64188003540039","7.74813985824585","13.8319396972656","","","","34.3092002868652","24.6679992675781","23.9328594207764","","","","","","","","","","","14.8927001953125","","15.7411098480225","","","22.3792495727539","23.4299602508545","24.161979675293","22.3170204162598","24.0375003814697","22.4951305389404","20.6961402893066","30.6343097686768","26.5813903808594","21.2222099304199","20.9851398468018","23.8087997436523","22.0933208465576","20.0976390838623","18.5981693267822","14.2717189788818","13.6294746398926","12.1674146652222","13.1793041229248","12.0353174209595",
"Gibraltar","GIB","Government expenditure on education, total (% of government expenditure)","SE.XPD.TOTL.GB.ZS","","","","","","","","","","","","","","","","","","","","","","","","","","","","","","","","","","","","","","","","","","","","","","","","","","","7.96277046203613","7.47959470748901","6.35813045501709","6.66659021377563","7.85586929321289","7.69608020782471","8.01170921325684","7.62687253952026","7.75997543334961","7.36537981033325","7.68057203292847","7.61831378936768","7.82075643539429","8.83156776428223",
"Guinea","GIN","Government expenditure on education, total (% of government expenditure)","SE.XPD.TOTL.GB.ZS","","","","","","","","","","","","","","","","","","","","","","","","","","","","","","","","9.9965295791626","11.537449836731","11.4484996795654","","","","","","14.6585502624512","15.195969581604","10.3157596588135","13.0643196105957","11.6247501373291","12.3133001327515","10.9474697113037","","","15.6782598495483","13.583399772644","12.4383201599121","14.2593097686768","9.46061038970947","14.1328096389771","11.9895095825195","11.5987796783447","15.7688598632812","13.3767900466919","14.8701200485229","12.4053602218628","14.290060043335","11.5016679763794","11.9496955871582","10.0269184112549",
"Gambia, The","GMB","Government expenditure on education, total (% of government expenditure)","SE.XPD.TOTL.GB.ZS","","","","","","","","","","","","","","","","","","","","","","","","","","","","","","","","","","","","","","","","","11.921799659729","8.2052698135376","10.9475202560425","8.46883964538574","5.02954006195068","5.34417009353638","5.36076021194458","7.2975001335144","18.8817100524902","13.293740272522","17.6112308502197","17.0267181396484","13.7955303192139","10.5854196548462","11.7523202896118","12.4213285446167","10.4499597549438","15.4411373138428","12.444580078125","16.8520450592041","14.2760601043701","15.6218185424805","14.4843282699585","17.5029582977295",
"Guinea-Bissau","GNB","Government expenditure on education, total (% of government expenditure)","SE.XPD.TOTL.GB.ZS","","","","","","","","","","","","","","","","","","","","","","","","","","","","","","","","","","","","","","","","16.7430992126465","","","","","","","","","","","9.06923961639404","10.1997404098511","14.5397996902466","16.1913795471191","","","","","","","","","","",
"Equatorial Guinea","GNQ","Government expenditure on education, total (% of government expenditure)","SE.XPD.TOTL.GB.ZS","","","","","","","","","","","","","","","","","","","","","","","","","","","","","","","","","","","","","","","5.24813985824585","","","","","","","","","","","","","","","","","","","","","","","","","",
"Greece","GRC","Government expenditure on education, total (% of government expenditure)","SE.XPD.TOTL.GB.ZS","","","","","","","","","","","","","","","","","","","","","","","","","","","","","","","","","","","","8.00047397613525","8.17508697509766","8.98880863189697","8.06789207458496","8.12561893463135","8.31639289855957","8.07203769683838","8.54877948760986","9.13454627990723","8.62540149688721","9.24479007720947","8.08978462219238","7.63677549362183","7.42687034606934","7.63661861419678","7.8240270614624","8.20070362091064","8.08769798278809","7.16932964324951","8.53313446044922","7.68333673477173","8.05513381958008","8.03267192840576","8.45666408538818","8.35541915893555","7.53919172286987","7.11189556121826","","",
"Grenada","GRD","Government expenditure on education, total (% of government expenditure)","SE.XPD.TOTL.GB.ZS","","","","","","","","","","","","","","","","","","","","","","","","","","","","","","","","","","","","","","","","","","","","10.9746398925781","","","","","","","15.5598106384277","14.7207736968994","10.7031183242798","","11.7989988327026","9.90250015258789","","14.0411701202393","10.0805730819702","","","10.0594644546509","9.87272262573242","14.3592510223389",
"Greenland","GRL","Government expenditure on education, total (% of government expenditure)","SE.XPD.TOTL.GB.ZS","","","","","","","","","","","","","","","","","","","","","","","","","","","","","","","","","","","","","","","","","","","","","","","","","","","","","","","","","","","","","","","","",
"Guatemala","GTM","Government expenditure on education, total (% of government expenditure)","SE.XPD.TOTL.GB.ZS","","","","","","","","","","","","","","","","","","","","","","","","","","","","","","","","","","","","","","","","","","","","","","","","","","","","","","","18.5160884857178","20.3962574005127","20.1820964813232","20.0077438354492","20.3894577026367","20.36159324646","18.8881053924561","19.3832302093506","18.9399223327637","",
"Guam","GUM","Government expenditure on education, total (% of government expenditure)","SE.XPD.TOTL.GB.ZS","","","","","","","","","","","","","","","","","","","","","","","","","","","","","","","","","","","","","","","","","","","","","","","","","","","","","","","","","","","","","","","","",
"Guyana","GUY","Government expenditure on education, total (% of government expenditure)","SE.XPD.TOTL.GB.ZS","","","","","","","","","","","","","","","","","","","","","","","","","","","","","","","","","","","","","","","","22.6877994537354","17.6568393707275","16.5555591583252","16.9000091552734","13.8145599365234","11.0807399749756","13.8234395980835","13.4816904067993","11.5261602401733","","10.338210105896","11.9658098220825","11.8228998184204","10.2595901489258","","18.8775196075439","17.9194202423096","18.8135395050049","17.7340602874756","16.1520805358887","","","","","",
"High income","HIC","Government expenditure on education, total (% of government expenditure)","SE.XPD.TOTL.GB.ZS","","","","","","","","","","","","","","","","","","","","","","","","","","","","","","","","","","","","11.3609561920166","11.3914403915405","11.4716348648071","11.5008249282837","11.8901042938232","12.0025868415833","12.2595438957214","12.5627784729004","12.7184782028198","12.5747890472413","12.4393649101258","12.2874965667725","12.0929474830628","12.1907577514648","12.0104522705078","12.1376848220825","12.1209850311279","11.7056646347046","11.5621957778931","11.7385368347168","11.8683643341065","11.9989252090454","11.9768667221069","11.9628953933716","11.9152545928955","11.0349411964417","11.1119809150695","","",
"Hong Kong SAR, China","HKG","Government expenditure on education, total (% of government expenditure)","SE.XPD.TOTL.GB.ZS","","","","","","","","","","","","","","","","","","","","","","","","","","","","","","","","","","","","","","","","","","","19.1229610443115","19.7822513580322","19.9351615905762","18.2606601715088","20.0490779876709","19.762035369873","17.6088485717773","18.1912631988525","19.3917369842529","17.5216312408447","17.7359085083008","16.2613792419434","17.5052490234375","16.783073425293","17.0466003417969","17.836483001709","19.6801109313965","17.4856204986572","12.821702003479","14.8568267822266","","",
"Honduras","HND","Government expenditure on education, total (% of government expenditure)","SE.XPD.TOTL.GB.ZS","","","","","","","","","","","","","","","","","","","","","","","","","","","","","","","","","","","12.8887500762939","17.8756408691406","","","","","","","","","","","","","","","","","","19.864070892334","25.6536197662354","24.6445598602295","","","23.1551094055176","","","","","15.3722801208496",
"Heavily indebted poor countries (HIPC)","HPC","Government expenditure on education, total (% of government expenditure)","SE.XPD.TOTL.GB.ZS","","","","","","","","","","","","","","","","","","","","","","","","","","","","","","","","","","","","","","","","","14.7407150268555","","","","14.9615097045899","16.9791898727417","17.2866497039795","","16.2177352905273","17.9289798736572","17.5796451568604","16.965253829956","16.3870573043823","16.1913795471191","16.8992567062378","17.4795207977295","15.7688598632812","16.137779712677","17.5215301513672","15.357029914856","14.796865940094","15.8643770217896","14.4843282699585","14.7708702087402",
"Croatia","HRV","Government expenditure on education, total (% of government expenditure)","SE.XPD.TOTL.GB.ZS","","","","","","","","","","","","","","","","","","","","","","","","","","","","","","","","","","","","10.8332357406616","10.3629541397095","10.3505506515503","11.1370267868042","11.1403837203979","11.201714515686","11.3280839920044","12.5106134414673","12.0232057571411","11.5024547576904","11.7812232971191","11.1515274047852","10.914288520813","10.4034261703491","10.7116813659668","10.8336887359619","10.4674768447876","10.8154163360596","10.5198698043823","10.6503143310547","10.4640331268311","10.5424289703369","10.7396984100342","10.4801244735718","10.9761648178101","10.3530426025391","10.720606803894","","",
"Haiti","HTI","Government expenditure on education, total (% of government expenditure)","SE.XPD.TOTL.GB.ZS","","","","","","","","","","","","","","","","","","","","","","","","","","","","","","","","","","","","","","","","","","","","","","","","","","","","","","","11.9841499328613","14.5677795410156","13.2331695556641","14.6950197219849","14.4909696578979","12.8616704940796","10.0041093826294","16.1069355010986","13.124044418335","11.2308111190796",
"Hungary","HUN","Government expenditure on education, total (% of government expenditure)","SE.XPD.TOTL.GB.ZS","","","","","","","","","","","","","","","","","","","","","","","","","","","","","","","","","","","","10.0814151763916","10.4845571517944","10.8694581985474","10.2564430236816","10.5633296966553","11.2330541610718","11.3520240783691","11.1195278167725","13.0513229370117","12.0897092819214","12.1468019485474","11.5181198120117","11.0570459365845","10.8671245574951","10.6141624450684","11.2314052581787","10.2943744659424","9.5221004486084","9.41478633880615","10.3912000656128","10.3242197036743","10.6055021286011","10.8394899368286","10.8592433929443","10.1927442550659","9.3338794708252","10.3632917404175","","",
"IBRD only","IBD","Government expenditure on education, total (% of government expenditure)","SE.XPD.TOTL.GB.ZS","","","","","","","","","","","","","","","","","","","","","","","","","","","","","","","","","","","","","","","","","","","15.1021203994751","14.5076007843018","","","13.5246105194092","13.8841071128845","14.2176504135132","14.5476303100586","15.1409640312195","13.7686042785645","14.9290056228638","14.2103252410889","15.5803651809692","15.220290184021","15.5256500244141","14.9879512786865","14.7846651077271","14.4941005706787","14.4718809127808","14.6473617553711","14.1554746627808","",
"IDA & IBRD total","IBT","Government expenditure on education, total (% of government expenditure)","SE.XPD.TOTL.GB.ZS","","","","","","","","","","","","","","","","","","","","","","","","","","","","","","","","","","","","","","","","","","","","","14.921667098999","","","","14.8898296356201","15.1583414077759","15.4711475372314","14.8677701950073","15.0526127815247","14.7248983383179","15.5481529235839","15.3179636001587","15.2533750534058","15.3589043617248","15.4992260932922","14.3115892410278","14.4511222839355","14.8492531776429","14.4758195877075","",
"IDA total","IDA","Government expenditure on education, total (% of government expenditure)","SE.XPD.TOTL.GB.ZS","","","","","","","","","","","","","","","","","","","","","","","","","","","","","","","","","","","","","","","","","","","","","15.9531202316284","","","","16.1773300170898","","16.5039100646973","15.3433799743652","15.1762199401855","15.4976797103882","15.0917367935181","15.5138716697693","15.1595897674561","15.5875105857849","16.863468170166","14.2717189788818","14.3705911636353","15.3408699035645","14.480073928833","13.7042379379272",
"IDA blend","IDB","Government expenditure on education, total (% of government expenditure)","SE.XPD.TOTL.GB.ZS","","","","","","","","","","","","","","","","","","","","","","","","","","","","","","","","","","","","","","","","","","","","","","","","","","","18.2830295562744","14.8677701950073","15.1762199401855","14.2749242782593","12.0902099609375","13.1872797012329","12.0695796012878","15.68577003479","15.5829000473022","11.5915641784668","15.0588665008544","11.4325559139252","12.766975402832","",
"Indonesia","IDN","Government expenditure on education, total (% of government expenditure)","SE.XPD.TOTL.GB.ZS","","","","","","","","","","","","","","","","","","","","","","","","","","","","","","","","","","","","","","","","","","","","","","","","","11.4513339996338","16.1648426055908","18.0139236450195","18.5482845306396","16.9681091308594","16.3005867004395","16.4595470428467","16.7138710021973","21.078784942627","16.1104793548584","16.7957096099854","17.33811378479","17.9436836242676","16.0678157806396","13.9326143264771","",
"IDA only","IDX","Government expenditure on education, total (% of government expenditure)","SE.XPD.TOTL.GB.ZS","","","","","","","","","","","","","","","","","","","","","","","","","","","","","","","","","","","","","","","","","15.0518498420716","","","","15.9531202316284","","","","16.2581405639648","16.3016891479492","16.3383646011353","16.0686750411987","15.1776347160339","16.1652793884277","15.63267993927","16.2116394042969","15.3471603393555","15.5313014984131","16.9771842956543","14.7919869422912","14.2830600738525","15.5322399139404","14.4843282699585","13.858775138855",
"Isle of Man","IMN","Government expenditure on education, total (% of government expenditure)","SE.XPD.TOTL.GB.ZS","","","","","","","","","","","","","","","","","","","","","","","","","","","","","","","","","","","","","","","","","","","","","","","","","","","","","","","","","","","","","","","","",
"India","IND","Government expenditure on education, total (% of government expenditure)","SE.XPD.TOTL.GB.ZS","","","","","","","","","","","","","","","","","","","","","","","","","","","","","","","","","","","","","","13.3222303390503","14.1592702865601","16.9598293304443","16.7305107116699","","","12.4107999801636","11.1968603134155","11.208459854126","11.6937103271484","","","11.1912002563477","11.8336801528931","13.5649099349976","13.0877075195312","14.0501804351807","15.7181539535522","16.3342304229736","17.1553020477295","13.5492553710938","13.0661878585815","14.9984302520752","14.9909858703613","14.6473617553711","14.1554746627808","",
"Not classified","INX","Government expenditure on education, total (% of government expenditure)","SE.XPD.TOTL.GB.ZS","","","","","","","","","","","","","","","","","","","","","","","","","","","","","","","","","","","","","","","","","","","","","","","","","","","","","","","","","","","","","","","","",
"Ireland","IRL","Government expenditure on education, total (% of government expenditure)","SE.XPD.TOTL.GB.ZS","","","","","","","","","","","","","","","","","","","","","","","","","","","","","","","","","","","","14.1052875518799","14.5881376266479","12.195839881897","12.3517360687256","12.4826955795288","12.938889503479","12.7310466766357","12.1440725326538","12.5701971054077","12.5068759918213","12.4351167678833","11.9533157348633","12.1383266448975","11.3260879516602","10.1927270889282","7.12444400787354","11.1878843307495","11.9318771362305","11.8800659179688","12.1197938919067","11.9181032180786","12.2743225097656","12.612678527832","12.4752531051636","13.2124443054199","11.8775758743286","12.0236730575562","","",
"Iran, Islamic Rep.","IRN","Government expenditure on education, total (% of government expenditure)","SE.XPD.TOTL.GB.ZS","","","","","","","","","","","","","","","","","","","","","","","","","","","","","","","","18.3469696044922","20.6326198577881","23.7152805328369","","14.5469598770142","13.5669202804565","","","20.1129207611084","20.6338500976562","24.4241695404053","26.5064296722412","22.1354694366455","21.5214500427246","21.8996906280518","19.4567794799805","20.0312805175781","22.3846092224121","18.5626201629639","19.2569103240967","20.1513805389404","17.3957901000977","21.6735000610352","19.6648693084717","18.5687503814697","19.4454307556152","20.3052101135254","21.1460399627686","21.2445297241211","22.6655006408691","","18.8211994171143","",
"Iraq","IRQ","Government expenditure on education, total (% of government expenditure)","SE.XPD.TOTL.GB.ZS","","","","","","","","","","","","","","","","","","","","","","","","","","","","","","","","","","","","","","","","","","","","","","","","","","","","","","","","","","","","","","","","",
"Iceland","ISL","Government expenditure on education, total (% of government expenditure)","SE.XPD.TOTL.GB.ZS","","","","","","","","","","","","","","","","","","","","","","","","","","","","","","","","","","","","","","","15.4762029647827","15.4413385391235","15.5320138931274","18.1783809661865","18.7273769378662","18.1095695495605","18.6056900024414","17.339469909668","17.1042213439941","16.6126117706299","11.8554468154907","14.1029071807861","14.687912940979","14.0724515914917","14.5596466064453","15.5000915527344","15.1298274993896","15.6150579452515","14.3981485366821","15.8099613189697","15.9900131225586","16.135856628418","15.8758506774902","15.4063129425049","14.8986892700195","",
"Israel","ISR","Government expenditure on education, total (% of government expenditure)","SE.XPD.TOTL.GB.ZS","","","","","","","","","","","","","","","","","","","","","","","","","","","","","","","","","","","","","","","","","15.8126955032349","15.7292146682739","14.5283851623535","15.251654624939","15.3283262252808","14.9900407791138","14.8964519500732","15.3484306335449","15.6074600219727","15.5632905960083","16.4259624481201","16.4476222991943","17.017858505249","17.264476776123","17.8559989929199","18.0832595825195","18.0266132354736","18.2050952911377","18.1244068145752","18.1259078979492","15.7630271911621","16.4842472076416","17.5333347320557","",
"Italy","ITA","Government expenditure on education, total (% of government expenditure)","SE.XPD.TOTL.GB.ZS","","","","","","","","","","","","","","","","","","","","","","","","","","","","","","","","","","","","8.45182800292969","8.72720146179199","9.02195453643799","9.2203950881958","9.38837718963623","9.32159328460693","9.33592224121094","9.50787544250488","9.63621044158936","9.21776676177979","9.4085693359375","9.15353393554688","9.45093727111816","8.96302890777588","8.86478042602539","8.70691394805908","8.25843811035156","8.01842975616455","8.0210485458374","7.94235134124756","7.94384479522705","7.86237335205078","7.91769123077393","8.11164093017578","8.04736328125","7.4938817024231","7.43716192245483","","",
"Jamaica","JAM","Government expenditure on education, total (% of government expenditure)","SE.XPD.TOTL.GB.ZS","","","","","","","","","","","","","","","","","","","","","","","","","","","","","","","","16.3537693023682","12.7515697479248","12.7980003356934","18.3885097503662","15.3610401153564","15.5360202789307","15.3999900817871","","","16.7966003417969","19.9911499023438","18.3639297485352","13.3623399734497","11.7330198287964","14.2693700790405","","17.1730499267578","19.1193809509277","17.5528392791748","16.1029396057129","18.5819301605225","18.8092594146729","20.573860168457","21.7974891662598","20.0514793395996","19.1451206207275","18.4025402069092","18.5839996337891","17.3139896392822","","17.4179000854492","16.9328594207764","",
"Jordan","JOR","Government expenditure on education, total (% of government expenditure)","SE.XPD.TOTL.GB.ZS","","","","","","","","","","","","","","","","","","","","","","","","","","","8.76023960113525","9.8800802230835","9.82437992095947","13.0864200592041","","","","","","","21.5640602111816","18.4110298156738","","14.6642599105835","","","","","","","","","","","","","","","","","12.1501598358154","11.1960496902466","9.82532024383545","9.94909000396729","","9.72099018096924","9.68389987945557","",
"Japan","JPN","Government expenditure on education, total (% of government expenditure)","SE.XPD.TOTL.GB.ZS","","","","","","","","","","","","","","","","","","","","","","","","","","","","","","","","","","","","","","","","","","","","","","9.32717037200928","9.39399242401123","9.41275119781494","9.1277551651001","8.93050956726074","8.78449821472168","8.53705215454102","8.50433921813965","8.46380710601807","8.53448104858398","8.37435340881348","8.19603538513184","8.15314960479736","8.12929344177246","8.14628219604492","7.29289722442627","7.41083431243896","7.52129125595093","",
"Kazakhstan","KAZ","Government expenditure on education, total (% of government expenditure)","SE.XPD.TOTL.GB.ZS","","","","","","","","","","","","","","","","","","","","","","","","","","","","","","","","","","","","","","","","","14.6947145462036","14.6789741516113","15.1228923797607","14.5076007843018","14.8104724884033","","","","","","16.9313163757324","18.1045742034912","19.2528705596924","17.9606075286865","17.3248329162598","16.8194580078125","19.6017456054688","14.3418827056885","17.90452003479","18.9601745605469","20.1649265289307","24.0871315002441","","",
"Kenya","KEN","Government expenditure on education, total (% of government expenditure)","SE.XPD.TOTL.GB.ZS","","","","","","","","","","","","","","","","","","","","","","","","","","","","","","","","","","","","","","","","","","","","","","","","","","","","","","","","","","","","","17.9213333129883","","","",
"Kyrgyz Republic","KGZ","Government expenditure on education, total (% of government expenditure)","SE.XPD.TOTL.GB.ZS","","","","","","","","","","","","","","","","","","","","","","","","","","","","","","","","","","","","","","","","","","","","","","","","","","","","","","","18.2590274810791","19.0759449005127","20.6698703765869","19.6762943267822","20.1439247131348","20.0652179718018","20.8148975372314","19.7111740112305","20.9812488555908","",
"Cambodia","KHM","Government expenditure on education, total (% of government expenditure)","SE.XPD.TOTL.GB.ZS","","","","","","","","","","","","","","","","","","","","","","","","","","","","","","","","","","","","","","","9.39200019836426","","11.0790100097656","11.3807897567749","10.1375703811646","","12.4043102264404","","","11.1035099029541","","8.16524028778076","7.33747005462646","7.33540010452271","7.19985008239746","14.0046253204346","13.6572694778442","15.3179636001587","15.1154346466064","15.9425449371338","16.863468170166","18.9377002716064","17.1683502197266","15.7361831665039","","",
"Kiribati","KIR","Government expenditure on education, total (% of government expenditure)","SE.XPD.TOTL.GB.ZS","","","","","","","","","","","","","","","","","","","","","","","","","","","","","","","","","","","","","","","","","","","","","","","","","","","","18.2019882202148","17.9850482940674","16.7226161956787","16.6651515960693","13.747748374939","12.8880548477173","12.5488843917847","15.1397171020508","12.1936349868774","12.4564485549927","12.9096794128418","16.1209964752197","",
"St. Kitts and Nevis","KNA","Government expenditure on education, total (% of government expenditure)","SE.XPD.TOTL.GB.ZS","","","","","","","","","","","","","","","","","","","","","","","","","","19.1677398681641","","13.0074100494385","","9.14000034332275","","11.2264204025269","15.2141399383545","","","13.378529548645","","","14.4315996170044","10.3522701263428","13.6850500106812","14.319109916687","11.0593299865723","12.2880601882935","11.7902603149414","11.056209564209","12.4784097671509","13.0518102645874","","","11.5542068481445","10.6509714126587","","13.8622179031372","13.1499462127686","8.77348041534424","13.7847833633423","13.7766399383545","10.1063499450684","8.63854694366455","11.1108884811401","6.75769996643066","10.9782552719116","",
"Korea, Rep.","KOR","Government expenditure on education, total (% of government expenditure)","SE.XPD.TOTL.GB.ZS","","","","","","","","","","","","","","","","","","","","","","","","","","","","","","","","","","","","","","","","","","","","","","","","","","","","","","","","","","","","","","","","",
"Kuwait","KWT","Government expenditure on education, total (% of government expenditure)","SE.XPD.TOTL.GB.ZS","","","","","","","","","","","","","","","","","","","","","","","","","","10.0098896026611","11.9094400405884","","","","","","9.93505001068115","","","","12.024359703064","13.2994403839111","","","","22.451379776001","16.0883407592773","","14.6948299407959","13.5687398910522","13.1910800933838","","","","","","","","","","11.2530069351196","11.8619890213013","12.1575479507446","12.8502998352051","12.4398012161255","12.0027570724487","12.263165473938","12.5796222686768",
"Latin America & Caribbean (excluding high income)","LAC","Government expenditure on education, total (% of government expenditure)","SE.XPD.TOTL.GB.ZS","","","","","","","","","","","","","","","","","","","","","","","","","","","","","","","","","","","","","","","","","16.2261505126953","","16.0649995803833","14.6583099365234","","","","16.1373100280762","","16.9050579071045","16.1029396057129","16.7015495300293","16.4788303375244","16.5196533203125","17.2877807617188","17.940149307251","18.0468244552613","18.321159362793","17.8680896759033","15.8225297927857","16.4284801483154","16.7094707489014","16.9464120864869","",
"Lao PDR","LAO","Government expenditure on education, total (% of government expenditure)","SE.XPD.TOTL.GB.ZS","","","","","","","","","","","","","","","","","","","","","","","","","","","","","","","","","","","","","","","","","7.295569896698","9.94657039642334","15.2626600265503","","15.8750801086426","14.1292695999146","17.7623596191406","18.1017894744873","13.0052099227905","7.46309995651245","7.24696016311646","8.2595796585083","7.36839008331299","13.341010093689","11.7573499679565","10.4693965911865","12.8905076980591","11.4389352798462","11.1683778762817","10.8316202163696","10.662220954895","11.5062065124512","9.8249340057373","9.80367183685303",
"Lebanon","LBN","Government expenditure on education, total (% of government expenditure)","SE.XPD.TOTL.GB.ZS","","","","","","","","","","","","","","","","","","","","","","","","","","","","","","","","","","6.80824995040894","10.4434003829956","5.91636991500854","8.10669994354248","","","","","7.4212498664856","7.05630016326904","","7.93123006820679","8.42131042480469","7.69319009780884","7.34104013442993","5.86977005004883","5.50299978256226","5.53428983688354","5.73380994796753","7.10915994644165","8.57551956176758","","","7.14896154403687","7.147536277771","8.04745483398438","8.14395332336426","9.89828586578369","","","",
"Liberia","LBR","Government expenditure on education, total (% of government expenditure)","SE.XPD.TOTL.GB.ZS","","","","","","","","","","","","","","","","","","","","","","","","","","","","","","","","","","","","","","","","","","","","","","","","","6.45407009124756","","","","5.18434000015259","5.65268993377686","6.76014995574951","","","7.76910018920898","7.96435022354126","","","7.36619997024536","","",
"Libya","LBY","Government expenditure on education, total (% of government expenditure)","SE.XPD.TOTL.GB.ZS","","","","","","","","","","","","","","","","","","","","","","","","","","","","","","","","","","","","","","","","8.1387300491333","","","","","","","","","","","","","","","","","","","","","","","","",
"St. Lucia","LCA","Government expenditure on education, total (% of government expenditure)","SE.XPD.TOTL.GB.ZS","","","","","","","","","","","","","","","","","","","","","","","","","","","23.2560997009277","","","","","","","","31.3131809234619","","","","29.4338207244873","26.0362701416016","","25.8546295166016","","15.4221601486206","15.0410404205322","16.3069705963135","19.0113792419434","","19.9433708190918","13.8953199386597","14.2020797729492","13.8367595672607","12.1924495697021","13.8478603363037","15.3015203475952","16.4529800415039","21.975700378418","14.0997362136841","14.3067197799683","14.0843200683594","14.3932695388794","14.467586517334","16.3435401916504","",
"Latin America & Caribbean","LCN","Government expenditure on education, total (% of government expenditure)","SE.XPD.TOTL.GB.ZS","","","","","","","","","","","","","","","","","","","","","","","","","","","","","","","","","","","","","","","","","16.2261505126953","","16.0649995803833","14.6583099365234","","","","","","","16.1029396057129","15.1605548858643","16.2418508529663","15.8707966804505","16.2275104522705","17.4146747589112","17.9375495910644","17.577299118042","16.8650150299072","14.7598052024841","15.9905848503113","15.9666299819946","16.4729194641113","",
"Least developed countries: UN classification","LDC","Government expenditure on education, total (% of government expenditure)","SE.XPD.TOTL.GB.ZS","","","","","","","","","","","","","","","","","","","","","","","","","","","","","","","","","","","","","","","","","14.9077301025391","15.3105802536011","","","14.4179248809814","15.506609916687","16.8837699890137","","15.6782598495483","14.0298700332642","12.630943775177","15.0456495285034","14.1259632110596","15.2023057937622","13.7343196868896","14.5677795410156","14.3165302276612","14.8146796226502","15.5269708633423","14.2137899398804","13.6285581588745","15.2831525802612","14.4039645195007","13.7042379379272",
"Low income","LIC","Government expenditure on education, total (% of government expenditure)","SE.XPD.TOTL.GB.ZS","","","","","","","","","","","","","","","","","","","","","","","","","","","","","","","","","","","","","","","","","15.1157698631287","15.6620597839355","","","12.9607696533203","","","","15.5915098190308","16.3016891479492","16.5039100646973","15.3433799743652","15.1776347160339","15.8314795494079","15.3622083663941","16.5872745513916","14.6354198455811","14.3444204330444","16.3399696350098","16.1045374870301","14.7093348503113","15.6218185424805","14.4843282699585","",
"Liechtenstein","LIE","Government expenditure on education, total (% of government expenditure)","SE.XPD.TOTL.GB.ZS","","","","","","","","","","","","","","","","","","","","","","","","","","","","","","","","","","","","","","","","","","","","","","","","","","","","","","","","","","","","","","","","",
"Sri Lanka","LKA","Government expenditure on education, total (% of government expenditure)","SE.XPD.TOTL.GB.ZS","","","","","","","","","","","","","","","","","","","","","","","","","","","","","","","","10.8762302398682","","","12.7072801589966","11.5656700134277","12.6938896179199","","11.6688299179077","","","","","","","","","","","8.27079010009766","8.6056604385376","9.1101598739624","8.39402961730957","9.41994953155518","10.8239603042603","10.9502601623535","17.728759765625","14.4997596740723","11.3309001922607","","5.46859169006348","5.03881216049194","5.34583044052124","8.678466796875",
"Lower middle income","LMC","Government expenditure on education, total (% of government expenditure)","SE.XPD.TOTL.GB.ZS","","","","","","","","","","","","","","","","","","","","","","","","","","","","","","","","","","","","","","","","","","","","","15.8750801086426","","","","17.8161907196045","14.0298700332642","14.7474946975708","14.8677701950073","15.1762199401855","14.1328096389771","15.6170473098754","15.0811429023742","15.4116048812866","15.5875105857849","15.5829000473022","14.2717189788818","14.4718809127808","14.8174867630005","14.3321094512939","13.0829515457153",
"Low & middle income","LMY","Government expenditure on education, total (% of government expenditure)","SE.XPD.TOTL.GB.ZS","","","","","","","","","","","","","","","","","","","","","","","","","","","","","","","","","","","","","","","","","","","","","","","","","15.6348848342896","15.9585647583008","16.1728191375732","15.1585597991943","15.8953800201416","15.3598098754883","16.0146241188049","16.2116394042969","15.7162399291992","15.4742965698242","15.6197366714478","14.4990835189819","14.8811006546021","15.3120112419128","14.4039645195007","",
"Lesotho","LSO","Government expenditure on education, total (% of government expenditure)","SE.XPD.TOTL.GB.ZS","","","","","","","","","","","","","","","","","","","","","","","","29.4107704162598","20.8233108520508","22.9217090606689","","","15.2133703231812","15.3539400100708","","","","22.7388095855713","18.3918495178223","20.2000007629395","","26.0569496154785","","23.3806896209717","19.1415996551514","22.9656295776367","23.4870796203613","31.5068492889404","27.1636009216309","32.5390510559082","28.9593200683594","","24.2185802459717","","","21.2399997711182","17.4300003051758","19.3099994659424","18.1000003814697","13.9359951019287","13.9976406097412","15.5313014984131","15.224591255188","13.825984954834","14.7712154388428","14.3879871368408","15.5426712036133","11.2622566223145",
"Late-demographic dividend","LTE","Government expenditure on education, total (% of government expenditure)","SE.XPD.TOTL.GB.ZS","","","","","","","","","","","","","","","","","","","","","","","","","","","","","","","","","","","","","","","","","","13.0752849578857","14.6936650276184","14.2088356018067","13.8881258964539","12.4351167678833","12.6705694198609","14.0351276397705","14.4907517433167","14.1037669181824","13.6846694946289","13.6389598846436","14.0066299438477","13.3154048919678","13.9560198783875","14.8515744209289","14.6343183517456","14.3418827056885","13.5436086654663","13.8232131004333","12.4398012161255","12.6531772613525","","",
"Lithuania","LTU","Government expenditure on education, total (% of government expenditure)","SE.XPD.TOTL.GB.ZS","","","","","","","","","","","","","","","","","","","","","","","","","","","","","","","","","","","","15.2483863830566","14.5829277038574","10.2474327087402","14.1967058181763","16.6883506774902","15.3608303070068","16.4876022338867","17.4590110778809","17.1585083007812","19.1818199157715","18.2094573974609","15.6859064102173","14.1359329223633","15.0595808029175","14.9808282852173","13.9693470001221","13.1314840316772","14.9880838394165","14.7460718154907","14.5009775161743","14.4306173324585","13.9628229141235","13.6782789230347","13.3184099197388","13.275951385498","12.170557975769","12.7444953918457","","",
"Luxembourg","LUX","Government expenditure on education, total (% of government expenditure)","SE.XPD.TOTL.GB.ZS","","","","","","","","","","","","","","","","","","","","","","","","","","","","","","","","","","","","10.9939413070679","11.1394500732422","10.983736038208","11.4047203063965","11.3774147033691","11.2289552688599","11.5565624237061","11.0729646682739","11.2468395233154","11.2454776763916","11.186240196228","11.2557678222656","11.448784828186","11.4624090194702","11.4353742599487","11.9787559509277","12.073920249939","12.1642942428589","11.3798866271973","11.3736276626587","11.2310438156128","11.1684913635254","11.0432891845703","11.1042575836182","11.1825523376465","10.6569862365723","11.0031833648682","10.7424373626709","",
"Latvia","LVA","Government expenditure on education, total (% of government expenditure)","SE.XPD.TOTL.GB.ZS","","","","","","","","","","","","","","","","","","","","","","","","","","","","","","","","","","","","16.4210472106934","14.646671295166","14.9533185958862","16.3469982147217","14.8978586196899","14.6156311035156","16.027006149292","16.2490139007568","15.742730140686","16.4174213409424","15.2358856201172","15.360034942627","15.9354991912842","16.4017181396484","14.6940021514893","13.4196310043335","14.2099361419678","14.7431201934814","14.9403123855591","15.1853151321411","15.2136878967285","14.7979717254639","14.9332962036133","14.8106212615967","15.0182876586914","13.7033176422119","12.6531772613525","","",
"Macao SAR, China","MAC","Government expenditure on education, total (% of government expenditure)","SE.XPD.TOTL.GB.ZS","","","","","","","","","","","","","","","","","","","","","","","","","","","","","","","","","","","","","15.1463670730591","8.44985294342041","16.3971786499023","13.8104066848755","15.4884328842163","16.0622749328613","16.3164901733398","15.1763486862183","14.0336427688599","14.1184701919556","14.9362163543701","16.2244739532471","14.001088142395","12.9988126754761","14.9227809906006","17.7482261657715","22.0245628356934","17.2853088378906","14.9367771148682","14.7484540939331","14.8942623138428","13.9369010925293","14.4566869735718","15.5520725250244","12.298882484436","12.8669157028198","10.1243171691895","",
"St. Martin (French part)","MAF","Government expenditure on education, total (% of government expenditure)","SE.XPD.TOTL.GB.ZS","","","","","","","","","","","","","","","","","","","","","","","","","","","","","","","","","","","","","","","","","","","","","","","","","","","","","","","","","","","","","","","","",
"Morocco","MAR","Government expenditure on education, total (% of government expenditure)","SE.XPD.TOTL.GB.ZS","","","","","","","","","","","","","","","","","","","","","","","","","","","","","","","","19.8927707672119","","20.4642391204834","","20.4727096557617","","","25.2115306854248","25.7684707641602","","","","","","","","","17.4706401824951","17.2952899932861","","","20.7460784912109","","22.0639419555664","22.2395477294922","22.2573566436768","21.6499042510986","22.4447612762451","21.4650707244873","24.1580944061279","23.7564830780029","23.865665435791","22.8255195617676",
"Monaco","MCO","Government expenditure on education, total (% of government expenditure)","SE.XPD.TOTL.GB.ZS","","","","","","","","","","","","","","","","","","","","","","","","","","","","","5.13411998748779","5.48415994644165","","","5.16343021392822","","","5.76774978637695","5.84233999252319","6.40111017227173","6.48976993560791","5.07170009613037","6.32789993286133","","","","5.925950050354","","","","","6.59881019592285","6.36322021484375","8.07616996765137","8.87594985961914","7.05921983718872","5.00886011123657","","6.59654998779297","6.98062992095947","","5.02927017211914","","5.87369012832642","4.79598999023438","7.73202991485596",
"Moldova","MDA","Government expenditure on education, total (% of government expenditure)","SE.XPD.TOTL.GB.ZS","","","","","","","","","","","","","","","","","","","","","","","","","","","","","","","","","","","","","","","","","","","19.9368915557861","20.2385711669922","17.0663642883301","19.5349559783936","19.9711990356445","19.0738315582275","19.9327144622803","20.7497901916504","22.4351692199707","21.4006881713867","20.8434753417969","18.2398204803467","17.5889492034912","18.1821689605713","17.6604232788086","17.756555557251","17.5512390136719","18.3722457885742","17.1736507415771","16.3365783691406","15.7987813949585","",
"Madagascar","MDG","Government expenditure on education, total (% of government expenditure)","SE.XPD.TOTL.GB.ZS","","","","","","","","","","","","","","","","","","","","","","14.8993101119995","16.5352897644043","16.7896404266357","18.3238906860352","16.6201801300049","","","","","","","","12.3172998428345","","","","10.6444101333618","9.38276958465576","15.5387001037598","15.8905096054077","17.6824703216553","17.9367599487305","15.7631397247314","12.9607696533203","18.0330390930176","15.3241901397705","18.0445499420166","16.2581405639648","22.5858306884766","20.4021244049072","19.7796993255615","22.1805381774902","13.9893798828125","18.9667701721191","16.9629096984863","19.5808753967285","","19.8180198669434","17.9527912139893","","","","",
"Maldives","MDV","Government expenditure on education, total (% of government expenditure)","SE.XPD.TOTL.GB.ZS","","","","","","","","","","","","","","","","","","","","","","","","","","","","","","","","","","","","","","","","","","","21.2060298919678","20.1858100891113","19.371000289917","12.9361000061035","13.2550201416016","12.6912899017334","12.5684604644775","13.7383899688721","10.946310043335","9.85499954223633","14.6365766525269","13.0882110595703","12.3174238204956","12.9394426345825","11.2238693237305","11.354208946228","11.3899021148682","12.0551443099976","10.5050411224365","10.0329265594482","11.0764446258545","10.6328048706055",
"Middle East & North Africa","MEA","Government expenditure on education, total (% of government expenditure)","SE.XPD.TOTL.GB.ZS","","","","","","","","","","","","","","","","","","","","","","","","","","","","","","","","","","","","","","","","","","20.8961391448975","16.0883407592773","","15.3283262252808","","14.8964519500732","","15.3314900398255","","","","","","","","","15.2072200775146","13.315848827362","13.3134346008301","15.4427700042725","","","",
"Mexico","MEX","Government expenditure on education, total (% of government expenditure)","SE.XPD.TOTL.GB.ZS","","","","","","","","","","","","","","","","","","","","","","","","","","","","","","","","12.1545896530151","15.0957002639771","","21.5629405975342","24.1212997436523","","","16.3176193237305","16.6939601898193","19.6461296081543","20.6242809295654","21.4649105072021","22.4718704223633","22.0538291931152","21.9037895202637","20.8243198394775","19.8890705108643","17.3801593780518","18.6651191711426","18.6425895690918","18.4210205078125","18.0871906280518","16.9059906005859","18.8059406280518","19.0187492370605","17.9393291473389","17.577299118042","16.5778503417969","","16.1958599090576","15.8831300735474","","",
"Marshall Islands","MHL","Government expenditure on education, total (% of government expenditure)","SE.XPD.TOTL.GB.ZS","","","","","","","","","","","","","","","","","","","","","","","","","","","","","","","","","","","","","","","","28.5438098907471","","","14.8142004013062","22.5087509155273","","","","","","","","","","","","","24.6580009460449","22.3880004882812","21.6979999542236","15.0427398681641","19.3689994812012","22.8700008392334","11.3453598022461","",
"Middle income","MIC","Government expenditure on education, total (% of government expenditure)","SE.XPD.TOTL.GB.ZS","","","","","","","","","","","","","","","","","","","","","","","","","","","","","","","","","","","","","","","","","","","","","","","","","15.6782598495483","15.1887102127075","15.9151139259339","15.0131649971008","15.9837255477905","15.1815586090088","16.2893800735473","16.0845546722412","16.1110439300537","15.5875105857849","15.4992260932922","14.3310699462891","14.8811006546021","14.8174867630005","14.1554746627808","",
"North Macedonia","MKD","Government expenditure on education, total (% of government expenditure)","SE.XPD.TOTL.GB.ZS","","","","","","","","","","","","","","","","","","","","","","","","","","","","","","","","","","","","","","","","","","","8.64087963104248","","","","","","","","","","","","","","","","","","","","","",
"Mali","MLI","Government expenditure on education, total (% of government expenditure)","SE.XPD.TOTL.GB.ZS","","","","","","","","","","","","","","","","","","","","","","","","","","","","","","","","","","","","","","","","","15.3238096237183","14.4934997558594","14.5252103805542","18.2837600708008","17.736349105835","16.2803001403809","","","18.0316905975342","16.9594097137451","16.5039100646973","18.2583408355713","22.4033794403076","16.6234493255615","18.2242603302002","18.1554908752441","13.9038801193237","16.534330368042","17.5215301513672","15.357029914856","15.1426095962524","16.2182102203369","18.1899967193604","19.121768951416",
"Malta","MLT","Government expenditure on education, total (% of government expenditure)","SE.XPD.TOTL.GB.ZS","","","","","","","","","","","","","","","","","","","","","","","","","","","","","","","","","","","","12.9039306640625","13.0856428146362","13.5113668441772","12.9089756011963","12.9727411270142","12.8518304824829","13.6069021224976","14.1197557449341","13.0217266082764","13.0657262802124","12.706337928772","12.9203777313232","12.706672668457","12.1298894882202","12.8068704605103","13.5537691116333","13.4512243270874","13.3912057876587","13.6162357330322","13.327073097229","13.229621887207","14.1111106872559","13.5023994445801","13.8488512039185","14.0757808685303","12.5418014526367","12.6589412689209","","",
"Myanmar","MMR","Government expenditure on education, total (% of government expenditure)","SE.XPD.TOTL.GB.ZS","","","","","","","","","","","","","","","","","","","","","","","","","","","","","","","","","","","","","","","","","","","","","","","","","","","","","7.53966474533081","7.49061679840088","7.53750991821289","8.73415756225586","9.68389511108398","8.58440017700195","9.68124294281006","9.82004833221436","","","","",
"Middle East & North Africa (excluding high income)","MNA","Government expenditure on education, total (% of government expenditure)","SE.XPD.TOTL.GB.ZS","","","","","","","","","","","","","","","","","","","","","","","","","","","","","","","","","","","","","","","","","","","","","","","","","14.9799399375915","17.928955078125","","","16.6897578239441","","","","","","","","","","","",
"Montenegro","MNE","Government expenditure on education, total (% of government expenditure)","SE.XPD.TOTL.GB.ZS","","","","","","","","","","","","","","","","","","","","","","","","","","","","","","","","","","","","","","","","","","","","","","","","","","","","","","","","","","","","","","","","",
"Mongolia","MNG","Government expenditure on education, total (% of government expenditure)","SE.XPD.TOTL.GB.ZS","","","","","","","","","","","","","","","","","","","","","","","","","","","","","","","","","22.2757625579834","21.9361457824707","17.1353321075439","17.0842685699463","15.7024021148682","15.6446924209595","25.2880573272705","","16.7009296417236","15.4733858108521","17.55442237854","","","","","","","","16.8196830749512","13.8982486724854","15.8912830352783","","","","3.59722065925598","2.82189798355103","20.4833488464355","14.0775566101074","11.2567768096924","9.9870433807373","","",
"Northern Mariana Islands","MNP","Government expenditure on education, total (% of government expenditure)","SE.XPD.TOTL.GB.ZS","","","","","","","","","","","","","","","","","","","","","","","","","","","","","","","","","","","","","","","","","","","","","","","","","","","","","","","","","","","","","","","","",
"Mozambique","MOZ","Government expenditure on education, total (% of government expenditure)","SE.XPD.TOTL.GB.ZS","","","","","","","","","","","","","","","","","","","","","","","","","","","","","","","","","","","","","","","12.053750038147","16.9233207702637","","","","","18.0015392303467","22.7181797027588","18.5500392913818","","","","19.5735168457031","19.0985736846924","19.767240524292","19.0328807830811","17.6080589294434","19.8523387908936","20.1951103210449","18.9416999816895","17.3934097290039","19.0336818695068","17.934928894043","18.7598094940186","","",
"Mauritania","MRT","Government expenditure on education, total (% of government expenditure)","SE.XPD.TOTL.GB.ZS","","","","","","","","","","","","","","","","","","","","","","","","","","","","","","","","","","","","","","","","","","","","","8.17580986022949","","10.310079574585","","","","","13.68274974823","10.0176601409912","11.4054298400879","11.9051284790039","12.8434934616089","9.33061027526855","","","10.2280197143555","9.72708988189697","9.10482025146484","8.45474910736084","9.53007316589355",
"Mauritius","MUS","Government expenditure on education, total (% of government expenditure)","SE.XPD.TOTL.GB.ZS","","","","","","","","","","","","","","","","","","","","","","","","","","","","","","","","","","","","","","","","","","","15.1021203994751","15.8855686187744","15.8063879013062","16.3474063873291","15.4679231643677","15.0828647613525","14.685188293457","16.3327980041504","15.7272882461548","15.8688669204712","15.9415674209595","15.6085023880005","16.5697288513184","16.4709491729736","16.2954635620117","15.8099765777588","15.4155521392822","14.4941005706787","12.5279674530029","11.6664562225342","12.1873197555542","",
"Malawi","MWI","Government expenditure on education, total (% of government expenditure)","SE.XPD.TOTL.GB.ZS","","","","","","","","","","","","","","","","","","","","","","","","","","","","","","","","","","","","","","","","","","","","16.4977703094482","","","","","","","12.4599800109863","15.0456495285034","13.6409635543823","20.4968299865723","16.5107326507568","21.7978992462158","16.7364082336426","14.3444204330444","15.8293504714966","","","","","",
"Malaysia","MYS","Government expenditure on education, total (% of government expenditure)","SE.XPD.TOTL.GB.ZS","","","","","","","","","","","","","","","","","","","","","","","","","","","","","","","","","19.1050300598145","17.3128795623779","19.9237499237061","19.5025901794434","22.7709407806396","20.0529804229736","","21.1885509490967","21.3906803131104","24.3485202789307","25.903600692749","24.5424404144287","21.0129203796387","","16.745569229126","16.1246604919434","14.0386400222778","18.4646301269531","18.4062309265137","20.9770202636719","19.8511600494385","19.454309463501","21.3920650482178","21.3044834136963","21.3475704193115","21.6478652954102","20.7007713317871","19.1384525299072","15.6218795776367","20.4625778198242","20.14967918396","17.1141796112061",
"North America","NAC","Government expenditure on education, total (% of government expenditure)","SE.XPD.TOTL.GB.ZS","","","","","","","","","","","","","17.4885311126709","17.7788486480713","17.638126373291","17.3917331695557","17.35178565979","16.9860610961914","16.5371341705322","16.3264541625977","15.5543832778931","14.8959426879883","14.2720994949341","13.9664220809937","14.067120552063","14.0242376327515","14.2157745361328","14.4408807754517","14.8521461486816","15.197395324707","15.2107429504395","15.3581209182739","15.1028280258179","15.2748746871948","15.5527353286743","15.8898735046387","16.1000061035156","16.6120166778564","17.134729385376","17.5550212860107","17.9881553649902","17.6896095275879","17.3132019042969","16.981616973877","16.9619560241699","16.6988105773926","16.8092250823975","16.7058124542236","14.359299659729","14.0867967605591","14.0912928581238","14.1103148460388","14.2285676002502","14.5134606361389","14.4968109130859","14.398530960083","14.3183794021606","14.4206442832947","14.3574581146241","14.0848069190979","11.2658791542053","11.0546884536743","11.0546884536743","",
"Namibia","NAM","Government expenditure on education, total (% of government expenditure)","SE.XPD.TOTL.GB.ZS","","","","","","","","","","","","","","","","","","","","","","","","","","","","","","","","","","","","","","","","23.0427703857422","21.9250602722168","22.7757091522217","21.8368606567383","20.3282108306885","","","21.6029891967773","","24.8616104125977","","26.1235103607178","24.398811340332","22.9973697662354","24.0999908447266","23.9580688476562","22.5713329315186","23.9391956329346","24.6740264892578","23.3243026733398","29.0561962127686","24.9413814544678","25.1354885101318","25.3215408325195","24.9695491790771",
"New Caledonia","NCL","Government expenditure on education, total (% of government expenditure)","SE.XPD.TOTL.GB.ZS","","","","","","","","","","","","","","","","","","","","","","","","","","","","","","","","","","","","","","","","","","","","","","","","","","","","","","","","","","","","","","","","",
"Niger","NER","Government expenditure on education, total (% of government expenditure)","SE.XPD.TOTL.GB.ZS","","","","","","","","","","","","","","","","","","","","","","","","","","","","","","","","","","","","","18.4443206787109","","","17.2214107513428","19.0575294494629","16.6503105163574","16.6668491363525","13.8454999923706","","","16.8837699890137","17.3759708404541","16.1773300170898","18.9125099182129","19.0896492004395","20.1165199279785","19.1920204162598","18.0767002105713","21.6615009307861","18.5121898651123","15.3471603393555","13.215160369873","16.3399696350098","13.0128049850464","13.3325395584106","11.952615737915","12.3714513778687","12.8069744110107",
"Nigeria","NGA","Government expenditure on education, total (% of government expenditure)","SE.XPD.TOTL.GB.ZS","","","","","","","","","","","","","","","","","","","","","","","","","","","","","","","","","","","","","","","","","","","","","","","","","","","6.12687158584595","7.94909191131592","8.54788112640381","8.67739295959473","9.03718757629395","9.2555103302002","6.65219736099243","6.12010526657104","5.94455194473267","5.85497188568115","5.13143682479858","5.14022588729858","4.30281782150269","4.40417003631592",
"Nicaragua","NIC","Government expenditure on education, total (% of government expenditure)","SE.XPD.TOTL.GB.ZS","","","","","","","","","","","","","","","","","","","","","","","0","","0","","","0","","","","","11.933500289917","","","","","","13.3818197250366","14.7167997360229","14.5736999511719","","15.6877899169922","14.8870000839233","","","","","","","26.4080009460449","","","","23.0475997924805","22.2829093933105","21.3254795074463","22.4333000183105","22.7613334655762","","22.6876468658447","18.5222358703613","19.4015693664551","17.688570022583",
"Netherlands","NLD","Government expenditure on education, total (% of government expenditure)","SE.XPD.TOTL.GB.ZS","","","","","","","","","","","","","","","","","","","","","","","","","","","","","","","","","","","","9.52947330474854","10.7147254943848","10.7291498184204","10.736177444458","11.0394229888916","10.9843473434448","10.7165050506592","11.0190944671631","11.3950128555298","11.7296485900879","12.1407403945923","11.9854497909546","12.047568321228","12.0563087463379","11.7798805236816","11.7047338485718","11.6830587387085","11.7369089126587","11.5621957778931","11.7969799041748","11.8186254501343","12.0879125595093","12.0739765167236","11.9594812393188","11.8349256515503","10.9442539215088","11.0442266464233","11.6171283721924","",
"Norway","NOR","Government expenditure on education, total (% of government expenditure)","SE.XPD.TOTL.GB.ZS","","","","","","","","","","","","","","","","","","","","","","","","","","","","","","","","","","","","12.1315717697144","11.9529342651367","12.9511337280273","12.667947769165","12.3750829696655","12.2750225067139","12.3536577224731","12.222559928894","12.6790180206299","12.444375038147","12.2606573104858","11.939603805542","11.6383047103882","11.5205039978027","11.6466312408447","11.588888168335","11.3563146591187","11.2804746627808","11.0502948760986","11.0784196853638","11.0946817398071","10.9676599502563","11.0532388687134","11.0503911972046","10.8743686676025","10.1225461959839","10.2669334411621","10.1221141815186","",
"Nepal","NPL","Government expenditure on education, total (% of government expenditure)","SE.XPD.TOTL.GB.ZS","","","","","","","","","","","","","","","","","","","","","","","","","","","","","","","","","","","","","","","","","","","","","","","","","","","","","","","","","","","","","11.4623718261719","12.8220291137695","","",
"Nauru","NRU","Government expenditure on education, total (% of government expenditure)","SE.XPD.TOTL.GB.ZS","","","","","","","","","","","","","","","","","","","","","","","","","","","","","","","","","","","","","","","","","","","","","","","","","","","","","","","11.8762760162354","10.2271690368652","8.88371467590332","12.7479658126831","9.6096887588501","","","","","",
"New Zealand","NZL","Government expenditure on education, total (% of government expenditure)","SE.XPD.TOTL.GB.ZS","","","","","","","","","","","","","","","","","","","","","","","","","","","","","","","","","","","","","","","","","","","","","","","","","","16.5344696044922","16.7638683319092","14.6914110183716","16.6342430114746","16.3211269378662","16.4055137634277","16.6238765716553","16.474552154541","16.2446899414062","15.8044004440308","15.8658418655396","14.436502456665","14.2881803512573","13.1385478973389","",
"OECD members","OED","Government expenditure on education, total (% of government expenditure)","SE.XPD.TOTL.GB.ZS","","","","","","","","","","","","","","","","","","","","","","","","","","","","","","","","","","","","11.3609561920166","11.3914403915405","11.4617228507995","12.0854458808899","12.4446263313293","12.5860900878906","12.7310466766357","12.689688205719","12.9046306610107","12.6524415016174","12.4527416229248","12.4433355331421","12.4147138595581","12.1907577514648","12.1444783210754","12.3607034683228","12.1660161018372","12.0301713943481","11.721130847931","11.966938495636","11.8833231925964","12.0799169540406","12.1601958274841","12.0540046691894","11.9878053665161","10.8436517715454","11.0546884536743","","",
"Oman","OMN","Government expenditure on education, total (% of government expenditure)","SE.XPD.TOTL.GB.ZS","","","","","","","","","","","","","","","","","","","","","","","","","","","","","","","","6.93073987960815","7.98643016815186","7.64961004257202","7.75603008270264","8.00463962554932","8.03901958465576","9.12555980682373","9.99180030822754","10.32785987854","8.98344039916992","10.5839900970459","11.0624799728394","10.0389604568481","10.3164701461792","10.0536403656006","11.224630355835","","","10.949179649353","","","","11.0801801681519","","","","15.2072200775146","11.9663095474243","13.0579996109009","15.4427700042725","","14.1779499053955","",
"Other small states","OSS","Government expenditure on education, total (% of government expenditure)","SE.XPD.TOTL.GB.ZS","","","","","","","","","","","","","","","","","","","","","","","","","","","","","","","","","","","","18.4789333343506","17.951587677002","17.8191814422607","","19.1250448226928","18.182562828064","18.90931224823","17.2937698364258","16.9028129577637","16.9524302482605","16.9327030181885","16.5023875236512","14.9405150413513","15.1411175727844","15.2818441390991","15.625675201416","15.3698339462281","14.812970161438","15.0830988883973","12.9656572341919","13.863242149353","14.6343183517456","14.4936990737915","14.4741497039795","14.0007629394531","12.7325472831726","12.2013330459595","","",
"Pakistan","PAK","Government expenditure on education, total (% of government expenditure)","SE.XPD.TOTL.GB.ZS","","","","","","","","","","","","","","","","","","","","","","","","","","","","","","","","","","7.80284976959229","9.37642955780029","10.3132696151733","10.0689897537231","11.753399848938","","11.3073301315308","8.4898796081543","","","","11.2293500900269","13.7775096893311","15.2890996932983","15.445520401001","14.096960067749","12.0826301574707","11.8646602630615","10.9246101379395","11.0406303405762","11.5139799118042","11.3006601333618","13.1872797012329","11.4444694519043","12.0632429122925","12.192479133606","11.5915641784668","10.7962121963501","7.81720781326294","9.40440368652344","8.34369468688965",
"Panama","PAN","Government expenditure on education, total (% of government expenditure)","SE.XPD.TOTL.GB.ZS","","","","","","","","","","","","","","","","","","","","","","","","","","","","","","","","","","","","18.1972103118896","18.1549892425537","17.353910446167","","18.9731502532959","19.8319396972656","16.6391296386719","16.9575004577637","16.3430099487305","14.5682697296143","","","","14.8898296356201","","","13.0197200775146","","","13.6430902481079","15.220290184021","15.5256500244141","15.7615995407104","15.5840501785278","10.0902719497681","15.7853097915649","15.684889793396","15.7341003417969","11.9240961074829",
"Peru","PER","Government expenditure on education, total (% of government expenditure)","SE.XPD.TOTL.GB.ZS","","","","","","","","","","","","","","","","","","","","","","","","","","","","","","","","","","","","","","","","","15.2503700256348","14.7962303161621","14.5780601501465","14.6583099365234","15.273850440979","14.2785196304321","14.0353002548218","14.141770362854","14.3778200149536","14.5476303100586","13.4923696517944","13.5442399978638","14.3694896697998","15.2219400405884","16.2275104522705","17.6153793334961","17.93577003479","18.321159362793","17.1521797180176","17.7330207824707","15.514760017395","16.7094707489014","16.4729194641113","18.8884506225586",
"Philippines","PHL","Government expenditure on education, total (% of government expenditure)","SE.XPD.TOTL.GB.ZS","","","","","","","","","","","","","","","","","","","","","","","","","","","","","","","","","","","","15.2429800033569","17.5665702819824","15.170129776001","18.1809902191162","","15.2067604064941","13.9159097671509","14.0689296722412","14.380220413208","12.7508497238159","12.4223604202271","13.2685298919678","13.6670198440552","14.4419898986816","13.2111597061157","","","","","15.5159406661987","15.1455326080322","16.6420955657959","19.5904273986816","18.6920127868652","18.1630916595459","16.8932647705078","16.6816596984863","15.696400642395","16.7279834747314",
"Palau","PLW","Government expenditure on education, total (% of government expenditure)","SE.XPD.TOTL.GB.ZS","","","","","","","","","","","","","","","","","","","","","","","","","","","","","","","","","","","","","","","","","13.8001203536987","15.3078498840332","15.5376596450806","","","","","","","","","","","","","","","","","","9.00948238372803","8.90960121154785","10.1772565841675","9.52868366241455",
"Papua New Guinea","PNG","Government expenditure on education, total (% of government expenditure)","SE.XPD.TOTL.GB.ZS","","","","","","","","","","","","","","","","","","","","","","","","","","","","","","","","","","","","","","","","","","","","","","","","","","","","","","","","4.81699991226196","2.55399990081787","10.6982002258301","9.22710037231445","2.56599998474121","4.10900020599365","3.86100006103516","","",
"Poland","POL","Government expenditure on education, total (% of government expenditure)","SE.XPD.TOTL.GB.ZS","","","","","","","","","","","","","","","","","","","","","","","","","","","","","","","","","","","","12.3728256225586","12.0212316513062","12.5602159500122","12.0950479507446","13.1575613021851","13.1245346069336","13.4195232391357","13.5851888656616","13.3618850708008","13.0003843307495","13.7390213012695","13.3620262145996","13.2720899581909","12.7606935501099","12.0212306976318","12.0815353393555","12.3105039596558","12.4844741821289","12.3380889892578","12.3902273178101","12.6554670333862","12.0719213485718","11.8687410354614","12.027419090271","11.9878053665161","10.6044521331787","11.1692733764648","","",
"Pre-demographic dividend","PRE","Government expenditure on education, total (% of government expenditure)","SE.XPD.TOTL.GB.ZS","","","","","","","","","","","","","","","","","","","","","","","","","","","","","","","","","","","","","","","","","13.1788449287414","","","","12.9607696533203","15.8934550285339","15.3241901397705","","15.7006101608276","16.3016891479492","14.4873633384705","14.9235348701477","14.5397996902466","14.96360206604","14.1246004104614","15.9607095718384","14.9912900924683","15.4411373138428","16.8831596374512","15.2918653488159","14.3705911636353","15.2831525802612","14.480073928833","14.2939639091492",
"Puerto Rico","PRI","Government expenditure on education, total (% of government expenditure)","SE.XPD.TOTL.GB.ZS","","","","","","","","","","","","","","","","","","","","","","","","","","","","","","","","","","","","","","","","","","","","","","","","","","","","","","","","","","","","","","","","",
"Korea, Dem. People's Rep.","PRK","Government expenditure on education, total (% of government expenditure)","SE.XPD.TOTL.GB.ZS","","","","","","","","","","","","","","","","","","","","","","","","","","","","","","","","","","","","","","","","","","","","","","","","","","","25.239070892334","25.517463684082","","","","","","14.3320846557617","14.9720153808594","15.0340719223022","14.1713838577271","12.7598562240601","13.8555212020874","15.0775012969971",
"Portugal","PRT","Government expenditure on education, total (% of government expenditure)","SE.XPD.TOTL.GB.ZS","","","","","","","","","","","","","","","","","","","","","","","","","","","","","","","","","","","","13.2874689102173","13.6082525253296","14.2910861968994","14.2966842651367","15.0885963439941","14.9108409881592","14.6478080749512","15.0870504379272","14.3763580322266","14.369065284729","14.2934398651123","14.1532611846924","13.308819770813","13.272910118103","13.0202569961548","12.972752571106","12.2480764389038","11.0157775878906","10.9740028381348","10.2731599807739","10.5435152053833","10.6469306945801","10.1069326400757","10.2643232345581","10.5292549133301","9.60721397399902","9.70918846130371","","",
"Paraguay","PRY","Government expenditure on education, total (% of government expenditure)","SE.XPD.TOTL.GB.ZS","","","","","","","","","","","","","","","","","","","","","","","","","","8.36332988739014","","","","","7.85805988311768","","","","","","","","17.0877895355225","21.8768405914307","21.5593891143799","19.8792190551758","18.8153991699219","20.8940296173096","18.218240737915","","","19.4247207641602","","","18.7624092102051","23.2977409362793","19.6342296600342","","","","18.1543197631836","","","","24.5218200683594","23.6368999481201","24.068510055542","21.9888305664062",
"West Bank and Gaza","PSE","Government expenditure on education, total (% of government expenditure)","SE.XPD.TOTL.GB.ZS","","","","","","","","","","","","","","","","","","","","","","","","","","","","","","","","","","","","","","","","","","","","","","","","","","","","","","","","","","","","","","","","",
"Pacific island small states","PSS","Government expenditure on education, total (% of government expenditure)","SE.XPD.TOTL.GB.ZS","","","","","","","","","","","","","","","","","","","","","","","","","","","","","","","","","","","","","","","","","","","","","","","","","","","","","","","","","","","","","","","","",
"Post-demographic dividend","PST","Government expenditure on education, total (% of government expenditure)","SE.XPD.TOTL.GB.ZS","","","","","","","","","","","","","","","","","","","","","","","","","","","","","","","","","","","","10.9406509399414","11.1235055923462","11.0102977752686","11.4880180358887","11.559690952301","11.5842113494873","12.1024618148804","12.4340009689331","12.6790180206299","12.5096940994263","12.352135181427","12.2051920890808","12.0139756202698","12.1115255355835","12.0897455215454","12.3607034683228","12.0316371917725","11.7369089126587","11.3517208099365","11.7385368347168","11.7361478805542","11.8471779823303","12.0739765167236","11.9191603660583","11.8388147354126","10.743049621582","11.0442266464233","","",
"French Polynesia","PYF","Government expenditure on education, total (% of government expenditure)","SE.XPD.TOTL.GB.ZS","","","","","","","","","","","","","","","","","","","","","","","","","","","","","","","","","","","","","","","","","","","","","","","","","","","","","","","","","","","","","","","","",
"Qatar","QAT","Government expenditure on education, total (% of government expenditure)","SE.XPD.TOTL.GB.ZS","","","","","","","","","","","","","","","","","","","","","","","","","","","","","","","","","","","","","","","7.84369993209839","9.52663040161133","9.67605018615723","10.5513095855713","12.0074596405029","10.7000598907471","12.0531301498413","13.7447595596313","","","15.0555200576782","14.8356504440308","13.8172702789307","13.1068496704102","12.3079395294189","13.1483402252197","12.7428398132324","","","8.56085014343262","","8.63648986816406","9.31910991668701","","","",
"Romania","ROU","Government expenditure on education, total (% of government expenditure)","SE.XPD.TOTL.GB.ZS","","","","","","","","","","","","","","","","","","","","","","","","","","","","","","","","","","","","9.80720520019531","10.9271612167358","9.13021755218506","11.3865308761597","7.99784851074219","8.13998699188232","10.6226367950439","11.4455919265747","10.6277275085449","10.7533826828003","10.8933877944946","11.6164827346802","10.2726764678955","11.3391313552856","9.56932735443115","8.2358341217041","10.3093748092651","7.88751125335693","7.8434419631958","8.42980480194092","8.50127220153809","9.59609127044678","8.50618743896484","9.09863567352295","10.0885829925537","8.80290412902832","8.13680076599121","","",
"Russian Federation","RUS","Government expenditure on education, total (% of government expenditure)","SE.XPD.TOTL.GB.ZS","","","","","","","","","","","","","","","","","","","","","","","","","","","","","","","","","","","","","","","","","8.36431217193604","8.07119464874268","8.72493076324463","9.49507713317871","10.1645860671997","11.2215156555176","12.1500587463379","","9.31381320953369","10.0264291763306","9.77166557312012","9.63115692138672","9.50432300567627","10.0020542144775","9.16541385650635","2.19599723815918","9.59414482116699","9.50124835968018","10.0498723983765","9.2856969833374","8.9350471496582","","","",
"Rwanda","RWA","Government expenditure on education, total (% of government expenditure)","SE.XPD.TOTL.GB.ZS","","","","","","","","","","","","","","","","","","","","","","","","","","","","","","","","","","","","","","","","17.2506694793701","18.8353290557861","25.3131408691406","","","","","","17.7865505218506","15.5915098190308","","17.548059463501","15.3433799743652","15.8154697418213","16.8596305847168","13.7343196868896","12.5390501022339","12.2783899307251","11.0796098709106","10.8046102523804","10.9981460571289","10.7835245132446","15.5322399139404","12.7661399841309","14.7708702087402",
"South Asia","SAS","Government expenditure on education, total (% of government expenditure)","SE.XPD.TOTL.GB.ZS","","","","","","","","","","","","","","","","","","","","","","","","","","","","","","","","","","","","","","13.3222303390503","","16.9598293304443","16.7305107116699","","","","11.2293500900269","","14.9241557121277","15.445520401001","14.096960067749","11.1912002563477","10.2196702957153","10.9246101379395","11.0406303405762","11.5139799118042","11.3006601333618","12.0441026687622","13.9817361831665","13.5492553710938","12.0751996040344","11.5915641784668","10.7962121963501","10.221302986145","10.5331935882568","8.678466796875",
"Saudi Arabia","SAU","Government expenditure on education, total (% of government expenditure)","SE.XPD.TOTL.GB.ZS","","","","","","","","","","","","","","","","","","","","","","","","","","","","","","","","14.713020324707","14.7216901779175","14.5736703872681","16.8130302429199","16.8445606231689","15.2523002624512","12.2958202362061","23.9824295043945","23.3293991088867","17.8365898132324","20.8961391448975","21.2941207885742","21.4552192687988","20.1886596679688","19.2922897338867","21.6038703918457","","19.2574195861816","","","","","","","","","","","","","","","",
"Sudan","SDN","Government expenditure on education, total (% of government expenditure)","SE.XPD.TOTL.GB.ZS","","","","","","","","","","","","","","","","","","","","","","","","","","","","","","","","","","","","","","","","","9.11688995361328","","11.0448904037476","","7.94924020767212","5.96680021286011","8.25316047668457","","9.39278030395508","10.7818202972412","","","","","","","","","","","","","","",
"Senegal","SEN","Government expenditure on education, total (% of government expenditure)","SE.XPD.TOTL.GB.ZS","","","","","","","","","","","","","","","","","","","","","","","","","","","","","","","","","","","","","","","18.7325401306152","16.8203601837158","17.6184902191162","15.7297401428223","16.7219200134277","16.1175098419189","16.9622497558594","21.7709693908691","17.9546394348145","","19.2261390686035","23.3004493713379","2.51060009002686","21.0869693756104","20.7952499389648","25.7423496246338","24.8013095855713","23.7782707214355","21.3373699188232","21.1016902923584","22.6592807769775","20.8133697509766","21.4367904663086","21.7172908782959","22.4799900054932","22.5471706390381",
"Singapore","SGP","Government expenditure on education, total (% of government expenditure)","SE.XPD.TOTL.GB.ZS","","","","","","","","","","","","","","","","","","","","","","","","","","","","","","","19.8832874298096","22.8923969268799","22.2726707458496","24.7462387084961","22.6376247406006","18.8894081115723","14.8788042068481","18.8239250183105","18.1950511932373","19.9969520568848","21.0251979827881","19.4407501220703","23.3751392364502","21.9349460601807","21.5975570678711","21.6122207641602","19.9360599517822","20.8165149688721","18.6485767364502","18.3322715759277","21.0206317901611","20.837329864502","21.3348159790039","21.9587631225586","19.9617767333984","16.3894443511963","17.650146484375","17.2639617919922","16.0864105224609","16.4798526763916","11.215181350708","13.0648202896118","10.0732593536377","",
"Solomon Islands","SLB","Government expenditure on education, total (% of government expenditure)","SE.XPD.TOTL.GB.ZS","","","","","","","","","","","","","","","","","","","","","","","","","","","","","","","","11.6829299926758","","","","","","","13.356840133667","","","","","","","","","21.5795993804932","22.0139808654785","18.1538906097412","19.0389595031738","","","","","","","","","","30.4943923950195","25.996826171875","25.7816181182861","25.8931884765625",
"Sierra Leone","SLE","Government expenditure on education, total (% of government expenditure)","SE.XPD.TOTL.GB.ZS","","","","","","","","","","","","","","","","","","","","","","","","","","","","","","","","","","","","","","","","","20.7313003540039","17.9708003997803","17.7031898498535","17.3193607330322","17.1487998962402","15.506609916687","","19.7502193450928","14.9308996200562","15.8964595794678","12.8019075393677","12.4114570617676","14.1259632110596","15.2023057937622","15.0917367935181","","12.4735803604126","19.894100189209","32.7278289794922","35.0058288574219","34.2441864013672","33.4194717407227","29.3728694915771","",
"El Salvador","SLV","Government expenditure on education, total (% of government expenditure)","SE.XPD.TOTL.GB.ZS","","","","","","","","","","","","","","","","","","","","","","","","","","","","","","","","","","","","","","","","","","","14.6907043457031","14.5278882980347","","14.0838098526001","","13.7542734146118","13.0900211334229","16.9050579071045","15.4711475372314","12.5342102050781","16.0048713684082","14.0302200317383","15.5803651809692","17.2139701843262","16.1627292633057","8.59762096405029","14.7846651077271","14.3310699462891","11.8684911727905","11.9613590240479","","",
"San Marino","SMR","Government expenditure on education, total (% of government expenditure)","SE.XPD.TOTL.GB.ZS","","","","","","","","","","","","","","","","","","","","","","","","","","","","","","","","","","","","","","","","","","","9.40405464172363","9.69205284118652","8.14409732818604","","","","","","","","","","","","","","","8.90790271759033","6.56446886062622","7.89780330657959","7.45847129821777","",
"Somalia","SOM","Government expenditure on education, total (% of government expenditure)","SE.XPD.TOTL.GB.ZS","","","","","","","","","","","","","","","","","","","","","","","","","","","","","","","","","","","","","","","","","","","","","","","","","","","","","","","","","","1.7046936750412","3.00248384475708","4.18987464904785","","","","",
"Serbia","SRB","Government expenditure on education, total (% of government expenditure)","SE.XPD.TOTL.GB.ZS","","","","","","","","","","","","","","","","","","","","","","","","","","","","","","","","","","","","","","","","","","","","","","","","9.97663974761963","","10.4821796417236","","10.1795701980591","","","","","8.69299030303955","9.25646018981934","8.80428028106689","8.60459995269775","","7.08668994903564","7.4496898651123","",
"Sub-Saharan Africa (excluding high income)","SSA","Government expenditure on education, total (% of government expenditure)","SE.XPD.TOTL.GB.ZS","","","","","","","","","","","","","","","","","","","","","","","","","","","","","","","","","","","","","","","","","15.3238096237183","","","","17.0555248260498","17.8555593490601","17.9546394348145","","18.0316905975342","17.6823406219482","17.391508102417","17.0267181396484","16.9253826141357","16.1913795471191","16.5402307510376","16.726110458374","15.9913101196289","16.137779712677","17.2210121154785","15.2918653488159","15.4046101570129","15.3551635742188","14.4843282699585","13.858775138855",
"South Sudan","SSD","Government expenditure on education, total (% of government expenditure)","SE.XPD.TOTL.GB.ZS","","","","","","","","","","","","","","","","","","","","","","","","","","","","","","","","","","","","","","","","","","","","","","","","","","","","3.95070004463196","","3.22801995277405","4.13136005401611","3.3249499797821","","","","","","","","",
"Sub-Saharan Africa","SSF","Government expenditure on education, total (% of government expenditure)","SE.XPD.TOTL.GB.ZS","","","","","","","","","","","","","","","","","","","","","","","","","","","","","","","","","","","","","","","","","15.3238096237183","","","","17.0555248260498","17.8555593490601","17.9546394348145","","18.0316905975342","17.6823406219482","17.391508102417","17.0267181396484","16.9253826141357","16.1913795471191","16.5402307510376","16.726110458374","15.9913101196289","16.137779712677","17.2210121154785","15.2918653488159","15.4046101570129","15.3551635742188","14.4843282699585","13.858775138855",
"Small states","SST","Government expenditure on education, total (% of government expenditure)","SE.XPD.TOTL.GB.ZS","","","","","","","","","","","","","","","","","","","","","","","","","","","","","","","","","","","","18.4789333343506","17.951587677002","17.8191814422607","","19.1250448226928","18.182562828064","18.90931224823","17.2937698364258","16.9028129577637","16.9524302482605","16.9327030181885","16.5023875236512","14.9405150413513","15.1411175727844","15.2818441390991","15.625675201416","15.3698339462281","14.812970161438","15.0830988883973","12.9656572341919","13.863242149353","14.6343183517456","14.4936990737915","14.4741497039795","14.0007629394531","12.7325472831726","12.2013330459595","","",
"Sao Tome and Principe","STP","Government expenditure on education, total (% of government expenditure)","SE.XPD.TOTL.GB.ZS","","","","","","","","","","","","","","","","","","","","","","","","","","","","","","","","","","","","","","","","","","","6.56044006347656","6.69200992584229","5.85359001159668","12.1254796981812","14.0842304229736","16.6573505401611","18.2486305236816","20.5607795715332","19.3274097442627","11.3804159164429","13.7216196060181","18.8296699523926","12.3246698379517","11.2973403930664","15.9666795730591","18.3999996185303","20.1165409088135","17.5924453735352","16.1259365081787","16.5841903686523","17.0863285064697","18.345006942749",
"Suriname","SUR","Government expenditure on education, total (% of government expenditure)","SE.XPD.TOTL.GB.ZS","","","","","","","","","","","","","","","","","","","","","","","","","","","","","","","","","","","","","","","","","","","","","","","","","","","","","","","","11.3765993118286","16.07541847229","17.3235778808594","14.7241725921631","15.2769889831543","13.9423456192017","11.7829456329346","10.955436706543","7.53629207611084",
"Slovak Republic","SVK","Government expenditure on education, total (% of government expenditure)","SE.XPD.TOTL.GB.ZS","","","","","","","","","","","","","","","","","","","","","","","","","","","","","","","","","","","","7.24527454376221","6.74893236160278","7.68892812728882","7.24566888809204","6.70485973358154","7.10075330734253","7.95849180221558","7.60453367233276","10.8187131881714","9.93444347381592","9.77882766723633","10.0411043167114","10.0337495803833","9.9616641998291","10.0805253982544","10.7363271713257","10.3220014572144","9.77054595947266","9.71387577056885","9.33177375793457","9.12630558013916","9.05462169647217","9.8207836151123","9.88332748413086","10.4709911346436","9.93961334228516","9.35237979888916","","",
"Slovenia","SVN","Government expenditure on education, total (% of government expenditure)","SE.XPD.TOTL.GB.ZS","","","","","","","","","","","","","","","","","","","","","","","","","","","","","","","","","","","","11.839991569519","13.4755754470825","13.3956451416016","13.082914352417","13.1335554122925","12.8971576690674","13.1447324752808","13.5882501602173","13.3926591873169","13.6627960205078","14.0315799713135","13.940541267395","13.5291805267334","13.404333114624","13.4246673583984","12.8887500762939","12.5648069381714","12.9351224899292","10.6639356613159","11.7385368347168","11.4590120315552","11.9989252090454","12.3341503143311","12.371244430542","12.5714797973633","11.1256284713745","11.5017423629761","","",
"Sweden","SWE","Government expenditure on education, total (% of government expenditure)","SE.XPD.TOTL.GB.ZS","","","","","","","","","","","","","","","","","","","","","","","","","","","","","","","","","","","","10.9406509399414","11.1235055923462","11.7566118240356","12.643084526062","12.80198097229","12.0698051452637","12.8003377914429","12.7644329071045","12.5808153152466","12.6398839950562","12.6949138641357","12.7659597396851","12.6937437057495","12.793719291687","12.8022012710571","12.7241077423096","12.7232084274292","12.6309471130371","12.5420961380005","12.8345699310303","13.0132026672363","13.3330450057983","13.6095180511475","13.8210620880127","14.0753192901611","13.4383907318115","13.5319395065308","","",
"Eswatini","SWZ","Government expenditure on education, total (% of government expenditure)","SE.XPD.TOTL.GB.ZS","","","","","","","","","","","","","","","","","","","","","","23.7529907226562","20.3789196014404","","","","","20.4632301330566","21.7770805358887","25.0898609161377","23.47705078125","","","","20.0324306488037","20.6596794128418","21.8455104827881","","","20.4332008361816","18.745080947876","19.6561794281006","17.2937698364258","22.0638198852539","21.1040706634521","20.8918590545654","22.7075691223145","","21.8132400512695","19.3863792419434","18.2830295562744","22.3339290618896","17.5830917358398","17.2339973449707","24.7954406738281","16.4153881072998","16.55491065979","18.6662750244141","17.2210121154785","18.5068969726562","15.8905391693115","15.3408699035645","16.6209316253662","",
"Sint Maarten (Dutch part)","SXM","Government expenditure on education, total (% of government expenditure)","SE.XPD.TOTL.GB.ZS","","","","","","","","","","","","","","","","","","","","","","","","","","","","","","","","","","","","","","","","","","","","","","","","","","","","","","","","","","","","","","","22.6110363006592","23.0442695617676",
"Seychelles","SYC","Government expenditure on education, total (% of government expenditure)","SE.XPD.TOTL.GB.ZS","","","","","","","","","","","","","","","","","","","","","","","","","","","","","","","","","","13.042272567749","14.518440246582","12.1974143981934","9.64419460296631","9.19150447845459","8.77267646789551","7.03937005996704","7.28238773345947","","","","","","9.05891418457031","11.1502571105957","8.33158874511719","","10.8643846511841","12.5814018249512","13.0344142913818","14.0026760101318","12.849552154541","12.5869808197021","12.0067977905273","","11.8271760940552","6.10557746887207","6.68331336975098","","","",
"Syrian Arab Republic","SYR","Government expenditure on education, total (% of government expenditure)","SE.XPD.TOTL.GB.ZS","","","","","","","","","","","","","","","","","","","","","","","","","","","","","","","","","","","","","15.0407600402832","","","","","15.6620597839355","16.8260707855225","19.8554000854492","17.1453990936279","","20.0484790802002","18.9259300231934","20.0407905578613","19.1840496063232","","","","","","","","","","","","","","",
"Turks and Caicos Islands","TCA","Government expenditure on education, total (% of government expenditure)","SE.XPD.TOTL.GB.ZS","","","","","","","","","","","","","","","","","","","","","","","","","","","","","","","","","","","","","","","","","","","","","","","","","","","","11.7038726806641","11.6208934783936","12.2492351531982","11.8090181350708","12.7578105926514","13.1762962341309","11.033748626709","12.8091297149658","9.61544036865234","10.8222131729126","12.5072898864746","12.5788650512695","9.26637935638428",
"Chad","TCD","Government expenditure on education, total (% of government expenditure)","SE.XPD.TOTL.GB.ZS","","","","","","","","","","","","","","","","","","","","","","","","","","","","","","","","","","","","","","12.8986597061157","11.0715303421021","17.0599803924561","12.8444900512695","13.7868499755859","","","11.0319004058838","14.6728200912476","","","","8.82818031311035","8.1192798614502","10.0832595825195","9.21240997314453","12.4614601135254","","","","16.3627490997314","","14.2137899398804","11.6715059280396","15.3601703643799","16.7226104736328","16.484354019165",
"East Asia & Pacific (IDA & IBRD countries)","TEA","Government expenditure on education, total (% of government expenditure)","SE.XPD.TOTL.GB.ZS","","","","","","","","","","","","","","","","","","","","","","","","","","","","","","","","","","","","","","","","","","","","","","","","","14.0386400222778","13.3623456954956","15.1858758926391","13.4881720542908","14.4071683883667","14.0046253204346","14.5866050720214","15.0167531967163","14.0029711723327","13.8147959709167","14.9428992271423","14.2883200645446","12.2840824127197","11.8762474060059","13.9326143264771","",
"Europe & Central Asia (IDA & IBRD countries)","TEC","Government expenditure on education, total (% of government expenditure)","SE.XPD.TOTL.GB.ZS","","","","","","","","","","","","","","","","","","","","","","","","","","","","","","","","","","","","","","","","","","","","","","","","","10.721667766571","10.4229898452759","10.8336887359619","11.1068429946899","12.1358814239502","11.5800323486328","12.3902273178101","12.6554670333862","11.4074268341064","10.8092060089111","10.8567333221435","11.4001798629761","10.6044521331787","11.1692733764648","","",
"Togo","TGO","Government expenditure on education, total (% of government expenditure)","SE.XPD.TOTL.GB.ZS","","","","","","","","","","","","","","","","","","","","","","","","","","","","","","","","","22.5492095947266","","","","23.2925605773926","","20.9823207855225","23.4187602996826","24.4237098693848","25.7313594818115","30.7000293731689","27.7564296722412","21.8306903839111","17.6780796051025","17.2866497039795","18.15452003479","19.2456607818604","19.3719806671143","19.6157608032227","16.9037895202637","17.6804294586182","15.4976797103882","15.63267993927","16.2116394042969","15.9913101196289","23.1400394439697","21.7690906524658","19.2347831726074","18.1434535980225","17.4534244537354","14.4758195877075","14.8236045837402",
"Thailand","THA","Government expenditure on education, total (% of government expenditure)","SE.XPD.TOTL.GB.ZS","","","","","","","","","","","","","","","","","","","","","","","","","","","","","","","","","","","","","","","","","","","","","","","","","","","","","","17.0739593505859","16.8993759155273","17.0577926635742","17.3138999938965","15.8593311309814","14.5290603637695","14.4990835189819","12.2840824127197","11.8762474060059","11.1855068206787","",
"Tajikistan","TJK","Government expenditure on education, total (% of government expenditure)","SE.XPD.TOTL.GB.ZS","","","","","","","","","","","","","","","","","","","","","","","","","","","","","","","","","","","","","","","","","","","","","","","","","","","","","","","","","","","","","","20.4031295776367","21.3547706604004","",
"Turkmenistan","TKM","Government expenditure on education, total (% of government expenditure)","SE.XPD.TOTL.GB.ZS","","","","","","","","","","","","","","","","","","","","","","","","","","","","","","","","","","","","","","","","","","","","","","","","","","","","","20.7955093383789","","","","","","","23.0102500915527","27.9983997344971","29.0834503173828","28.6807193756104","20.3955097198486",
"Latin America & the Caribbean (IDA & IBRD countries)","TLA","Government expenditure on education, total (% of government expenditure)","SE.XPD.TOTL.GB.ZS","","","","","","","","","","","","","","","","","","","","","","","","","","","","","","","","","","","","","","","","","16.2261505126953","16.3559608459473","16.0649995803833","14.6583099365234","","","","16.746410369873","","","16.1029396057129","15.1605548858643","16.0048713684082","15.2219400405884","16.7576456069947","17.6153793334961","17.9393291473389","17.9492292404175","17.1521797180176","15.1885404586792","15.7853097915649","15.995032787323","16.1035099029541","",
"Timor-Leste","TLS","Government expenditure on education, total (% of government expenditure)","SE.XPD.TOTL.GB.ZS","","","","","","","","","","","","","","","","","","","","","","","","","","","","","","","","","","","","","","","","","","","","","","","","","7.09053993225098","10.5861196517944","9.15421009063721","7.65089988708496","6.94400978088379","7.33962726593018","8.27816772460938","7.48981046676636","6.09562349319458","7.02161121368408","6.59157419204712","6.86969232559204","6.95663690567017","7.47076988220215","","",
"Middle East & North Africa (IDA & IBRD countries)","TMN","Government expenditure on education, total (% of government expenditure)","SE.XPD.TOTL.GB.ZS","","","","","","","","","","","","","","","","","","","","","","","","","","","","","","","","","","","","","","","","","","","","","","","","","14.9799399375915","17.928955078125","","","16.6897578239441","","","17.3266525268555","15.6353168487549","16.5998959541321","15.0469431877136","16.8342180252075","","","","",
"Tonga","TON","Government expenditure on education, total (% of government expenditure)","SE.XPD.TOTL.GB.ZS","","","","","","","","","","","","","","","","","","","","","","","","","","","","","","","","","","","","","","","","26.0569896697998","22.9558601379395","22.1091804504395","15.8265800476074","18.619119644165","19.0971698760986","","","","","","","","","","","","","11.0781450271606","11.2784481048584","12.9959421157837","10.7315483093262","10.1174325942993","9.76537227630615","8.4422492980957",
"South Asia (IDA & IBRD)","TSA","Government expenditure on education, total (% of government expenditure)","SE.XPD.TOTL.GB.ZS","","","","","","","","","","","","","","","","","","","","","","","","","","","","","","","","","","","","","","13.3222303390503","","16.9598293304443","16.7305107116699","","","","11.2293500900269","","14.9241557121277","15.445520401001","14.096960067749","11.1912002563477","10.2196702957153","10.9246101379395","11.0406303405762","11.5139799118042","11.3006601333618","12.0441026687622","13.9817361831665","13.5492553710938","12.0751996040344","11.5915641784668","10.7962121963501","10.221302986145","10.5331935882568","8.678466796875",
"Sub-Saharan Africa (IDA & IBRD countries)","TSS","Government expenditure on education, total (% of government expenditure)","SE.XPD.TOTL.GB.ZS","","","","","","","","","","","","","","","","","","","","","","","","","","","","","","","","","","","","","","","","","15.3238096237183","","","","17.0555248260498","17.8555593490601","17.9546394348145","","18.0316905975342","17.6823406219482","17.391508102417","17.0267181396484","16.9253826141357","16.1913795471191","16.5402307510376","16.726110458374","15.9913101196289","16.137779712677","17.2210121154785","15.2918653488159","15.4046101570129","15.3551635742188","14.4843282699585","13.858775138855",
"Trinidad and Tobago","TTO","Government expenditure on education, total (% of government expenditure)","SE.XPD.TOTL.GB.ZS","","","","","","","","","","","","","","","","","","","","","","","","","","","","","","12.9058904647827","13.8518800735474","","","","15.0115299224854","14.8984003067017","13.284930229187","12.0324401855469","8.92667007446289","11.2300395965576","11.7311201095581","12.1654300689697","14.2852096557617","13.9100704193115","","","","","","","12.9033098220825","12.1209850311279","11.6744203567505","11.7303848266602","10.5093879699707","12.3070449829102","11.7317085266113","10.2433071136475","10.6522779464722","10.3420467376709","11.7162704467773","10.0265197753906","9.20119094848633","",
"Tunisia","TUN","Government expenditure on education, total (% of government expenditure)","SE.XPD.TOTL.GB.ZS","","","","","","","","","","","","","","","","","","","","","","","","","","","","","","","","","20.7239608764648","21.6749000549316","21.8167095184326","23.3572406768799","23.1349296569824","25.9552192687988","","24.9007892608643","24.5917797088623","24.6477603912354","22.8801307678223","27.684289932251","27.8338108062744","26.6956901550293","26.8613090515137","26.4286308288574","25.2586708068848","25.2620105743408","24.846830368042","","20.9910106658936","","","22.665340423584","","","","17.6466770172119","20.8134746551514","19.7515163421631","19.9702625274658","18.1078968048096",
"Turkiye","TUR","Government expenditure on education, total (% of government expenditure)","SE.XPD.TOTL.GB.ZS","","","","","","","","","","","","","","","","","","","","","","","","","","","","","","","","","","","","","","","","","","","","","","","","","9.73683452606201","9.72827625274658","10.5881834030151","11.3725204467773","12.1358814239502","10.9222631454468","11.8140830993652","11.8485431671143","11.4074268341064","10.8092060089111","10.7427701950073","11.1729640960693","9.31123352050781","8.80984497070312","8.77881145477295","",
"Tuvalu","TUV","Government expenditure on education, total (% of government expenditure)","SE.XPD.TOTL.GB.ZS","","","","","","","","","","","","","","","","","","","","","","","","","","","","","","","","","","","","","","","","","","","","","","","","","","","","","","","","","","","","","","","","10.4713296890259",
"Tanzania","TZA","Government expenditure on education, total (% of government expenditure)","SE.XPD.TOTL.GB.ZS","","","","","","","","","","","","","","","","","","","","","","","","","","","","","","","","","","","","","12.5003099441528","12.6278896331787","11.7939701080322","","","","","","19.492639541626","18.1431407928467","15.0150699615479","19.4492301940918","18.9404697418213","17.6823406219482","18.330436706543","17.6182441711426","16.878734588623","19.1151924133301","17.379768371582","17.6345500946045","17.204231262207","24.3965396881104","20.504940032959","14.2921085357666","13.6285581588745","13.5370082855225","14.3321094512939","13.7042379379272",
"Uganda","UGA","Government expenditure on education, total (% of government expenditure)","SE.XPD.TOTL.GB.ZS","","","","","","","","","","","","","","","","","","","","","","","","","","","","","","","","","","","","","","","","","10.3548698425293","","","","20.3083400726318","","","","","","10.1048898696899","13.6113700866699","11.4518995285034","11.7431201934814","11.7049102783203","13.2200803756714","12.4691696166992","12.1973304748535","11.2536602020264","8.89710712432861","8.52880477905273","8.21456050872803","8.48236465454102","8.62647151947021",
"Ukraine","UKR","Government expenditure on education, total (% of government expenditure)","SE.XPD.TOTL.GB.ZS","","","","","","","","","","","","","","","","","","","","","","","","","","","","","","","","","","","","","","","","","","12.4668645858765","14.3050804138184","14.1875143051147","12.6912574768066","13.7283248901367","13.6871948242188","14.0139408111572","14.1389856338501","15.1279726028442","15.2339582443237","14.6379528045654","14.9290056228638","15.1411771774292","14.0882720947266","13.4800882339478","13.4315843582153","14.3961448669434","14.2296075820923","14.5580997467041","13.2730073928833","14.2518758773804","8.4858570098877","",
"Upper middle income","UMC","Government expenditure on education, total (% of government expenditure)","SE.XPD.TOTL.GB.ZS","","","","","","","","","","","","","","","","","","","","","","","","","","","","","","","","","","","","","","","","","","","","","","","","","14.2176504135132","16.0927562713623","15.9151139259339","15.1585597991943","15.9942984580994","15.6085023880005","16.4053983688354","16.7138710021973","16.1627292633057","15.5433239936829","15.4155521392822","14.4965920448303","15.6218795776367","14.8035197257996","13.8679966926575","",
"Uruguay","URY","Government expenditure on education, total (% of government expenditure)","SE.XPD.TOTL.GB.ZS","","","","","","","","","","","","","","","","","","","","","","","","","","","","","","","","","","","","","","","","","8.35916996002197","9.22963047027588","7.71265983581543","6.83626985549927","8.60923957824707","9.47097015380859","9.84121036529541","","","","","15.1625499725342","","14.3704700469971","14.4442701339722","14.7243003845215","14.7101402282715","14.8612604141235","15.1831197738647","15.1885404586792","13.8813695907593","14.7776203155518","14.930700302124","15.4337558746338",
"United States","USA","Government expenditure on education, total (% of government expenditure)","SE.XPD.TOTL.GB.ZS","","","","","","","","","","","","","17.4885311126709","17.7788486480713","17.638126373291","17.3917331695557","17.35178565979","16.9860610961914","16.5371341705322","16.3264541625977","15.5543832778931","14.8959426879883","14.2720994949341","13.9664220809937","14.067120552063","14.0242376327515","14.2157745361328","14.4408807754517","14.8521461486816","15.197395324707","15.2107429504395","15.3581209182739","15.1028280258179","15.2748746871948","15.5527353286743","15.8898735046387","16.1000061035156","16.6120166778564","17.134729385376","17.5550212860107","17.9881553649902","17.6896095275879","17.3132019042969","16.981616973877","16.9619560241699","16.6988105773926","16.8092250823975","16.7058124542236","16.2201328277588","15.6010618209839","15.5616855621338","15.5074806213379","15.5992212295532","16.0246276855469","16.0046138763428","16.0524635314941","15.9738168716431","15.9008255004883","15.7807312011719","15.5171337127686","12.6542158126831","","","",
"Uzbekistan","UZB","Government expenditure on education, total (% of government expenditure)","SE.XPD.TOTL.GB.ZS","","","","","","","","","","","","","","","","","","","","","","","","","","","","","","","","","","","","","","","","","","","","","","","","","","","","25.5751304626465","25.8314590454102","25.1016292572021","25.3249588012695","24.5244998931885","24.8733444213867","23.4043712615967","21.8169212341309","25.5915851593018","21.8166007995605","21.4325084686279","","",
"St. Vincent and the Grenadines","VCT","Government expenditure on education, total (% of government expenditure)","SE.XPD.TOTL.GB.ZS","","","","","","","","","","","","","","","","","","","","","","","","","","","22.8988094329834","","","18.2464809417725","","20.6996898651123","","","","","","","14.849419593811","21.1454391479492","30.7891998291016","","28.7013092041016","31.4755096435547","","22.5919895172119","","20.0384101867676","","17.3384990692139","15.4856300354004","","","","","17.2000007629395","20","20.197639465332","19.8603401184082","","13","","15.2270812988281","12.8554649353027",
"Venezuela, RB","VEN","Government expenditure on education, total (% of government expenditure)","SE.XPD.TOTL.GB.ZS","","","","","","","","","","","","","","","","","","","","","","","","","","","","","","","","","","","","","","","","","","","","","","","","","","","","","","","","","","","","","","","","0.00923999957740307",
"British Virgin Islands","VGB","Government expenditure on education, total (% of government expenditure)","SE.XPD.TOTL.GB.ZS","","","","","","","","","","","","","","","","","","","","","","","","","","","","","","","","","","","","","","","","","","","","","","","","","","","","","12.0587730407715","15.7342758178711","14.7094421386719","13.2639818191528","12.8649091720581","12.6408929824829","10.2179975509644","","11.8637142181396","10.8460683822632","12.2001657485962","11.0853033065796",
"Virgin Islands (U.S.)","VIR","Government expenditure on education, total (% of government expenditure)","SE.XPD.TOTL.GB.ZS","","","","","","","","","","","","","","","","","","","","","","","","","","","","","","","","","","","","","","","","","","","","","","","","","","","","","","","","","","","","","","","","",
"Viet Nam","VNM","Government expenditure on education, total (% of government expenditure)","SE.XPD.TOTL.GB.ZS","","","","","","","","","","","","","","","","","","","","","","","","","","","","","","","","","","","","","","","","","","","","","","","","","18.0012397766113","15.1887102127075","17.0566692352295","17.8112697601318","18.7849903106689","18.515510559082","16.8122901916504","15.0167531967163","15.1302118301392","15.4742965698242","15.3567380905151","15.571949005127","14.4718809127808","14.8174867630005","15.4493446350098","",
"Vanuatu","VUT","Government expenditure on education, total (% of government expenditure)","SE.XPD.TOTL.GB.ZS","","","","","","","","","","","","","","","","","","","","","","","","","","","","","","","","","","","17.5349102020264","","","","27.4011001586914","25.8217792510986","27.52419090271","40.0775489807129","36.4096183776855","44.8017997741699","","","","","21.4056301116943","18.7231502532959","","","","","22.1906108856201","12.708869934082","12.4892473220825","13.2560138702393","20.1321506500244","4.45529985427856","5.0110502243042","20.0074501037598","20.9391002655029","20.8968601226807",
"World","WLD","Government expenditure on education, total (% of government expenditure)","SE.XPD.TOTL.GB.ZS","","","","","","","","","","","","","","","","","","","","","","","","","","","","","","","","","","","","","","","","","14.0967302322388","14.4934997558594","14.5780601501465","14.5076007843018","14.1191368103028","13.9045448303223","14.1532611846924","13.9022006988525","14.1389856338501","13.469099521637","13.4288063049316","13.6251649856568","14.0066299438477","14.0046253204346","13.7343196868896","14.1098947525024","13.9976406097412","14.3431515693664","14.4909696578979","13.825984954834","12.8460392951966","12.7800283432007","13.8294501304627","",
"Samoa","WSM","Government expenditure on education, total (% of government expenditure)","SE.XPD.TOTL.GB.ZS","","","","","","","","","","","","","","","","","","","","","","","","","","","","","","","","","","","","","","","","13.4171695709229","10.4612998962402","12.7703304290771","12.7938003540039","","","","","","16.06422996521","","9.7576322555542","11.4366044998169","12.1606492996216","14.6528644561768","14.5390615463257","14","14.4064989089966","13.2123956680298","14.8470258712769","15.596474647522","16.2149887084961","17.0629367828369","10.7754316329956","13.7421579360962",
"Kosovo","XKX","Government expenditure on education, total (% of government expenditure)","SE.XPD.TOTL.GB.ZS","","","","","","","","","","","","","","","","","","","","","","","","","","","","","","","","","","","","","","","","","","","","","","","","","","","","","","","","","","","","","","","","",
"Yemen, Rep.","YEM","Government expenditure on education, total (% of government expenditure)","SE.XPD.TOTL.GB.ZS","","","","","","","","","","","","","","","","","","","","","","","","","","","","","","","","","","","","","","","","","30.4892807006836","30.3212795257568","","","","","","","12.489239692688","","","","","","","","","","","","","","","",
"South Africa","ZAF","Government expenditure on education, total (% of government expenditure)","SE.XPD.TOTL.GB.ZS","","","","","","","","","","","","","","","","","","","","","","","","","","","","","","","","","","","","","20.0213260650635","19.9068012237549","18.8103141784668","18.4766216278076","18.4042949676514","17.828577041626","16.6058483123779","17.9982147216797","17.2743377685547","18.0844383239746","19.0197792053223","","18.5453758239746","17.235179901123","17.234956741333","18.4566612243652","19.2028274536133","16.7506999969482","16.3512496948242","18.8851432800293","16.1201610565186","18.8800506591797","20.2936897277832","18.6945037841797","18.6488628387451","18.9276657104492","18.6485004425049","",
"Zambia","ZMB","Government expenditure on education, total (% of government expenditure)","SE.XPD.TOTL.GB.ZS","","","","","","","","","","","","","","","","","","","","","","","","","","","","","","","","","","","","","","","","","8.35262012481689","","","","10.5849895477295","7.72973012924194","","6.22791004180908","5.65180015563965","","","","17.5119686126709","17.4679164886475","","16.726110458374","15.6636199951172","14.9343395233154","17.0909004211426","15.2918653488159","12.3780250549316","","","13.858775138855",
"Zimbabwe","ZWE","Government expenditure on education, total (% of government expenditure)","SE.XPD.TOTL.GB.ZS","","","","","","","","","","","","","","","","","","","","","","","","","","","","","","","","","","","","","","","","","","","","","","","","","","","21.8115882873535","24.0976867675781","25.9498977661133","26.2334899902344","27.5858955383301","29.4708290100098","23.5270843505859","19.6912288665771","19.158784866333","10.4635887145996","15.6666107177734","","","",
