,country,year,life_expectancy,adult_mortality,infant_deaths,under_five_deaths,bmi_male,bmi_female,health_expenditure_percentage,total_expenditure,population,gdp_per_capita,income_class,region,sub_region
0,Albania,2015,78.64,71.25,5.8,3.4,27.06,26.43,6.46,8.8,2880703,3952.8,Lower-middel income,European region,Southern Europe
1,Albania,2014,78.41,75.88,5.8,4.1,26.95,26.35,6.43,8.17,2889104,4578.63,Lower-middel income,European region,Southern Europe
2,Albania,2013,78.12,77.48,5.7,4.5,26.84,26.27,6.28,8.83,2895092,4413.06,Lower-middel income,European region,Southern Europe
3,Albania,2012,78.06,80.11,5.8,4.7,26.73,26.18,6.16,8.7,2900401,4247.63,Lower-middel income,European region,Southern Europe
4,Albania,2011,78.09,103.3,6.2,5.3,26.62,26.1,6.18,8.29,2905195,4437.14,Lower-middel income,European region,Southern Europe
5,Albania,2010,77.94,104.7,6.4,5.6,26.51,26.01,6.24,8.09,2913021,4094.35,Lower-middel income,European region,Southern Europe
6,Albania,2009,77.78,108.0,6.9,6.3,26.4,25.92,5.83,7.22,2927519,4114.13,Lower-middel income,European region,Southern Europe
7,Albania,2008,77.65,110.6,7.2,6.7,26.3,25.83,5.51,7.25,2947314,4370.54,Lower-middel income,European region,Southern Europe
8,Albania,2007,77.55,112.1,7.7,7.5,26.19,25.74,5.93,9.38,2970017,3595.04,Lower-middel income,European region,Southern Europe
9,Albania,2006,76.82,113.2,8.2,8.2,26.08,25.65,5.63,9.03,2992547,2972.74,Lower-middel income,European region,Southern Europe
10,Albania,2005,76.62,113.1,8.6,9.2,25.98,25.56,5.73,9.3,3011487,2673.79,Lower-middel income,European region,Southern Europe
11,Albania,2004,76.38,84.62,9.2,10.1,25.88,25.47,5.89,9.35,3026939,2373.58,Lower-middel income,European region,Southern Europe
12,Albania,2003,76.14,88.0,9.7,11.1,25.78,25.39,5.91,9.0,3039616,1846.12,Lower-middel income,European region,Southern Europe
13,Albania,2002,75.89,84.25,10.1,12.0,25.68,25.3,5.66,8.21,3051010,1425.12,Lower-middel income,European region,Southern Europe
14,Albania,2001,75.64,83.73,10.6,13.2,25.58,25.22,5.93,8.42,3060173,1281.66,Lower-middel income,European region,Southern Europe
15,Albania,2000,75.4,90.7,10.9,14.4,25.49,25.15,5.94,8.17,3089027,1126.68,Lower-middel income,European region,Southern Europe
16,Angola,2015,60.66,253.2,30.7,54.4,22.36,24.26,2.61,4.56,28127721,3217.34,Lower-middel income,African region,Central Africa
17,Angola,2014,60.04,256.2,31.5,63.2,22.29,24.15,2.43,3.62,27128337,5011.98,Lower-middel income,African region,Central Africa
18,Angola,2013,59.31,267.7,32.6,65.8,22.22,24.03,2.73,4.58,26147002,5061.35,Lower-middel income,African region,Central Africa
19,Angola,2012,58.62,274.4,33.9,68.5,22.15,23.91,2.4,4.2,25188292,5083.83,Lower-middel income,African region,Central Africa
20,Angola,2011,57.6,277.9,35.0,72.9,22.07,23.79,2.65,4.58,24259111,4608.16,Lower-middel income,African region,Central Africa
21,Angola,2010,56.73,282.0,36.3,78.6,22.0,23.67,2.7,4.25,23364185,3586.66,Lower-middel income,African region,Central Africa
22,Angola,2009,55.75,287.8,37.6,86.6,21.92,23.55,3.84,5.78,22507674,3123.7,Lower-middel income,African region,Central Africa
23,Angola,2008,54.63,292.1,39.2,92.3,21.84,23.42,3.32,4.06,21691522,4081.72,Lower-middel income,African region,Central Africa
24,Angola,2007,53.64,297.3,40.7,99.1,21.76,23.29,2.97,4.52,20909684,3121.35,Lower-middel income,African region,Central Africa
25,Angola,2006,52.37,307.2,42.1,107.0,21.68,23.16,2.69,4.72,20162340,2597.96,Lower-middel income,African region,Central Africa
26,Angola,2005,51.57,313.8,43.8,113.6,21.6,23.03,2.85,4.82,19450959,1900.72,Lower-middel income,African region,Central Africa
27,Angola,2004,50.59,322.4,45.5,119.9,21.51,22.89,3.97,5.66,18771125,1254.7,Lower-middel income,African region,Central Africa
28,Angola,2003,49.62,321.6,47.1,129.8,21.42,22.75,3.55,4.26,18124342,982.81,Lower-middel income,African region,Central Africa
29,Angola,2002,47.39,325.1,48.2,141.7,21.34,22.61,3.33,4.19,17516139,872.66,Lower-middel income,African region,Central Africa
30,Angola,2001,46.59,338.6,49.5,145.7,21.25,22.47,4.48,5.97,16941587,527.46,Lower-middel income,African region,Central Africa
31,Angola,2000,46.02,345.6,50.5,145.5,21.16,22.33,1.91,2.74,16394062,556.88,Lower-middel income,African region,Central Africa
32,Armenia,2015,74.44,122.9,7.2,6.8,25.67,27.17,10.12,6.12,2878595,3666.14,Lower-middel income,Asian region,Western Asia (Middle East)
33,Armenia,2014,74.06,119.5,7.8,7.2,25.59,27.14,10.18,6.28,2889930,4017.23,Lower-middel income,Asian region,Western Asia (Middle East)
34,Armenia,2013,73.68,121.0,8.0,7.5,25.52,27.11,10.32,5.78,2901385,3833.16,Lower-middel income,Asian region,Western Asia (Middle East)
35,Armenia,2012,73.45,129.0,8.6,7.6,25.44,27.08,9.13,7.04,2914421,3643.72,Lower-middel income,Asian region,Western Asia (Middle East)
36,Armenia,2011,73.31,131.8,8.9,8.2,25.37,27.06,9.38,6.7,2928976,3462.68,Lower-middel income,Asian region,Western Asia (Middle East)
37,Armenia,2010,73.16,133.5,9.4,8.5,25.3,27.03,9.24,6.44,2946293,3143.03,Lower-middel income,Asian region,Western Asia (Middle East)
38,Armenia,2009,72.81,137.7,10.0,8.9,25.22,27.0,8.44,6.34,2964296,2917.37,Lower-middel income,Asian region,Western Asia (Middle East)
39,Armenia,2008,72.4,140.7,10.3,9.2,25.15,26.98,6.64,6.69,2983421,3908.95,Lower-middel income,Asian region,Western Asia (Middle East)
40,Armenia,2007,72.33,137.2,10.9,9.7,25.08,26.95,5.5,7.2,3004393,3064.28,Lower-middel income,Asian region,Western Asia (Middle East)
41,Armenia,2006,71.99,141.9,11.5,10.0,25.01,26.93,5.85,7.93,3026486,2109.53,Lower-middel income,Asian region,Western Asia (Middle East)
42,Armenia,2005,71.79,138.1,12.1,10.7,24.95,26.9,5.86,7.44,3047246,1608.16,Lower-middel income,Asian region,Western Asia (Middle East)
43,Armenia,2004,71.42,134.5,12.9,11.3,24.89,26.88,6.06,6.28,3065745,1166.64,Lower-middel income,Asian region,Western Asia (Middle East)
44,Armenia,2003,71.44,137.0,13.6,12.0,24.83,26.85,7.18,5.38,3084102,910.17,Lower-middel income,Asian region,Western Asia (Middle East)
45,Armenia,2002,71.02,136.1,14.2,12.9,24.77,26.82,7.61,5.33,3105037,765.32,Lower-middel income,Asian region,Western Asia (Middle East)
46,Armenia,2001,70.93,139.6,15.0,13.7,24.72,26.8,4.65,5.66,3133133,676.15,Lower-middel income,Asian region,Western Asia (Middle East)
47,Armenia,2000,70.62,135.3,15.7,15.1,24.67,26.77,4.2,3.87,3168523,603.3,Lower-middel income,Asian region,Western Asia (Middle East)
48,Bangladesh,2015,70.49,125.6,20.8,15.4,21.34,21.92,2.27,3.38,157830000,1236.44,Lower-middel income,Asian region,South Asia
49,Bangladesh,2014,69.99,128.3,21.9,17.0,21.28,21.78,2.28,3.59,155961299,1108.52,Lower-middel income,Asian region,South Asia
50,Bangladesh,2013,69.56,132.8,23.1,18.2,21.22,21.64,2.3,3.62,154030139,973.83,Lower-middel income,Asian region,South Asia
51,Bangladesh,2012,69.55,137.2,24.5,19.6,21.16,21.5,2.35,4.02,152090649,876.52,Lower-middel income,Asian region,South Asia
52,Bangladesh,2011,68.81,140.8,25.9,21.3,21.1,21.35,2.36,4.18,150211005,856.18,Lower-middel income,Asian region,South Asia
53,Bangladesh,2010,68.64,145.9,27.3,22.4,21.05,21.21,2.29,4.44,148391139,776.84,Lower-middel income,Asian region,South Asia
54,Bangladesh,2009,67.4,149.0,29.1,23.9,21.0,21.07,2.18,4.12,146706810,698.5,Lower-middel income,Asian region,South Asia
55,Bangladesh,2008,67.05,153.3,30.5,25.7,20.95,20.93,2.12,3.84,145421318,630.15,Lower-middel income,Asian region,South Asia
56,Bangladesh,2007,66.71,156.8,32.0,26.9,20.9,20.79,2.17,5.08,144135934,552.34,Lower-middel income,Asian region,South Asia
57,Bangladesh,2006,67.24,157.8,33.4,32.7,20.86,20.65,2.11,4.73,142628831,503.37,Lower-middel income,Asian region,South Asia
58,Bangladesh,2005,67.3,159.4,35.0,35.9,20.81,20.51,2.06,4.39,140912590,493.04,Lower-middel income,Asian region,South Asia
59,Bangladesh,2004,67.19,160.5,36.4,37.9,20.76,20.38,2.0,4.87,138789725,469.12,Lower-middel income,Asian region,South Asia
60,Bangladesh,2003,66.82,164.4,37.8,37.3,20.71,20.24,1.96,4.76,136503206,440.71,Lower-middel income,Asian region,South Asia
61,Bangladesh,2002,66.61,166.9,39.3,39.1,20.65,20.1,1.93,4.54,134139826,407.96,Lower-middel income,Asian region,South Asia
62,Bangladesh,2001,66.14,170.2,40.7,41.7,20.6,19.96,1.77,3.58,131670484,410.05,Lower-middel income,Asian region,South Asia
63,Bangladesh,2000,65.78,174.8,42.5,44.0,20.54,19.82,1.81,5.21,129193327,413.1,Lower-middel income,Asian region,South Asia
64,Bhutan,2015,70.34,120.4,18.2,15.1,23.51,24.45,3.76,9.37,743274,2899.23,Lower-middel income,Asian region,South Asia
65,Bhutan,2014,70.05,122.3,19.1,15.8,23.42,24.33,3.56,7.78,736357,2793.93,Lower-middel income,Asian region,South Asia
66,Bhutan,2013,69.71,124.1,20.0,16.5,23.33,24.21,3.71,7.1,728889,2624.77,Lower-middel income,Asian region,South Asia
67,Bhutan,2012,69.33,126.2,21.0,17.4,23.25,24.08,3.62,6.46,721145,2689.79,Lower-middel income,Asian region,South Asia
68,Bhutan,2011,68.88,128.5,21.7,18.6,23.16,23.96,3.35,6.15,713331,2717.45,Lower-middel income,Asian region,South Asia
69,Bhutan,2010,68.43,131.2,22.5,20.1,23.07,23.83,3.56,5.65,705516,2371.97,Lower-middel income,Asian region,South Asia
70,Bhutan,2009,67.9,134.5,23.3,21.5,22.99,23.7,3.55,6.19,697678,1908.25,Lower-middel income,Asian region,South Asia
71,Bhutan,2008,67.5,136.7,24.3,23.4,22.9,23.57,3.38,6.03,689737,1910.17,Lower-middel income,Asian region,South Asia
72,Bhutan,2007,66.95,139.8,25.2,25.7,22.8,23.44,4.13,7.46,681614,1842.34,Lower-middel income,Asian region,South Asia
73,Bhutan,2006,66.36,143.8,26.3,28.2,22.71,23.3,4.41,6.83,673260,1400.47,Lower-middel income,Asian region,South Asia
74,Bhutan,2005,65.81,147.9,27.3,30.9,22.61,23.16,4.13,6.72,663323,1297.09,Lower-middel income,Asian region,South Asia
75,Bhutan,2004,65.27,151.2,28.2,33.6,22.51,23.02,4.6,9.09,649991,1131.32,Lower-middel income,Asian region,South Asia
76,Bhutan,2003,64.7,155.4,29.2,36.6,22.41,22.87,4.13,7.64,634627,1027.27,Lower-middel income,Asian region,South Asia
77,Bhutan,2002,64.08,159.3,30.2,40.1,22.3,22.72,4.6,7.88,619048,903.56,Lower-middel income,Asian region,South Asia
78,Bhutan,2001,63.44,165.0,31.2,45.2,22.19,22.57,5.0,6.55,603234,822.42,Lower-middel income,Asian region,South Asia
79,Bhutan,2000,62.01,176.6,32.1,47.8,22.08,22.42,4.45,7.66,587207,784.62,Lower-middel income,Asian region,South Asia
80,Bolivia (Plurinational State of),2015,67.32,139.8,19.9,17.4,25.31,27.8,6.55,9.66,11090085,2975.65,Lower-middel income,American region,South America
81,Bolivia (Plurinational State of),2014,67.16,142.4,20.3,18.5,25.21,27.66,5.9,8.54,10916987,3022.46,Lower-middel income,American region,South America
82,Bolivia (Plurinational State of),2013,67.02,145.1,21.1,19.2,25.1,27.53,5.57,8.49,10743349,2853.8,Lower-middel income,American region,South America
83,Bolivia (Plurinational State of),2012,66.7,147.4,21.5,20.4,24.99,27.39,5.25,8.31,10569697,2562.47,Lower-middel income,American region,South America
84,Bolivia (Plurinational State of),2011,66.53,150.2,22.2,21.5,24.88,27.26,5.17,8.54,10396246,2304.98,Lower-middel income,American region,South America
85,Bolivia (Plurinational State of),2010,66.16,152.3,23.0,23.1,24.77,27.12,5.2,9.71,10223270,1922.06,Lower-middel income,American region,South America
86,Bolivia (Plurinational State of),2009,65.88,154.3,23.7,24.5,24.66,26.99,5.17,8.82,10051317,1725.15,Lower-middel income,American region,South America
87,Bolivia (Plurinational State of),2008,65.45,157.2,24.6,26.5,24.56,26.86,4.61,7.65,9880593,1687.58,Lower-middel income,American region,South America
88,Bolivia (Plurinational State of),2007,65.03,158.9,25.2,28.3,24.45,26.73,4.7,8.5,9711152,1351.04,Lower-middel income,American region,South America
89,Bolivia (Plurinational State of),2006,64.78,160.7,26.1,30.7,24.35,26.6,4.66,8.75,9542663,1200.07,Lower-middel income,American region,South America
90,Bolivia (Plurinational State of),2005,64.39,163.9,26.8,33.4,24.25,26.48,5.07,8.3,9377388,1018.31,Lower-middel income,American region,South America
91,Bolivia (Plurinational State of),2004,64.0,167.3,27.3,36.3,24.15,26.35,4.86,7.84,9216279,951.95,Lower-middel income,American region,South America
92,Bolivia (Plurinational State of),2003,63.64,172.1,27.7,39.4,24.05,26.22,5.2,8.61,9057378,892.36,Lower-middel income,American region,South America
93,Bolivia (Plurinational State of),2002,63.31,176.8,28.4,42.5,23.96,26.1,4.9,7.82,8900583,888.2,Lower-middel income,American region,South America
94,Bolivia (Plurinational State of),2001,62.84,179.4,28.9,45.6,23.86,25.97,4.83,8.18,8746084,930.88,Lower-middel income,American region,South America
95,Bolivia (Plurinational State of),2000,62.35,185.6,29.8,48.7,23.77,25.83,4.4,8.3,8592656,977.33,Lower-middel income,American region,South America
96,Cabo Verde,2015,74.62,147.4,11.7,7.8,23.76,25.36,4.82,10.09,15417523,3169.08,Lower-middel income,African region,West Africa
97,Cabo Verde,2014,75.24,147.2,12.6,8.5,23.72,25.3,5.33,9.98,15210817,3739.28,Lower-middel income,African region,West Africa
98,Cabo Verde,2013,75.06,148.8,13.1,8.9,23.68,25.23,5.29,9.03,14999683,3757.66,Lower-middel income,African region,West Africa
99,Cabo Verde,2012,74.48,150.8,14.0,9.3,23.63,25.16,5.13,8.86,14786640,3583.46,Lower-middel income,African region,West Africa
100,Cabo Verde,2011,74.26,151.7,14.5,9.9,23.59,25.09,4.31,8.61,14573885,3880.07,Lower-middel income,African region,West Africa
101,Cabo Verde,2010,73.5,152.9,14.9,10.2,23.54,25.01,4.48,7.23,14363532,3500.98,Lower-middel income,African region,West Africa
102,Cabo Verde,2009,73.09,153.2,15.1,11.0,23.48,24.93,3.88,8.31,14155740,3592.32,Lower-middel income,African region,West Africa
103,Cabo Verde,2008,72.51,153.3,15.2,11.5,23.42,24.85,3.58,8.11,13943888,3839.86,Lower-middel income,African region,West Africa
104,Cabo Verde,2007,72.83,162.0,14.8,11.5,23.35,24.75,4.19,10.09,13714791,3268.31,Lower-middel income,African region,West Africa
105,Cabo Verde,2006,72.24,159.1,14.5,11.9,23.27,24.65,4.49,8.92,13477779,2220.1,Lower-middel income,African region,West Africa
106,Cabo Verde,2005,72.68,165.0,14.3,13.5,23.19,24.55,4.27,8.8,13246583,1972.78,Lower-middel income,African region,West Africa
107,Cabo Verde,2004,72.0,169.0,14.1,14.0,23.1,24.44,4.38,9.63,13016371,1900.89,Lower-middel income,African region,West Africa
108,Cabo Verde,2003,71.43,170.7,14.4,14.4,23.01,24.32,4.5,11.37,12787710,1693.98,Lower-middel income,African region,West Africa
109,Cabo Verde,2002,70.7,171.9,14.9,15.2,22.91,24.2,4.76,9.5,12561779,1311.21,Lower-middel income,African region,West Africa
110,Cabo Verde,2001,69.93,173.1,15.9,16.3,22.81,24.07,4.75,11.17,12338192,1208.46,Lower-middel income,African region,West Africa
111,Cabo Verde,2000,68.62,174.6,17.2,18.0,22.72,23.94,4.43,7.5,12118841,1176.71,Lower-middel income,African region,West Africa
112,Cambodia,2015,69.87,192.8,16.4,15.5,22.05,22.27,6.19,6.63,23012646,1170.74,Lower-middel income,Asian region,Southeast Asia
113,Cambodia,2014,69.74,195.3,17.4,16.1,21.95,22.15,6.7,5.71,22299585,1098.07,Lower-middel income,Asian region,Southeast Asia
114,Cambodia,2013,69.3,198.3,18.1,17.2,21.85,22.03,7.1,6.64,21632850,1015.22,Lower-middel income,Asian region,Southeast Asia
115,Cambodia,2012,68.92,201.9,19.3,18.5,21.75,21.91,7.26,6.49,21032684,950.48,Lower-middel income,Asian region,Southeast Asia
116,Cambodia,2011,68.42,206.9,20.5,20.8,21.66,21.79,7.5,6.21,20448873,880.31,Lower-middel income,Asian region,Southeast Asia
117,Cambodia,2010,67.71,212.7,21.4,22.8,21.56,21.67,6.91,6.52,19878036,782.7,Lower-middel income,Asian region,Southeast Asia
118,Cambodia,2009,67.44,216.5,22.5,26.4,21.47,21.57,7.58,5.97,19319274,734.82,Lower-middel income,Asian region,Southeast Asia
119,Cambodia,2008,66.47,221.9,23.5,28.5,21.39,21.46,6.6,6.66,18777081,742.4,Lower-middel income,Asian region,Southeast Asia
120,Cambodia,2007,65.73,229.9,24.5,30.2,21.3,21.36,4.91,6.75,18251866,629.92,Lower-middel income,Asian region,Southeast Asia
121,Cambodia,2006,65.06,238.4,25.8,33.4,21.22,21.26,6.12,7.41,17751333,539.75,Lower-middel income,Asian region,Southeast Asia
122,Cambodia,2005,64.29,248.2,27.1,36.7,21.13,21.16,6.85,9.9,17275171,475.07,Lower-middel income,Asian region,Southeast Asia
123,Cambodia,2004,63.55,256.7,28.3,41.3,21.05,21.07,7.08,9.9,16809407,410.09,Lower-middel income,Asian region,Southeast Asia
124,Cambodia,2003,62.52,263.1,29.7,47.1,20.97,20.98,6.94,9.43,16354326,364.28,Lower-middel income,Asian region,Southeast Asia
125,Cambodia,2002,61.23,268.9,31.7,54.7,20.89,20.88,7.23,8.3,15914033,341.04,Lower-middel income,Asian region,Southeast Asia
126,Cambodia,2001,59.97,272.9,33.6,64.8,20.82,20.79,7.01,7.83,15493253,322.9,Lower-middel income,Asian region,Southeast Asia
127,Cambodia,2000,58.62,276.7,35.2,74.0,20.74,20.7,6.54,8.59,15091594,301.52,Lower-middel income,Asian region,Southeast Asia
128,Cameroon,2015,59.66,322.9,26.5,61.8,23.62,25.15,3.6,1.81,35704498,1399.68,Lower-middel income,African region,Central Africa
129,Cameroon,2014,58.94,329.2,27.1,64.4,23.58,25.07,3.79,2.94,35434066,1631.71,Lower-middel income,African region,Central Africa
130,Cameroon,2013,58.48,327.4,27.5,67.0,23.54,24.99,3.63,2.5,35080992,1559.14,Lower-middel income,African region,Central Africa
131,Cameroon,2012,57.79,327.3,28.2,70.4,23.5,24.9,3.93,3.73,34713395,1433.72,Lower-middel income,African region,Central Africa
132,Cameroon,2011,57.13,331.5,28.8,73.3,23.46,24.82,3.85,3.21,34339221,1497.93,Lower-middel income,African region,Central Africa
133,Cameroon,2010,56.58,335.4,29.4,76.8,23.42,24.73,3.58,2.68,34005902,1383.81,Lower-middel income,African region,Central Africa
134,Cameroon,2009,56.1,340.7,29.9,81.0,23.37,24.64,3.5,3.05,33630069,1445.86,Lower-middel income,African region,Central Africa
135,Cameroon,2008,55.66,349.8,30.5,84.2,23.31,24.54,3.66,3.46,33247298,1476.01,Lower-middel income,African region,Central Africa
136,Cameroon,2007,55.16,362.1,31.0,87.8,23.24,24.44,3.71,4.23,32888886,1311.0,Lower-middel income,African region,Central Africa
137,Cameroon,2006,54.86,369.2,31.1,91.4,23.17,24.33,3.74,5.18,32571193,1177.97,Lower-middel income,African region,Central Africa
138,Cameroon,2005,54.36,373.9,31.3,94.8,23.09,24.21,3.77,5.25,32242732,1129.36,Lower-middel income,African region,Central Africa
139,Cameroon,2004,54.18,383.5,31.4,98.0,23.01,24.09,3.73,5.26,31938807,1119.98,Lower-middel income,African region,Central Africa
140,Cameroon,2003,53.88,391.3,31.6,101.0,22.92,23.97,3.9,6.52,31642461,976.52,Lower-middel income,African region,Central Africa
141,Cameroon,2002,53.42,388.6,31.6,104.5,22.83,23.83,4.03,6.43,31359199,780.27,Lower-middel income,African region,Central Africa
142,Cameroon,2001,53.14,382.0,32.3,117.3,22.74,23.7,3.88,5.34,31020855,706.98,Lower-middel income,African region,Central Africa
143,Cameroon,2000,52.93,374.2,33.0,116.3,22.65,23.56,4.11,4.43,30685730,700.16,Lower-middel income,African region,Central Africa
144,Comoros,2015,62.9,180.8,33.2,38.6,23.31,25.6,4.6,2.45,78656904,1322.94,Lower-middel income,African region,East Africa
145,Comoros,2014,62.52,184.2,34.0,39.9,23.25,25.44,5.24,3.82,76035588,1608.69,Lower-middel income,African region,East Africa
146,Comoros,2013,62.22,188.0,34.6,41.4,23.2,25.28,5.1,4.45,73460021,1595.99,Lower-middel income,African region,East Africa
147,Comoros,2012,61.83,190.8,35.4,42.9,23.14,25.12,5.17,5.35,70997870,1483.95,Lower-middel income,African region,East Africa
148,Comoros,2011,61.5,199.6,36.2,44.3,23.09,24.96,5.3,7.24,68654269,1526.83,Lower-middel income,African region,East Africa
149,Comoros,2010,61.12,191.1,36.7,46.2,23.04,24.8,4.99,2.84,66391257,1384.06,Lower-middel income,African region,East Africa
150,Comoros,2009,60.83,208.4,37.5,48.0,22.98,24.64,4.93,2.77,64270232,1409.11,Lower-middel income,African region,East Africa
151,Comoros,2008,60.48,196.2,38.4,49.3,22.93,24.48,5.07,2.86,62249724,1454.65,Lower-middel income,African region,East Africa
152,Comoros,2007,60.1,205.1,38.9,51.4,22.87,24.33,5.42,4.33,60289422,1289.79,Lower-middel income,African region,East Africa
153,Comoros,2006,59.88,205.9,39.5,53.0,22.82,24.17,5.77,5.18,58381630,1155.09,Lower-middel income,African region,East Africa
154,Comoros,2005,59.6,207.7,40.2,54.5,22.75,24.02,6.13,5.91,56550247,1103.2,Lower-middel income,African region,East Africa
155,Comoros,2004,59.48,209.9,40.3,55.9,22.69,23.86,6.58,6.76,54815607,1090.43,Lower-middel income,African region,East Africa
156,Comoros,2003,59.26,215.2,40.6,56.6,22.63,23.71,6.65,6.68,53205639,959.23,Lower-middel income,African region,East Africa
157,Comoros,2002,59.06,224.2,40.7,56.8,22.56,23.55,6.68,6.71,51662071,761.95,Lower-middel income,African region,East Africa
158,Comoros,2001,59.16,229.5,40.8,56.9,22.5,23.4,6.65,4.11,50106657,691.04,Lower-middel income,African region,East Africa
159,Comoros,2000,58.76,236.7,40.8,57.2,22.43,23.24,7.52,9.16,48616317,654.18,Lower-middel income,African region,East Africa
160,Côte d'Ivoire,2015,57.76,282.1,34.5,57.4,23.44,24.2,3.22,4.87,552166,1941.58,Lower-middel income,African region,West Africa
161,Côte d'Ivoire,2014,57.21,298.6,35.2,59.7,23.4,24.15,3.73,5.11,546076,2124.02,Lower-middel income,African region,West Africa
162,Côte d'Ivoire,2013,56.75,311.2,35.7,61.8,23.36,24.09,3.72,4.59,539940,1903.05,Lower-middel income,African region,West Africa
163,Côte d'Ivoire,2012,56.16,324.3,36.3,63.6,23.32,24.04,4.43,4.62,533864,1649.3,Lower-middel income,African region,West Africa
164,Côte d'Ivoire,2011,55.52,342.2,37.0,66.7,23.27,23.98,4.4,4.39,527521,1701.7,Lower-middel income,African region,West Africa
165,Côte d'Ivoire,2010,55.02,341.5,37.8,68.5,23.22,23.92,4.42,4.06,521212,1654.18,Lower-middel income,African region,West Africa
166,Côte d'Ivoire,2009,54.39,337.2,38.5,70.7,23.17,23.86,4.47,4.65,515638,1638.8,Lower-middel income,African region,West Africa
167,Côte d'Ivoire,2008,53.65,346.1,39.3,73.7,23.11,23.78,4.57,4.14,510336,1683.34,Lower-middel income,African region,West Africa
168,Côte d'Ivoire,2007,52.97,362.7,40.0,76.5,23.04,23.71,4.55,3.96,504733,1451.23,Lower-middel income,African region,West Africa
169,Côte d'Ivoire,2006,52.36,379.6,40.8,79.1,22.97,23.62,4.76,3.86,498884,1303.56,Lower-middel income,African region,West Africa
170,Côte d'Ivoire,2005,51.82,404.7,41.5,83.0,22.89,23.53,5.01,3.89,492827,1267.09,Lower-middel income,African region,West Africa
171,Côte d'Ivoire,2004,51.36,428.4,42.4,87.9,22.81,23.44,5.48,4.15,486583,1267.76,Lower-middel income,African region,West Africa
172,Côte d'Ivoire,2003,50.95,439.1,43.2,91.7,22.73,23.34,5.48,4.07,480089,1173.06,Lower-middel income,African region,West Africa
173,Côte d'Ivoire,2002,50.89,444.2,44.0,94.6,22.64,23.23,5.9,4.15,473231,1020.95,Lower-middel income,African region,West Africa
174,Côte d'Ivoire,2001,50.81,447.6,44.6,96.1,22.56,23.12,6.02,4.46,465958,974.78,Lower-middel income,African region,West Africa
175,Côte d'Ivoire,2000,50.84,450.7,45.3,97.2,22.47,23.0,6.13,4.56,458251,986.78,Lower-middel income,African region,West Africa
176,Democratic Republic of the Congo,2015,63.23,274.0,29.9,61.2,21.38,22.62,2.46,2.71,5064386,2455.34,Lower-middel income,African region,Central Africa
177,Democratic Republic of the Congo,2014,62.95,281.3,30.2,61.2,21.32,22.53,1.97,1.95,4944861,3623.83,Lower-middel income,African region,Central Africa
178,Democratic Republic of the Congo,2013,62.7,289.0,31.0,70.3,21.26,22.44,1.94,2.21,4828066,3719.65,Lower-middel income,African region,Central Africa
179,Democratic Republic of the Congo,2012,62.32,296.4,31.6,70.7,21.2,22.35,1.91,2.67,4713257,3753.86,Lower-middel income,African region,Central Africa
180,Democratic Republic of the Congo,2011,61.99,301.4,32.1,81.4,21.13,22.26,1.75,2.34,4584216,3415.06,Lower-middel income,African region,Central Africa
181,Democratic Republic of the Congo,2010,61.68,306.8,32.7,71.6,21.07,22.17,1.85,3.6,4437884,2962.76,Lower-middel income,African region,Central Africa
182,Democratic Republic of the Congo,2009,61.09,314.4,33.5,70.4,21.01,22.07,2.14,2.53,4257230,2283.95,Lower-middel income,African region,Central Africa
183,Democratic Republic of the Congo,2008,60.43,319.6,34.1,84.1,20.94,21.98,2.24,4.55,4089602,2848.65,Lower-middel income,African region,Central Africa
184,Democratic Republic of the Congo,2007,59.64,321.7,34.7,84.8,20.87,21.88,1.9,2.05,3956329,2219.91,Lower-middel income,African region,Central Africa
185,Democratic Republic of the Congo,2006,58.88,327.0,35.6,92.4,20.8,21.78,1.71,2.08,3813323,2116.87,Lower-middel income,African region,Central Africa
186,Democratic Republic of the Congo,2005,58.13,333.7,36.3,113.6,20.73,21.68,1.72,1.95,3672839,1810.59,Lower-middel income,African region,Central Africa
187,Democratic Republic of the Congo,2004,56.99,340.6,37.2,92.8,20.66,21.57,1.92,1.78,3543012,1314.41,Lower-middel income,African region,Central Africa
188,Democratic Republic of the Congo,2003,55.95,349.4,37.7,116.1,20.58,21.47,1.92,1.86,3424653,1023.09,Lower-middel income,African region,Central Africa
189,Democratic Republic of the Congo,2002,55.09,353.1,38.0,132.2,20.51,21.36,1.7,1.34,3331158,910.87,Lower-middel income,African region,Central Africa
190,Democratic Republic of the Congo,2001,54.4,353.3,38.3,105.8,20.44,21.25,2.19,3.32,3254101,859.44,Lower-middel income,African region,Central Africa
191,Democratic Republic of the Congo,2000,53.68,355.2,38.8,109.7,20.36,21.14,1.51,2.27,3134030,1029.96,Lower-middel income,African region,Central Africa
192,Djibouti,2015,61.96,253.6,33.9,32.2,23.48,24.72,3.35,4.07,1006259,2409.31,Lower-middel income,African region,East Africa
193,Djibouti,2014,61.64,258.6,34.5,32.3,23.45,24.69,2.97,6.07,989087,2239.11,Lower-middel income,African region,East Africa
194,Djibouti,2013,61.22,263.6,35.3,34.1,23.43,24.66,2.92,6.74,971753,2102.2,Lower-middel income,African region,East Africa
195,Djibouti,2012,60.85,268.8,35.9,38.0,23.4,24.63,3.3,7.13,954297,1418.46,Lower-middel income,African region,East Africa
196,Djibouti,2011,60.43,274.2,36.7,37.3,23.38,24.6,3.38,8.47,936811,1322.73,Lower-middel income,African region,East Africa
197,Djibouti,2010,60.26,277.0,37.5,38.3,23.35,24.57,3.36,6.97,919199,1227.82,Lower-middel income,African region,East Africa
198,Djibouti,2009,59.67,279.4,38.1,40.7,23.33,24.54,3.64,6.14,901103,1164.25,Lower-middel income,African region,East Africa
199,Djibouti,2008,59.36,282.3,38.8,45.3,23.31,24.51,3.62,6.35,882886,1131.64,Lower-middel income,African region,East Africa
200,Djibouti,2007,59.02,286.7,39.6,43.4,23.28,24.48,4.06,6.53,865196,980.03,Lower-middel income,African region,East Africa
201,Djibouti,2006,58.72,300.0,40.3,45.4,23.25,24.45,4.22,7.23,846947,907.82,Lower-middel income,African region,East Africa
202,Djibouti,2005,58.32,297.6,40.7,55.3,23.21,24.42,3.81,5.33,830861,852.89,Lower-middel income,African region,East Africa
203,Djibouti,2004,57.76,300.0,41.6,50.4,23.18,24.39,3.54,5.39,818373,813.9,Lower-middel income,African region,East Africa
204,Djibouti,2003,57.6,298.3,42.2,49.2,23.14,24.36,4.27,5.82,806411,771.37,Lower-middel income,African region,East Africa
205,Djibouti,2002,57.22,297.3,42.8,51.1,23.1,24.32,3.76,5.5,789129,749.08,Lower-middel income,African region,East Africa
206,Djibouti,2001,56.9,291.8,43.3,53.8,23.06,24.29,3.2,5.97,765490,747.78,Lower-middel income,African region,East Africa
207,Djibouti,2000,56.57,285.2,44.1,58.0,23.02,24.25,3.4,6.08,742033,742.87,Lower-middel income,African region,East Africa
208,Egypt,2015,70.48,162.4,12.5,11.5,27.83,31.52,5.06,5.06,97723799,3370.38,Lower-middel income,African region,Northern Africa
209,Egypt,2014,70.42,160.7,13.0,11.3,27.73,31.35,4.77,4.16,95592324,3196.86,Lower-middel income,African region,Northern Africa
210,Egypt,2013,70.05,163.8,13.4,11.5,27.64,31.18,4.67,4.16,93377890,3088.89,Lower-middel income,African region,Northern Africa
211,Egypt,2012,70.08,169.6,14.0,11.7,27.54,31.01,4.46,4.39,91240376,3059.14,Lower-middel income,African region,Northern Africa
212,Egypt,2011,69.88,171.3,14.7,12.0,27.45,30.84,4.36,4.83,89200054,2645.62,Lower-middel income,African region,Northern Africa
213,Egypt,2010,69.66,175.1,15.4,12.4,27.35,30.68,4.15,4.36,87252413,2509.77,Lower-middel income,African region,Northern Africa
214,Egypt,2009,69.48,176.3,16.1,13.1,27.26,30.51,4.38,4.72,85501064,2212.22,Lower-middel income,African region,Northern Africa
215,Egypt,2008,69.32,173.7,16.9,14.0,27.17,30.35,4.47,4.7,83844783,1941.9,Lower-middel income,African region,Northern Africa
216,Egypt,2007,69.13,172.7,17.4,14.7,27.09,30.19,4.44,5.02,82218755,1586.47,Lower-middel income,African region,Northern Africa
217,Egypt,2006,68.98,175.8,18.2,15.4,27.01,30.04,4.84,5.05,80629670,1332.34,Lower-middel income,African region,Northern Africa
218,Egypt,2005,68.78,175.0,19.0,15.9,26.93,29.88,4.92,5.24,79075310,1133.11,Lower-middel income,African region,Northern Africa
219,Egypt,2004,68.61,176.8,19.8,16.9,26.85,29.73,4.86,5.24,77522427,1016.25,Lower-middel income,African region,Northern Africa
220,Egypt,2003,68.4,179.2,20.3,18.4,26.77,29.57,5.22,5.44,75963322,1056.94,Lower-middel income,African region,Northern Africa
221,Egypt,2002,68.56,179.2,21.0,19.9,26.69,29.41,5.51,6.14,74393759,1144.53,Lower-middel income,African region,Northern Africa
222,Egypt,2001,68.31,179.4,21.7,22.0,26.61,29.24,5.4,6.63,72854261,1327.1,Lower-middel income,African region,Northern Africa
223,Egypt,2000,68.01,173.9,22.5,24.2,26.53,29.08,4.92,6.66,71371371,1398.86,Lower-middel income,African region,Northern Africa
224,El Salvador,2015,71.81,187.0,7.7,8.1,26.9,28.39,8.76,17.74,6231066,3761.51,Lower-middel income,American region,Central America
225,El Salvador,2014,71.75,163.8,7.9,8.3,26.83,28.28,8.6,16.98,6209526,3638.52,Lower-middel income,American region,Central America
226,El Salvador,2013,71.77,152.3,8.2,8.7,26.75,28.17,9.05,16.72,6185642,3555.16,Lower-middel income,American region,Central America
227,El Salvador,2012,71.83,148.7,8.6,9.1,26.67,28.05,8.61,16.27,6161289,3471.05,Lower-middel income,American region,Central America
228,El Salvador,2011,71.86,162.7,8.9,9.8,26.59,27.94,8.88,18.99,6137349,3304.97,Lower-middel income,American region,Central America
229,El Salvador,2010,71.85,158.8,9.2,10.3,26.51,27.82,8.9,17.09,6114034,3017.31,Lower-middel income,American region,Central America
230,El Salvador,2009,71.58,171.3,9.6,11.0,26.43,27.71,8.84,15.81,6091188,2889.69,Lower-middel income,American region,Central America
231,El Salvador,2008,71.42,163.1,10.0,11.5,26.35,27.6,8.5,16.66,6068099,2964.17,Lower-middel income,American region,Central America
232,El Salvador,2007,71.11,169.9,10.4,12.3,26.27,27.48,8.48,17.98,6044131,2814.59,Lower-middel income,American region,Central America
233,El Salvador,2006,70.77,173.6,10.8,13.2,26.18,27.36,8.69,19.31,6034436,2651.43,Lower-middel income,American region,Central America
234,El Salvador,2005,70.44,170.3,11.4,14.0,26.1,27.24,9.2,18.94,6037817,2434.32,Lower-middel income,American region,Central America
235,El Salvador,2004,70.34,168.3,11.9,15.0,26.0,27.12,8.13,18.69,6035655,2273.96,Lower-middel income,American region,Central America
236,El Salvador,2003,70.14,161.2,12.6,15.9,25.91,26.99,7.77,17.4,6026849,2197.48,Lower-middel income,American region,Central America
237,El Salvador,2002,70.23,157.0,13.0,16.9,25.81,26.85,7.89,17.78,6011275,2106.74,Lower-middel income,American region,Central America
238,El Salvador,2001,69.6,169.1,13.8,17.9,25.7,26.71,7.89,17.69,5988095,2051.16,Lower-middel income,American region,Central America
239,El Salvador,2000,69.86,170.3,14.5,18.8,25.59,26.56,7.84,18.81,5958482,1977.84,Lower-middel income,American region,Central America
240,Georgia,2015,73.3,156.6,7.8,4.3,27.55,27.75,7.42,9.61,3725276,4086.62,Lower-middel income,Asian region,Western Asia (Middle East)
241,Georgia,2014,73.1,157.1,8.8,4.3,27.42,27.63,7.9,7.78,3719414,4830.33,Lower-middel income,Asian region,Western Asia (Middle East)
242,Georgia,2013,72.63,161.0,9.4,4.1,27.28,27.5,7.88,6.85,3717668,4712.0,Lower-middel income,Asian region,Western Asia (Middle East)
243,Georgia,2012,72.41,162.4,10.2,4.3,27.15,27.38,8.05,5.51,3728874,4530.7,Lower-middel income,Asian region,Western Asia (Middle East)
244,Georgia,2011,72.39,159.6,11.0,4.4,27.02,27.26,8.01,5.04,3756441,4119.67,Lower-middel income,Asian region,Western Asia (Middle East)
245,Georgia,2010,72.13,164.9,11.7,4.8,26.89,27.14,9.07,6.15,3786695,3281.73,Lower-middel income,Asian region,Western Asia (Middle East)
246,Georgia,2009,71.95,165.6,12.4,5.2,26.76,27.02,9.57,5.88,3814419,2822.69,Lower-middel income,Asian region,Western Asia (Middle East)
247,Georgia,2008,71.33,165.6,13.3,5.6,26.63,26.9,8.44,4.83,3848449,3324.75,Lower-middel income,Asian region,Western Asia (Middle East)
248,Georgia,2007,71.57,148.2,14.3,6.2,26.51,26.79,7.44,3.95,3860158,2635.37,Lower-middel income,Asian region,Western Asia (Middle East)
249,Georgia,2006,71.39,153.2,15.4,7.0,26.4,26.68,7.63,5.23,3880347,1996.02,Lower-middel income,Asian region,Western Asia (Middle East)
250,Georgia,2005,71.13,154.2,16.3,7.9,26.29,26.58,8.08,5.58,3902469,1642.78,Lower-middel income,Asian region,Western Asia (Middle East)
251,Georgia,2004,70.57,161.4,17.5,8.8,26.18,26.47,8.09,6.25,3927340,1305.05,Lower-middel income,Asian region,Western Asia (Middle East)
252,Georgia,2003,70.33,160.9,18.7,9.8,26.08,26.37,8.03,7.13,3951736,1010.03,Lower-middel income,Asian region,Western Asia (Middle East)
253,Georgia,2002,70.02,170.8,19.8,11.2,25.99,26.28,7.81,7.02,3978515,853.53,Lower-middel income,Asian region,Western Asia (Middle East)
254,Georgia,2001,69.61,137.5,21.0,12.8,25.9,26.18,7.17,6.75,4014373,801.98,Lower-middel income,Asian region,Western Asia (Middle East)
255,Georgia,2000,69.58,135.3,21.9,14.1,25.81,26.09,7.19,4.85,4077131,749.91,Lower-middel income,Asian region,Western Asia (Middle East)
256,Ghana,2015,63.18,254.6,25.9,27.9,22.59,25.28,4.54,8.56,28870939,1711.27,Lower-middel income,African region,West Africa
257,Ghana,2014,63.04,258.1,26.8,29.6,22.59,25.17,4.02,6.72,28196358,1942.92,Lower-middel income,African region,West Africa
258,Ghana,2013,62.42,261.7,27.7,32.5,22.59,25.06,4.59,8.62,27525597,2282.41,Lower-middel income,African region,West Africa
259,Ghana,2012,62.08,266.1,28.9,34.7,22.59,24.95,4.01,8.97,26858762,1536.62,Lower-middel income,African region,West Africa
260,Ghana,2011,61.65,273.9,30.0,36.8,22.59,24.84,4.69,12.07,26205941,1501.06,Lower-middel income,African region,West Africa
261,Ghana,2010,61.16,282.7,30.9,39.6,22.58,24.72,4.22,11.92,25574719,1258.96,Lower-middel income,African region,West Africa
262,Ghana,2009,60.95,288.2,31.6,41.8,22.56,24.6,4.38,12.36,24950762,1044.0,Lower-middel income,African region,West Africa
263,Ghana,2008,60.49,293.9,32.4,44.1,22.54,24.47,3.88,9.9,24326087,1178.96,Lower-middel income,African region,West Africa
264,Ghana,2007,60.22,299.4,32.9,45.6,22.5,24.34,3.8,9.13,23708320,1047.2,Lower-middel income,African region,West Africa
265,Ghana,2006,59.99,303.0,33.1,47.9,22.46,24.21,3.67,9.56,23098586,904.17,Lower-middel income,African region,West Africa
266,Ghana,2005,59.76,305.3,33.3,48.9,22.41,24.07,3.63,10.6,22496951,477.6,Lower-middel income,African region,West Africa
267,Ghana,2004,59.19,307.3,33.7,50.0,22.35,23.92,2.76,4.91,21906444,405.42,Lower-middel income,African region,West Africa
268,Ghana,2003,59.11,308.1,34.0,51.1,22.29,23.77,2.83,6.33,21329514,357.85,Lower-middel income,African region,West Africa
269,Ghana,2002,58.61,307.0,34.7,58.3,22.22,23.61,2.89,6.1,20758326,297.05,Lower-middel income,African region,West Africa
270,Ghana,2001,58.11,303.6,35.5,60.9,22.15,23.45,3.17,7.19,20195577,263.17,Lower-middel income,African region,West Africa
271,Ghana,2000,58.2,297.7,36.2,66.3,22.07,23.28,2.79,6.01,19665502,253.38,Lower-middel income,African region,West Africa
272,Guatemala,2015,72.1,174.7,13.6,15.5,25.75,27.38,6.01,18.11,15567419,3994.63,Lower-middel income,American region,Central America
273,Guatemala,2014,71.96,174.2,14.4,16.1,25.67,27.28,5.89,16.46,15306316,3779.63,Lower-middel income,American region,Central America
274,Guatemala,2013,71.73,177.3,14.9,16.8,25.59,27.17,5.77,15.83,15043981,3522.77,Lower-middel income,American region,Central America
275,Guatemala,2012,71.46,174.1,15.2,17.5,25.51,27.06,6.07,14.32,14781942,3355.03,Lower-middel income,American region,Central America
276,Guatemala,2011,71.18,181.0,15.8,18.0,25.42,26.95,5.96,13.76,14521515,3228.04,Lower-middel income,American region,Central America
277,Guatemala,2010,70.88,187.2,16.4,18.9,25.34,26.84,6.12,14.25,14259687,2852.56,Lower-middel income,American region,Central America
278,Guatemala,2009,70.64,191.1,16.9,19.7,25.26,26.73,6.34,16.03,14000190,2651.83,Lower-middel income,American region,Central America
279,Guatemala,2008,70.36,185.0,17.4,20.9,25.17,26.62,6.08,15.49,13739299,2802.45,Lower-middel income,American region,Central America
280,Guatemala,2007,70.1,186.9,17.6,21.8,25.09,26.51,6.19,14.23,13477017,2490.75,Lower-middel income,American region,Central America
281,Guatemala,2006,69.81,199.1,18.1,22.7,25.01,26.4,6.36,14.59,13213330,2251.08,Lower-middel income,American region,Central America
282,Guatemala,2005,69.17,202.6,18.5,23.8,24.92,26.28,6.15,14.2,12948292,2068.49,Lower-middel income,American region,Central America
283,Guatemala,2004,69.17,194.9,19.0,24.9,24.83,26.16,6.26,15.73,12682108,1859.1,Lower-middel income,American region,Central America
284,Guatemala,2003,68.8,197.3,19.7,26.2,24.74,26.04,6.15,14.21,12415334,1737.88,Lower-middel income,American region,Central America
285,Guatemala,2002,68.39,193.4,20.1,27.2,24.64,25.91,6.01,14.79,12147518,1682.99,Lower-middel income,American region,Central America
286,Guatemala,2001,67.95,200.3,20.6,28.6,24.55,25.77,6.07,14.4,11871565,1550.36,Lower-middel income,American region,Central America
287,Guatemala,2000,67.45,204.7,21.1,29.7,24.46,25.63,5.4,14.08,11589761,1664.31,Lower-middel income,American region,Central America
288,Haiti,2015,63.24,268.9,29.1,45.7,26.5,24.25,5.08,4.4,10563757,1405.71,Lower-middel income,American region,Caribbean
289,Haiti,2014,62.99,272.0,29.3,47.0,26.37,24.15,4.52,3.2,10412740,1454.65,Lower-middel income,American region,Caribbean
290,Haiti,2013,62.6,276.7,29.3,47.8,26.24,24.04,4.11,3.0,10261206,1452.31,Lower-middel income,American region,Caribbean
291,Haiti,2012,62.29,282.5,29.4,48.9,26.11,23.93,5.56,2.78,10108539,1356.17,Lower-middel income,American region,Caribbean
292,Haiti,2011,61.62,287.8,29.4,49.7,25.97,23.82,5.91,2.98,9954312,1306.85,Lower-middel income,American region,Caribbean
293,Haiti,2010,46.02,675.7,31.6,187.1,25.84,23.7,4.55,6.43,9842880,1204.86,Lower-middel income,American region,Caribbean
294,Haiti,2009,61.74,289.4,29.5,53.3,25.7,23.58,3.5,6.77,9730638,1191.8,Lower-middel income,American region,Caribbean
295,Haiti,2008,61.33,297.7,29.7,54.6,25.56,23.45,3.76,7.43,9575247,1089.58,Lower-middel income,American region,Caribbean
296,Haiti,2007,61.1,305.0,29.6,56.1,25.41,23.33,3.65,7.11,9420826,979.6,Lower-middel income,American region,Caribbean
297,Haiti,2006,60.76,317.6,29.6,57.7,25.27,23.2,3.48,2.99,9266288,824.36,Lower-middel income,American region,Caribbean
298,Haiti,2005,60.42,330.1,29.7,59.9,25.13,23.07,3.31,6.67,9111900,771.53,Lower-middel income,American region,Caribbean
299,Haiti,2004,58.48,345.7,29.6,61.8,24.99,22.94,3.43,7.95,8961489,679.28,Lower-middel income,American region,Caribbean
300,Haiti,2003,59.51,340.3,29.6,64.3,24.86,22.8,3.54,6.61,8812245,575.56,Lower-middel income,American region,Caribbean
301,Haiti,2002,58.86,343.9,29.6,67.1,24.72,22.67,3.43,7.36,8661546,716.48,Lower-middel income,American region,Caribbean
302,Haiti,2001,58.49,349.8,29.7,69.8,24.59,22.53,3.75,11.91,8511728,743.91,Lower-middel income,American region,Caribbean
303,Haiti,2000,58.36,353.8,30.2,72.7,24.47,22.4,3.99,13.94,8360225,815.0,Lower-middel income,American region,Caribbean
304,Honduras,2015,72.49,195.1,10.8,8.7,25.93,27.7,7.48,11.33,9294505,2257.23,Lower-middel income,American region,Central America
305,Honduras,2014,72.26,193.7,11.2,9.0,25.84,27.54,7.91,11.55,9127846,2164.42,Lower-middel income,American region,Central America
306,Honduras,2013,71.96,195.4,11.7,9.4,25.76,27.38,8.48,11.81,8960657,2064.55,Lower-middel income,American region,Central America
307,Honduras,2012,71.73,200.9,12.2,9.9,25.67,27.22,8.66,12.84,8792367,2107.35,Lower-middel income,American region,Central America
308,Honduras,2011,71.44,171.9,12.4,10.3,25.59,27.05,8.79,15.03,8622504,2053.96,Lower-middel income,American region,Central America
309,Honduras,2010,71.09,174.2,12.8,10.6,25.5,26.89,8.73,13.97,8450933,1874.27,Lower-middel income,American region,Central America
310,Honduras,2009,70.91,174.6,13.6,11.4,25.42,26.73,9.0,13.99,8277302,1762.35,Lower-middel income,American region,Central America
311,Honduras,2008,70.44,176.7,14.0,11.9,25.33,26.57,8.6,12.57,8101777,1713.42,Lower-middel income,American region,Central America
312,Honduras,2007,70.38,178.2,14.6,12.6,25.24,26.4,8.08,13.64,7924462,1559.89,Lower-middel income,American region,Central America
313,Honduras,2006,70.26,180.4,15.0,13.4,25.15,26.24,7.86,13.42,7745200,1409.58,Lower-middel income,American region,Central America
314,Honduras,2005,70.1,182.6,15.3,14.2,25.06,26.07,7.5,12.37,7564613,1289.82,Lower-middel income,American region,Central America
315,Honduras,2004,69.8,184.5,15.7,15.2,24.97,25.9,6.85,9.6,7383407,1201.25,Lower-middel income,American region,Central America
316,Honduras,2003,69.51,185.9,16.4,16.1,24.87,25.73,6.89,9.88,7201881,1142.81,Lower-middel income,American region,Central America
317,Honduras,2002,69.37,186.4,16.9,17.0,24.78,25.56,6.24,9.47,7019908,1119.42,Lower-middel income,American region,Central America
318,Honduras,2001,69.01,187.7,17.4,18.1,24.68,25.38,5.93,9.94,6837861,1118.94,Lower-middel income,American region,Central America
319,Honduras,2000,68.66,188.7,17.7,19.2,24.58,25.19,6.27,13.68,6656725,1079.61,Lower-middel income,American region,Central America
320,India,2015,69.64,175.4,25.9,18.2,21.74,21.93,3.6,3.38,1322866505,1590.17,Lower-middel income,Asian region,South Asia
321,India,2014,69.07,176.5,27.2,19.7,21.66,21.86,3.62,3.25,1307246509,1559.86,Lower-middel income,Asian region,South Asia
322,India,2013,68.46,179.3,28.3,20.9,21.59,21.78,3.75,3.24,1291132063,1438.06,Lower-middel income,Asian region,South Asia
323,India,2012,67.89,181.3,29.5,22.6,21.52,21.71,3.33,3.44,1274487215,1434.02,Lower-middel income,Asian region,South Asia
324,India,2011,67.36,183.1,30.7,25.1,21.44,21.63,3.25,3.38,1257621191,1449.6,Lower-middel income,Asian region,South Asia
325,India,2010,66.91,185.6,31.8,26.6,21.38,21.56,3.27,3.11,1240613620,1350.63,Lower-middel income,Asian region,South Asia
326,India,2009,66.51,187.1,33.1,29.4,21.31,21.49,3.49,3.12,1223640160,1096.64,Lower-middel income,Asian region,South Asia
327,India,2008,66.15,190.0,34.4,30.6,21.24,21.41,3.51,2.8,1206734806,993.5,Lower-middel income,Asian region,South Asia
328,India,2007,65.79,191.9,35.5,32.2,21.18,21.34,3.52,2.79,1189691809,1022.73,Lower-middel income,Asian region,South Asia
329,India,2006,65.41,194.2,36.8,34.9,21.11,21.26,3.63,2.89,1172373788,802.01,Lower-middel income,Asian region,South Asia
330,India,2005,65.0,197.3,38.0,35.8,21.05,21.19,3.79,2.94,1154638713,710.51,Lower-middel income,Asian region,South Asia
331,India,2004,64.52,200.6,39.4,39.0,20.98,21.11,3.96,2.65,1136264583,624.11,Lower-middel income,Asian region,South Asia
332,India,2003,64.09,206.2,40.8,40.3,20.91,21.03,4.01,2.68,1117415123,543.85,Lower-middel income,Asian region,South Asia
333,India,2002,63.62,212.5,42.0,41.7,20.83,20.95,4.24,2.77,1098313039,468.85,Lower-middel income,Asian region,South Asia
334,India,2001,63.09,217.9,43.5,44.3,20.76,20.87,4.26,2.9,1078970907,449.91,Lower-middel income,Asian region,South Asia
335,India,2000,62.67,222.3,45.1,45.6,20.68,20.78,4.03,3.05,1059633675,442.04,Lower-middel income,Asian region,South Asia
336,Indonesia,2015,69.7,162.2,13.2,14.2,22.49,23.79,2.92,6.63,259091970,3322.58,Lower-middel income,Asian region,Southeast Asia
337,Indonesia,2014,69.53,164.6,13.8,14.3,22.39,23.68,2.96,5.34,256229761,3476.62,Lower-middel income,Asian region,Southeast Asia
338,Indonesia,2013,69.26,167.3,14.4,14.5,22.29,23.57,2.87,4.28,253275918,3602.89,Lower-middel income,Asian region,Southeast Asia
339,Indonesia,2012,68.97,170.1,14.9,15.2,22.2,23.46,2.91,4.07,250222695,3668.21,Lower-middel income,Asian region,Southeast Asia
340,Indonesia,2011,68.82,173.1,15.7,16.6,22.1,23.34,2.99,3.96,247099697,3613.8,Lower-middel income,Asian region,Southeast Asia
341,Indonesia,2010,68.68,176.2,16.2,16.7,22.01,23.23,2.79,3.91,244016173,3094.44,Lower-middel income,Asian region,Southeast Asia
342,Indonesia,2009,68.49,178.5,17.1,17.4,21.92,23.12,2.62,5.41,240981299,2239.1,Lower-middel income,Asian region,Southeast Asia
343,Indonesia,2008,68.23,180.0,17.5,17.4,21.83,23.02,2.55,4.63,237936543,2144.39,Lower-middel income,Asian region,Southeast Asia
344,Indonesia,2007,68.19,181.8,18.3,19.4,21.74,22.91,2.82,5.44,234858289,1840.33,Lower-middel income,Asian region,Southeast Asia
345,Indonesia,2006,67.91,184.1,18.6,22.8,21.65,22.81,2.62,4.51,231797427,1572.8,Lower-middel income,Asian region,Southeast Asia
346,Indonesia,2005,67.65,185.4,19.2,23.3,21.56,22.71,2.53,4.21,228805144,1249.4,Lower-middel income,Asian region,Southeast Asia
347,Indonesia,2004,65.75,210.6,19.8,29.3,21.47,22.6,2.12,4.2,225938595,1136.76,Lower-middel income,Asian region,Southeast Asia
348,Indonesia,2003,67.41,188.6,20.4,24.2,21.39,22.5,2.25,4.5,223080121,1052.41,Lower-middel income,Asian region,Southeast Asia
349,Indonesia,2002,67.13,189.7,21.0,25.6,21.3,22.4,1.98,3.98,220115092,888.9,Lower-middel income,Asian region,Southeast Asia
350,Indonesia,2001,66.76,190.8,21.7,27.6,21.22,22.3,2.12,3.96,217112437,739.0,Lower-middel income,Asian region,Southeast Asia
351,Indonesia,2000,66.43,192.4,22.1,29.9,21.13,22.19,1.85,3.59,214072421,770.87,Lower-middel income,Asian region,Southeast Asia
352,Jordan,2015,75.01,71.41,10.8,6.8,28.4,30.04,7.46,12.22,9494246,4064.25,Lower-middel income,Asian region,Western Asia (Middle East)
353,Jordan,2014,74.79,74.27,11.2,7.0,28.29,29.99,7.21,13.06,8658026,4255.89,Lower-middel income,Asian region,Western Asia (Middle East)
354,Jordan,2013,74.56,77.02,11.4,7.2,28.18,29.94,7.17,13.13,7694814,4477.62,Lower-middel income,Asian region,Western Asia (Middle East)
355,Jordan,2012,74.37,79.79,12.0,7.4,28.07,29.89,7.82,13.67,7211863,4386.46,Lower-middel income,Asian region,Western Asia (Middle East)
356,Jordan,2011,74.19,82.44,12.2,7.5,27.96,29.85,8.15,15.42,7109980,4152.49,Lower-middel income,Asian region,Western Asia (Middle East)
357,Jordan,2010,74.0,85.3,12.5,7.7,27.85,29.8,8.17,17.02,6931258,3914.7,Lower-middel income,Asian region,Western Asia (Middle East)
358,Jordan,2009,73.8,88.36,13.0,7.8,27.74,29.76,9.22,17.92,6780493,3618.89,Lower-middel income,Asian region,Western Asia (Middle East)
359,Jordan,2008,73.59,93.03,13.3,8.3,27.64,29.71,8.49,15.13,6632873,3416.12,Lower-middel income,Asian region,Western Asia (Middle East)
360,Jordan,2007,73.37,98.2,13.8,8.4,27.53,29.67,7.91,12.52,6473457,2643.17,Lower-middel income,Asian region,Western Asia (Middle East)
361,Jordan,2006,73.14,104.0,14.0,8.9,27.43,29.64,7.68,11.36,6075548,2478.29,Lower-middel income,Asian region,Western Asia (Middle East)
362,Jordan,2005,72.93,108.9,14.8,9.2,27.34,29.6,8.49,11.79,5678534,2216.95,Lower-middel income,Asian region,Western Asia (Middle East)
363,Jordan,2004,72.77,111.4,15.1,9.4,27.24,29.57,8.75,9.4,5532423,2062.7,Lower-middel income,Asian region,Western Asia (Middle East)
364,Jordan,2003,72.57,114.5,15.4,9.8,27.15,29.53,8.79,11.37,5396117,1889.44,Lower-middel income,Asian region,Western Asia (Middle East)
365,Jordan,2002,72.36,117.1,16.0,10.2,27.05,29.48,9.28,13.38,5275532,1816.41,Lower-middel income,Asian region,Western Asia (Middle East)
366,Jordan,2001,72.15,120.4,16.3,10.5,26.96,29.43,9.57,13.61,5163310,1738.38,Lower-middel income,Asian region,Western Asia (Middle East)
367,Jordan,2000,71.92,122.4,16.7,10.9,26.86,29.37,9.34,12.69,5056174,1673.36,Lower-middel income,Asian region,Western Asia (Middle East)
368,Kenya,2015,61.89,285.3,21.9,26.2,22.18,24.47,4.76,8.07,46851488,1496.65,Lower-middel income,African region,East Africa
369,Kenya,2014,61.82,299.6,22.1,27.7,22.13,24.35,4.91,7.85,45831863,1489.92,Lower-middel income,African region,East Africa
370,Kenya,2013,61.39,310.3,22.6,29.1,22.08,24.23,4.93,7.15,44792368,1376.83,Lower-middel income,African region,East Africa
371,Kenya,2012,61.12,321.0,22.9,30.7,22.04,24.1,5.02,7.36,43725806,1289.78,Lower-middel income,African region,East Africa
372,Kenya,2011,61.05,336.2,23.2,32.0,21.99,23.98,5.2,7.98,42635144,1099.32,Lower-middel income,African region,East Africa
373,Kenya,2010,60.65,353.4,23.8,33.5,21.95,23.86,5.39,7.24,41517895,1093.64,Lower-middel income,African region,East Africa
374,Kenya,2009,60.36,372.2,24.5,35.6,21.9,23.74,5.27,7.2,40364444,1049.12,Lower-middel income,African region,East Africa
375,Kenya,2008,59.61,393.7,25.2,38.9,21.85,23.62,5.29,7.17,39186895,916.0,Lower-middel income,African region,East Africa
376,Kenya,2007,58.86,413.0,25.7,42.3,21.8,23.5,5.22,7.04,38036793,840.19,Lower-middel income,African region,East Africa
377,Kenya,2006,58.22,436.5,26.5,45.7,21.75,23.39,5.11,6.81,36925253,699.4,Lower-middel income,African region,East Africa
378,Kenya,2005,57.34,458.3,27.3,49.3,21.7,23.27,4.24,6.89,35843010,522.78,Lower-middel income,African region,East Africa
379,Kenya,2004,56.36,473.4,28.1,53.5,21.64,23.14,4.24,6.99,34791836,462.62,Lower-middel income,African region,East Africa
380,Kenya,2003,55.6,480.7,28.9,57.5,21.58,23.02,4.06,7.02,33767122,441.39,Lower-middel income,African region,East Africa
381,Kenya,2002,54.99,480.4,29.5,62.0,21.52,22.9,3.85,7.09,32779823,401.09,Lower-middel income,African region,East Africa
382,Kenya,2001,54.51,477.8,30.2,66.3,21.45,22.77,3.77,7.09,31800343,408.36,Lower-middel income,African region,East Africa
383,Kenya,2000,54.41,474.2,30.6,70.2,21.39,22.64,3.63,7.09,30851606,411.82,Lower-middel income,African region,East Africa
384,Kiribati,2015,66.06,305.0,24.0,33.0,29.11,31.2,8.11,6.69,116707,1641.48,Lower-middel income,Oceania region,Micronesia
385,Kiribati,2014,65.82,307.2,24.4,33.5,29.06,31.09,10.09,7.28,114985,1740.36,Lower-middel income,Oceania region,Micronesia
386,Kiribati,2013,65.59,308.6,24.8,35.0,29.0,30.98,9.53,9.16,113311,1780.66,Lower-middel income,Oceania region,Micronesia
387,Kiribati,2012,65.38,310.4,25.0,35.7,28.95,30.87,8.69,8.36,111618,1855.27,Lower-middel income,Oceania region,Micronesia
388,Kiribati,2011,65.19,312.0,25.4,36.6,28.9,30.77,8.67,9.29,109871,1783.77,Lower-middel income,Oceania region,Micronesia
389,Kiribati,2010,65.02,311.6,25.8,37.3,28.84,30.66,9.34,10.45,107995,1528.9,Lower-middel income,Oceania region,Micronesia
390,Kiribati,2009,64.89,311.6,25.8,38.1,28.8,30.55,13.49,10.9,105996,1324.44,Lower-middel income,Oceania region,Micronesia
391,Kiribati,2008,64.83,312.1,26.5,38.1,28.75,30.44,14.08,12.69,103966,1411.91,Lower-middel income,Oceania region,Micronesia
392,Kiribati,2007,64.84,313.1,26.4,38.3,28.7,30.33,11.36,11.38,101998,1353.62,Lower-middel income,Oceania region,Micronesia
393,Kiribati,2006,64.91,314.8,26.4,38.3,28.65,30.21,11.54,11.41,100083,1121.08,Lower-middel income,Oceania region,Micronesia
394,Kiribati,2005,64.97,316.5,26.7,37.8,28.6,30.09,11.52,11.41,98164,1159.14,Lower-middel income,Oceania region,Micronesia
395,Kiribati,2004,64.99,318.0,27.0,37.6,28.55,29.96,12.43,11.41,96224,1085.29,Lower-middel income,Oceania region,Micronesia
396,Kiribati,2003,64.95,319.6,27.1,38.2,28.5,29.82,10.7,11.41,94302,1017.84,Lower-middel income,Oceania region,Micronesia
397,Kiribati,2002,64.84,322.6,27.7,39.4,28.44,29.68,11.87,11.41,92400,811.44,Lower-middel income,Oceania region,Micronesia
398,Kiribati,2001,64.66,325.2,28.5,40.0,28.38,29.52,12.3,11.41,90531,719.85,Lower-middel income,Oceania region,Micronesia
399,Kiribati,2000,64.41,329.8,28.9,41.6,28.31,29.35,8.65,11.41,88826,841.98,Lower-middel income,Oceania region,Micronesia
400,Lesotho,2015,51.1,629.5,39.2,53.0,22.74,27.09,9.3,10.86,2118521,1113.84,Lower-middel income,African region,Southern Africa
401,Lesotho,2014,50.03,627.4,39.7,53.1,22.68,27.03,10.0,11.59,2095242,1165.05,Lower-middel income,African region,Southern Africa
402,Lesotho,2013,49.0,615.6,40.2,54.0,22.61,26.98,11.0,10.49,2073939,1141.36,Lower-middel income,African region,Southern Africa
403,Lesotho,2012,47.84,609.7,40.8,54.8,22.54,26.93,10.04,9.67,2054718,1205.86,Lower-middel income,African region,Southern Africa
404,Lesotho,2011,46.69,604.0,41.1,55.6,22.47,26.88,9.08,8.2,2037677,1265.86,Lower-middel income,African region,Southern Africa
405,Lesotho,2010,45.6,613.8,41.5,56.0,22.4,26.82,7.64,7.2,2022747,1104.81,Lower-middel income,African region,Southern Africa
406,Lesotho,2009,44.03,631.4,41.8,65.5,22.33,26.76,8.95,7.32,2009169,866.48,Lower-middel income,African region,Southern Africa
407,Lesotho,2008,43.57,659.6,42.6,72.6,22.26,26.7,7.67,8.08,1995014,885.66,Lower-middel income,African region,Southern Africa
408,Lesotho,2007,43.12,710.9,42.8,75.2,22.18,26.64,7.22,9.64,1983465,848.08,Lower-middel income,African region,Southern Africa
409,Lesotho,2006,42.91,743.5,43.2,78.7,22.1,26.58,6.12,7.05,1976780,910.62,Lower-middel income,African region,Southern Africa
410,Lesotho,2005,43.23,732.5,43.3,80.0,22.01,26.51,5.45,6.0,1977424,850.78,Lower-middel income,African region,Southern Africa
411,Lesotho,2004,43.71,699.5,43.6,80.2,21.93,26.45,6.06,8.25,1985384,761.18,Lower-middel income,African region,Southern Africa
412,Lesotho,2003,44.53,647.3,43.7,79.7,21.84,26.38,6.05,7.9,1993030,580.94,Lower-middel income,African region,Southern Africa
413,Lesotho,2002,45.6,588.7,43.8,77.8,21.76,26.31,6.54,7.72,1997534,388.37,Lower-middel income,African region,Southern Africa
414,Lesotho,2001,46.85,589.1,43.6,75.7,21.68,26.24,7.28,8.7,1999473,412.96,Lower-middel income,African region,Southern Africa
415,Lesotho,2000,48.43,607.5,43.0,73.9,21.6,26.17,5.61,7.41,1998630,443.95,Lower-middel income,African region,Southern Africa
416,Mauritania,2015,64.48,157.4,35.1,45.8,23.33,26.69,3.67,5.53,3946220,1562.73,Lower-middel income,African region,West Africa
417,Mauritania,2014,64.16,158.9,36.0,48.7,23.29,26.62,3.47,5.24,3843174,1715.39,Lower-middel income,African region,West Africa
418,Mauritania,2013,63.91,160.9,36.8,50.1,23.26,26.55,2.87,5.39,3742959,1929.78,Lower-middel income,African region,West Africa
419,Mauritania,2012,63.58,162.8,37.3,51.4,23.22,26.47,2.65,4.17,3636113,1850.38,Lower-middel income,African region,West Africa
420,Mauritania,2011,63.35,165.1,38.0,56.6,23.18,26.4,2.47,4.4,3524249,1919.45,Lower-middel income,African region,West Africa
421,Mauritania,2010,63.1,167.2,38.8,63.2,23.13,26.32,2.64,4.22,3419461,1646.13,Lower-middel income,African region,West Africa
422,Mauritania,2009,62.8,169.3,39.4,58.7,23.08,26.23,3.11,4.48,3322616,1418.94,Lower-middel income,African region,West Africa
423,Mauritania,2008,62.4,172.3,40.0,58.9,23.02,26.14,3.01,4.48,3233336,1610.24,Lower-middel income,African region,West Africa
424,Mauritania,2007,62.23,176.6,40.5,60.1,22.95,26.05,2.88,3.89,3153508,1378.22,Lower-middel income,African region,West Africa
425,Mauritania,2006,61.89,180.1,41.1,61.0,22.88,25.94,2.7,3.56,3081229,1272.08,Lower-middel income,African region,West Africa
426,Mauritania,2005,61.66,187.2,41.7,61.3,22.8,25.84,3.4,3.84,3012360,974.66,Lower-middel income,African region,West Africa
427,Mauritania,2004,61.59,189.5,41.8,73.3,22.71,25.72,3.7,2.96,2946575,801.78,Lower-middel income,African region,West Africa
428,Mauritania,2003,61.35,193.5,42.1,70.5,22.62,25.6,4.03,2.61,2883326,711.38,Lower-middel income,African region,West Africa
429,Mauritania,2002,61.27,198.5,42.3,70.5,22.53,25.47,4.0,3.58,2821703,629.78,Lower-middel income,African region,West Africa
430,Mauritania,2001,61.18,204.0,42.6,76.8,22.44,25.34,3.57,2.42,2761823,632.21,Lower-middel income,African region,West Africa
431,Mauritania,2000,61.03,208.6,42.8,67.1,22.34,25.21,3.38,2.51,2695003,660.3,Lower-middel income,African region,West Africa
432,Micronesia (Federated States of),2015,71.41,273.2,17.8,16.1,28.28,31.46,12.46,5.77,109462,2891.32,Lower-middel income,Oceania region,Micronesia
433,Micronesia (Federated States of),2014,71.53,273.3,18.4,16.8,28.22,31.38,11.72,6.16,109024,2928.45,Lower-middel income,Oceania region,Micronesia
434,Micronesia (Federated States of),2013,71.5,274.3,18.9,17.5,28.17,31.3,12.1,4.64,108609,2920.7,Lower-middel income,Oceania region,Micronesia
435,Micronesia (Federated States of),2012,71.4,275.4,19.6,17.9,28.11,31.22,12.28,3.95,108232,3023.59,Lower-middel income,Oceania region,Micronesia
436,Micronesia (Federated States of),2011,71.32,277.1,20.0,19.1,28.06,31.14,13.1,4.65,107887,2885.44,Lower-middel income,Oceania region,Micronesia
437,Micronesia (Federated States of),2010,71.23,278.9,20.1,20.6,28.0,31.06,13.11,3.4,107588,2760.01,Lower-middel income,Oceania region,Micronesia
438,Micronesia (Federated States of),2009,71.11,279.0,21.1,21.0,27.95,30.99,12.55,3.44,107868,2598.4,Lower-middel income,Oceania region,Micronesia
439,Micronesia (Federated States of),2008,71.14,280.3,21.4,22.0,27.91,30.91,11.99,4.97,108704,2420.75,Lower-middel income,Oceania region,Micronesia
440,Micronesia (Federated States of),2007,71.06,281.5,21.6,23.4,27.86,30.83,11.06,4.16,109532,2344.4,Lower-middel income,Oceania region,Micronesia
441,Micronesia (Federated States of),2006,71.09,283.0,22.4,24.6,27.82,30.76,10.74,4.32,110301,2298.64,Lower-middel income,Oceania region,Micronesia
442,Micronesia (Federated States of),2005,70.88,284.8,22.7,25.8,27.78,30.68,17.73,4.46,110940,2256.01,Lower-middel income,Oceania region,Micronesia
443,Micronesia (Federated States of),2004,70.84,284.7,23.5,26.2,27.75,30.6,12.03,3.93,111438,2155.78,Lower-middel income,Oceania region,Micronesia
444,Micronesia (Federated States of),2003,70.76,285.5,23.7,27.3,27.73,30.52,9.57,3.15,111805,2195.19,Lower-middel income,Oceania region,Micronesia
445,Micronesia (Federated States of),2002,69.46,295.0,24.3,27.6,27.7,30.44,7.9,2.87,111992,2165.49,Lower-middel income,Oceania region,Micronesia
446,Micronesia (Federated States of),2001,70.48,289.4,25.0,28.3,27.68,30.36,8.45,2.86,111948,2152.53,Lower-middel income,Oceania region,Micronesia
447,Micronesia (Federated States of),2000,69.77,292.4,25.2,28.8,27.66,30.28,7.77,2.59,111709,2088.21,Lower-middel income,Oceania region,Micronesia
448,Mongolia,2015,69.5,218.8,9.9,9.1,25.91,26.66,4.23,7.73,2964749,3919.35,Lower-middel income,Asian region,East Asia
449,Mongolia,2014,69.05,223.9,10.6,8.9,25.76,26.54,4.21,7.49,2902823,4211.94,Lower-middel income,Asian region,East Asia
450,Mongolia,2013,68.58,231.9,11.0,9.3,25.61,26.42,4.09,7.11,2845153,4422.3,Lower-middel income,Asian region,East Asia
451,Mongolia,2012,68.11,242.1,11.8,9.8,25.46,26.3,3.86,6.5,2792349,4402.3,Lower-middel income,Asian region,East Asia
452,Mongolia,2011,67.44,250.4,12.7,10.4,25.31,26.18,3.59,5.62,2743938,3793.74,Lower-middel income,Asian region,East Asia
453,Mongolia,2010,67.18,249.3,13.8,11.2,25.17,26.05,3.74,7.74,2702520,2660.29,Lower-middel income,Asian region,East Asia
454,Mongolia,2009,66.77,248.4,14.8,12.4,25.02,25.93,4.46,8.75,2666713,1718.91,Lower-middel income,Asian region,East Asia
455,Mongolia,2008,66.38,248.2,16.3,13.7,24.87,25.81,4.56,8.55,2633887,2134.95,Lower-middel income,Asian region,East Asia
456,Mongolia,2007,65.97,259.0,17.7,15.3,24.73,25.69,4.08,8.16,2605643,1625.32,Lower-middel income,Asian region,East Asia
457,Mongolia,2006,65.51,266.2,19.0,17.4,24.59,25.57,3.75,9.51,2581242,1322.64,Lower-middel income,Asian region,East Asia
458,Mongolia,2005,64.88,271.3,19.7,20.5,24.46,25.46,3.76,9.05,2559255,986.02,Lower-middel income,Asian region,East Asia
459,Mongolia,2004,64.8,275.2,20.7,23.5,24.34,25.35,4.16,8.35,2537949,784.91,Lower-middel income,Asian region,East Asia
460,Mongolia,2003,64.21,273.4,21.5,27.3,24.22,25.24,4.1,8.28,2516454,633.95,Lower-middel income,Asian region,East Asia
461,Mongolia,2002,63.52,270.9,22.6,31.4,24.12,25.14,5.19,10.05,2494617,559.83,Lower-middel income,Asian region,East Asia
462,Mongolia,2001,63.28,271.1,23.5,36.2,24.03,25.04,5.05,9.95,2472601,512.82,Lower-middel income,Asian region,East Asia
463,Mongolia,2000,62.88,273.2,24.5,40.5,23.94,24.95,5.7,12.25,2450979,463.85,Lower-middel income,Asian region,East Asia
464,Morocco,2015,72.92,123.6,15.7,9.5,25.46,26.61,5.1,6.98,34680458,3139.23,Lower-middel income,African region,Northern Africa
465,Morocco,2014,72.54,125.3,16.6,10.0,25.36,26.53,5.42,6.84,34248603,3430.53,Lower-middel income,African region,Northern Africa
466,Morocco,2013,72.12,127.0,17.5,10.5,25.25,26.44,5.26,7.65,33803527,3377.64,Lower-middel income,African region,Northern Africa
467,Morocco,2012,71.68,128.9,18.2,10.6,25.15,26.36,5.4,7.17,33352169,3164.0,Lower-middel income,African region,Northern Africa
468,Morocco,2011,71.27,130.7,19.0,11.2,25.05,26.28,5.37,7.22,32903699,3302.45,Lower-middel income,African region,Northern Africa
469,Morocco,2010,70.83,132.4,20.1,11.5,24.94,26.2,5.42,7.53,32464865,3067.85,Lower-middel income,African region,Northern Africa
470,Morocco,2009,70.46,133.8,20.8,12.2,24.85,26.12,5.27,7.57,32042877,3118.14,Lower-middel income,African region,Northern Africa
471,Morocco,2008,70.05,136.1,21.8,12.7,24.75,26.04,4.84,6.68,31634992,3180.17,Lower-middel income,African region,Northern Africa
472,Morocco,2007,69.6,138.0,22.6,13.4,24.66,25.96,4.81,6.83,31232633,2751.42,Lower-middel income,African region,Northern Africa
473,Morocco,2006,69.13,138.9,23.5,14.5,24.57,25.88,4.57,6.48,30833022,2433.21,Lower-middel income,African region,Northern Africa
474,Morocco,2005,68.7,139.9,24.1,15.6,24.48,25.81,4.37,3.85,30431902,2237.58,Lower-middel income,African region,Northern Africa
475,Morocco,2004,68.23,140.7,24.8,16.7,24.4,25.74,4.23,4.13,30033125,2177.8,Lower-middel income,African region,Northern Africa
476,Morocco,2003,67.92,141.3,25.5,18.1,24.32,25.66,4.08,4.14,29661270,1936.09,Lower-middel income,African region,Northern Africa
477,Morocco,2002,67.55,141.9,26.0,19.1,24.23,25.58,4.06,4.19,29301817,1590.49,Lower-middel income,African region,Northern Africa
478,Morocco,2001,67.18,143.8,26.8,20.7,24.15,25.5,3.82,4.23,28930097,1500.36,Lower-middel income,African region,Northern Africa
479,Morocco,2000,66.79,145.4,27.4,22.3,24.07,25.41,3.69,4.12,28554415,1492.38,Lower-middel income,African region,Northern Africa
480,Myanmar,2015,65.56,197.1,25.3,27.1,22.22,23.08,5.48,4.98,51483949,1157.78,Lower-middel income,Asian region,Southeast Asia
481,Myanmar,2014,65.06,201.9,25.8,28.8,22.12,22.99,4.39,4.47,51072436,1283.11,Lower-middel income,Asian region,Southeast Asia
482,Myanmar,2013,64.82,209.6,26.6,31.0,22.02,22.9,3.2,2.71,50648334,1189.96,Lower-middel income,Asian region,Southeast Asia
483,Myanmar,2012,64.14,217.1,27.2,33.3,21.93,22.8,2.41,2.32,50218185,1193.55,Lower-middel income,Asian region,Southeast Asia
484,Myanmar,2011,63.9,225.0,27.9,35.1,21.83,22.71,1.93,1.65,49794522,1204.5,Lower-middel income,Asian region,Southeast Asia
485,Myanmar,2010,63.33,232.0,28.6,36.4,21.74,22.62,1.96,1.35,49390988,1003.03,Lower-middel income,Asian region,Southeast Asia
486,Myanmar,2009,63.16,240.1,29.5,38.1,21.66,22.53,2.16,1.44,49015836,752.94,Lower-middel income,Asian region,Southeast Asia
487,Myanmar,2008,56.51,295.6,30.4,61.2,21.57,22.45,2.11,1.32,48729486,653.87,Lower-middel income,Asian region,Southeast Asia
488,Myanmar,2007,62.37,254.4,31.0,43.0,21.49,22.36,2.02,1.43,48445647,416.6,Lower-middel income,Asian region,Southeast Asia
489,Myanmar,2006,61.89,262.2,31.9,44.0,21.41,22.28,2.25,1.91,48088274,301.58,Lower-middel income,Asian region,Southeast Asia
490,Myanmar,2005,61.6,268.7,33.0,44.7,21.33,22.2,2.33,1.29,47724471,251.17,Lower-middel income,Asian region,Southeast Asia
491,Myanmar,2004,61.25,275.2,33.9,46.5,21.25,22.13,2.32,1.92,47338446,223.23,Lower-middel income,Asian region,Southeast Asia
492,Myanmar,2003,60.98,279.2,34.6,47.0,21.17,22.05,2.38,1.88,46924293,223.06,Lower-middel income,Asian region,Southeast Asia
493,Myanmar,2002,60.72,284.2,35.7,48.4,21.1,21.97,2.58,2.6,46480230,145.82,Lower-middel income,Asian region,Southeast Asia
494,Myanmar,2001,60.42,288.7,36.8,51.0,21.02,21.89,2.15,1.41,46014826,140.78,Lower-middel income,Asian region,Southeast Asia
495,Myanmar,2000,60.16,293.2,37.9,49.3,20.95,21.81,2.0,1.36,45538332,195.55,Lower-middel income,Asian region,Southeast Asia
496,Nicaragua,2015,72.98,111.4,7.7,11.1,26.6,28.04,7.96,17.63,6298598,2025.32,Lower-middel income,American region,Central America
497,Nicaragua,2014,72.81,119.0,7.9,11.4,26.53,27.94,7.98,16.91,6208676,1913.52,Lower-middel income,American region,Central America
498,Nicaragua,2013,72.7,117.6,8.2,11.9,26.46,27.83,7.64,15.99,6119379,1794.78,Lower-middel income,American region,Central America
499,Nicaragua,2012,72.61,118.1,8.4,12.4,26.38,27.73,7.49,15.57,6030607,1746.42,Lower-middel income,American region,Central America
500,Nicaragua,2011,72.42,117.3,8.8,12.8,26.31,27.63,7.45,15.0,5942553,1644.8,Lower-middel income,American region,Central America
501,Nicaragua,2010,72.01,114.1,9.3,13.4,26.23,27.53,7.71,15.74,5855734,1495.73,Lower-middel income,American region,Central America
502,Nicaragua,2009,71.43,118.1,9.8,14.1,26.16,27.43,7.69,16.77,5770639,1438.09,Lower-middel income,American region,Central America
503,Nicaragua,2008,70.59,119.0,10.3,14.8,26.08,27.32,7.17,14.58,5687744,1493.9,Lower-middel income,American region,Central America
504,Nicaragua,2007,69.56,116.9,10.9,15.4,26.0,27.22,6.96,14.68,5607453,1323.85,Lower-middel income,American region,Central America
505,Nicaragua,2006,68.72,112.9,11.5,16.3,25.93,27.12,6.36,13.41,5529811,1223.13,Lower-middel income,American region,Central America
506,Nicaragua,2005,67.94,122.6,12.1,17.1,25.85,27.02,6.22,11.79,5454678,1158.88,Lower-middel income,American region,Central America
507,Nicaragua,2004,67.42,119.5,12.9,18.0,25.76,26.92,6.06,10.92,5386223,1075.51,Lower-middel income,American region,Central America
508,Nicaragua,2003,67.22,119.7,13.8,19.1,25.68,26.81,6.08,12.24,5323062,999.85,Lower-middel income,American region,Central America
509,Nicaragua,2002,67.18,118.7,14.5,20.0,25.59,26.69,5.73,13.15,5259006,993.29,Lower-middel income,American region,Central America
510,Nicaragua,2001,67.22,116.3,15.4,21.2,25.5,26.58,5.48,12.79,5192764,1030.62,Lower-middel income,American region,Central America
511,Nicaragua,2000,67.23,115.6,16.3,22.6,25.41,26.45,5.24,12.48,5123222,997.34,Lower-middel income,American region,Central America
512,Nigeria,2015,51.84,197.4,34.3,71.1,22.62,23.99,3.58,5.33,183995785,2679.55,Lower-middel income,African region,West Africa
513,Nigeria,2014,51.79,202.2,34.9,72.2,22.59,23.94,3.35,3.34,179379016,3200.95,Lower-middel income,African region,West Africa
514,Nigeria,2013,51.71,207.3,35.7,80.2,22.56,23.89,3.42,3.46,174726123,2976.76,Lower-middel income,African region,West Africa
515,Nigeria,2012,51.5,213.7,36.4,77.7,22.53,23.83,3.36,3.67,170075932,2728.02,Lower-middel income,African region,West Africa
516,Nigeria,2011,51.36,219.7,37.1,83.2,22.5,23.78,3.32,2.77,165463745,2504.88,Lower-middel income,African region,West Africa
517,Nigeria,2010,50.94,224.8,37.9,85.4,22.47,23.72,3.3,2.7,160952853,2280.11,Lower-middel income,African region,West Africa
518,Nigeria,2009,50.71,231.0,38.6,87.8,22.43,23.66,3.58,3.69,156595758,1883.89,Lower-middel income,African region,West Africa
519,Nigeria,2008,50.22,237.7,39.4,93.2,22.38,23.59,3.7,4.59,152382506,2227.79,Lower-middel income,African region,West Africa
520,Nigeria,2007,50.03,244.1,40.5,96.0,22.33,23.52,3.91,4.29,148294028,1876.41,Lower-middel income,African region,West Africa
521,Nigeria,2006,49.73,251.1,41.4,100.3,22.27,23.44,4.26,7.32,144329764,1652.15,Lower-middel income,African region,West Africa
522,Nigeria,2005,49.3,257.9,42.4,121.1,22.2,23.36,4.47,6.41,140490722,1250.41,Lower-middel income,African region,West Africa
523,Nigeria,2004,48.77,266.8,43.4,114.4,22.14,23.28,4.63,6.55,136756848,992.75,Lower-middel income,African region,West Africa
524,Nigeria,2003,48.44,271.9,44.7,134.8,22.07,23.19,5.05,4.01,133119801,786.8,Lower-middel income,African region,West Africa
525,Nigeria,2002,47.93,277.3,45.8,121.9,22.0,23.1,2.49,2.74,129583026,733.54,Lower-middel income,African region,West Africa
526,Nigeria,2001,47.62,279.2,47.0,137.8,21.92,23.01,3.19,2.78,126152678,583.09,Lower-middel income,African region,West Africa
527,Nigeria,2000,47.19,278.5,47.9,147.5,21.85,22.91,3.2,2.37,122851984,563.05,Lower-middel income,African region,West Africa
528,Pakistan,2015,65.7,191.0,46.2,31.6,23.34,24.7,2.46,3.85,210969298,1421.84,Lower-middel income,Asian region,South Asia
529,Pakistan,2014,65.28,193.3,47.3,32.9,23.26,24.6,2.46,3.34,208251628,1303.19,Lower-middel income,Asian region,South Asia
530,Pakistan,2013,65.15,195.3,48.3,34.9,23.18,24.49,2.4,3.25,205337562,1259.67,Lower-middel income,Asian region,South Asia
531,Pakistan,2012,64.78,197.7,49.3,35.8,23.1,24.39,2.2,3.17,202205861,1236.89,Lower-middel income,Asian region,South Asia
532,Pakistan,2011,64.65,199.8,50.1,36.8,23.02,24.28,2.14,2.54,198602738,1161.04,Lower-middel income,Asian region,South Asia
533,Pakistan,2010,64.44,204.2,50.5,37.7,22.95,24.18,2.4,2.89,194454498,1011.6,Lower-middel income,Asian region,South Asia
534,Pakistan,2009,64.14,205.7,50.8,38.4,22.88,24.07,2.47,2.96,190123222,985.35,Lower-middel income,Asian region,South Asia
535,Pakistan,2008,64.04,208.1,50.9,40.4,22.81,23.97,2.71,2.22,185931955,1087.51,Lower-middel income,Asian region,South Asia
536,Pakistan,2007,63.85,210.9,51.2,42.6,22.73,23.86,2.82,2.82,181924521,1012.18,Lower-middel income,Asian region,South Asia
537,Pakistan,2006,63.73,214.7,51.8,44.3,22.66,23.75,2.86,3.21,178069984,909.03,Lower-middel income,Asian region,South Asia
538,Pakistan,2005,62.47,232.4,52.9,45.3,22.58,23.64,2.55,3.98,174372098,832.75,Lower-middel income,Asian region,South Asia
539,Pakistan,2004,63.05,222.2,54.4,46.6,22.5,23.53,2.22,4.51,170648620,774.79,Lower-middel income,Asian region,South Asia
540,Pakistan,2003,62.84,225.2,55.7,48.1,22.41,23.41,2.3,3.98,166876680,673.38,Lower-middel income,Asian region,South Asia
541,Pakistan,2002,62.63,226.4,57.2,49.0,22.32,23.29,2.66,6.27,163262807,599.79,Lower-middel income,Asian region,South Asia
542,Pakistan,2001,62.42,228.1,58.9,50.5,22.23,23.17,2.55,6.31,159217727,610.14,Lower-middel income,Asian region,South Asia
543,Pakistan,2000,62.1,229.6,60.1,51.4,22.13,23.04,2.71,6.26,154369924,644.46,Lower-middel income,Asian region,South Asia
544,Papua New Guinea,2015,64.7,215.4,24.5,31.9,25.31,25.89,1.82,6.03,8682174,2502.07,Lower-middel income,Oceania region,Melanesia
545,Papua New Guinea,2014,64.26,218.6,25.3,33.5,25.21,25.78,3.27,7.47,8464153,2742.25,Lower-middel income,Oceania region,Melanesia
546,Papua New Guinea,2013,63.96,222.0,25.7,33.9,25.12,25.67,3.0,7.19,8245627,2578.5,Lower-middel income,Oceania region,Melanesia
547,Papua New Guinea,2012,63.73,226.3,26.3,35.5,25.03,25.55,2.67,8.13,8026545,2653.09,Lower-middel income,Oceania region,Melanesia
548,Papua New Guinea,2011,63.53,226.2,26.7,36.6,24.95,25.44,2.29,7.6,7806637,2303.83,Lower-middel income,Oceania region,Melanesia
549,Papua New Guinea,2010,63.04,227.8,27.0,37.9,24.86,25.33,2.11,7.07,7583269,1879.24,Lower-middel income,Oceania region,Melanesia
550,Papua New Guinea,2009,62.79,230.3,27.6,39.4,24.78,25.21,2.33,6.32,7358890,1578.97,Lower-middel income,Oceania region,Melanesia
551,Papua New Guinea,2008,62.57,233.8,27.9,40.6,24.7,25.1,2.14,7.66,7137988,1635.04,Lower-middel income,Oceania region,Melanesia
552,Papua New Guinea,2007,62.03,237.8,28.2,41.3,24.62,24.99,2.42,9.07,6921066,1379.13,Lower-middel income,Oceania region,Melanesia
553,Papua New Guinea,2006,61.92,242.7,28.6,41.7,24.54,24.87,2.43,8.38,6708217,1245.47,Lower-middel income,Oceania region,Melanesia
554,Papua New Guinea,2005,61.8,243.9,29.0,43.7,24.47,24.76,2.45,7.83,6498818,748.74,Lower-middel income,Oceania region,Melanesia
555,Papua New Guinea,2004,61.76,242.2,29.1,44.8,24.39,24.64,2.59,8.75,6293166,624.04,Lower-middel income,Oceania region,Melanesia
556,Papua New Guinea,2003,61.8,241.0,29.3,47.4,24.31,24.51,2.45,7.63,6090980,580.6,Lower-middel income,Oceania region,Melanesia
557,Papua New Guinea,2002,61.7,241.3,29.4,50.7,24.23,24.39,2.78,8.48,5892596,509.03,Lower-middel income,Oceania region,Melanesia
558,Papua New Guinea,2001,61.77,240.7,29.5,47.5,24.16,24.26,2.3,7.73,5698489,540.67,Lower-middel income,Oceania region,Melanesia
559,Papua New Guinea,2000,61.72,239.3,29.7,48.0,24.08,24.14,2.02,8.32,5508297,639.28,Lower-middel income,Oceania region,Melanesia
560,Philippines,2015,71.27,188.0,14.0,14.7,22.84,23.52,3.9,8.14,103031365,2974.3,Lower-middel income,Asian region,Southeast Asia
561,Philippines,2014,71.15,185.8,14.2,15.5,22.78,23.43,3.7,7.29,101325201,2935.93,Lower-middel income,Asian region,Southeast Asia
562,Philippines,2013,70.83,190.2,14.4,15.3,22.72,23.35,4.27,6.29,99700107,2847.57,Lower-middel income,Asian region,Southeast Asia
563,Philippines,2012,70.88,190.5,14.5,15.7,22.67,23.27,4.18,6.06,98032317,2671.78,Lower-middel income,Asian region,Southeast Asia
564,Philippines,2011,70.79,187.2,14.5,16.3,22.62,23.19,4.03,6.19,96337913,2431.2,Lower-middel income,Asian region,Southeast Asia
565,Philippines,2010,70.75,187.8,14.7,16.6,22.57,23.12,4.13,7.18,94636700,2201.78,Lower-middel income,Asian region,Southeast Asia
566,Philippines,2009,70.63,191.0,14.8,16.7,22.52,23.05,4.16,6.64,92946951,1893.28,Lower-middel income,Asian region,Southeast Asia
567,Philippines,2008,70.56,189.4,14.9,17.2,22.47,22.98,3.86,6.51,91252326,1990.36,Lower-middel income,Asian region,Southeast Asia
568,Philippines,2007,70.48,189.7,15.0,17.6,22.43,22.92,3.75,6.46,89561377,1741.6,Lower-middel income,Asian region,Southeast Asia
569,Philippines,2006,70.28,194.1,15.4,18.0,22.38,22.86,3.78,6.63,87901835,1452.22,Lower-middel income,Asian region,Southeast Asia
570,Philippines,2005,70.24,189.1,15.5,18.3,22.34,22.8,3.74,6.61,86261250,1245.29,Lower-middel income,Asian region,Southeast Asia
571,Philippines,2004,70.04,187.9,15.9,19.1,22.29,22.74,3.05,5.62,84607501,1122.86,Lower-middel income,Asian region,Southeast Asia
572,Philippines,2003,69.92,187.3,16.3,19.7,22.25,22.68,3.08,5.46,82942837,1049.39,Lower-middel income,Asian region,Southeast Asia
573,Philippines,2002,69.78,185.8,16.6,19.9,22.21,22.62,2.64,4.75,81285572,1037.17,Lower-middel income,Asian region,Southeast Asia
574,Philippines,2001,69.61,184.2,16.6,20.3,22.16,22.56,2.85,5.5,79626086,991.15,Lower-middel income,Asian region,Southeast Asia
575,Philippines,2000,69.41,178.6,16.8,21.0,22.11,22.49,3.06,6.52,77958223,1073.26,Lower-middel income,Asian region,Southeast Asia
576,Republic of Moldova,2015,69.24,182.9,11.9,4.3,26.69,27.54,8.56,12.21,2835978,2749.55,Lower-middel income,European region,Eastern Europe
577,Republic of Moldova,2014,69.03,180.9,12.2,4.2,26.61,27.49,8.63,12.76,2857815,3289.96,Lower-middel income,European region,Eastern Europe
578,Republic of Moldova,2013,69.1,175.5,12.3,4.2,26.52,27.45,8.68,12.5,2859558,3321.04,Lower-middel income,European region,Eastern Europe
579,Republic of Moldova,2012,69.14,193.1,12.5,4.2,26.43,27.4,9.14,13.17,2860324,3044.81,Lower-middel income,European region,Eastern Europe
580,Republic of Moldova,2011,69.19,197.4,12.7,4.2,26.35,27.36,9.1,13.04,2860699,2941.36,Lower-middel income,European region,Eastern Europe
581,Republic of Moldova,2010,69.36,242.9,12.7,4.4,26.27,27.31,10.13,13.63,2862354,2436.8,Lower-middel income,European region,Eastern Europe
582,Republic of Moldova,2009,69.57,238.3,12.9,4.3,26.18,27.26,13.68,12.88,2865213,1898.44,Lower-middel income,European region,Eastern Europe
583,Republic of Moldova,2008,69.39,245.6,12.8,4.5,26.09,27.21,10.95,12.72,2868833,2110.55,Lower-middel income,European region,Eastern Europe
584,Republic of Moldova,2007,68.95,254.2,13.0,4.7,26.0,27.16,11.02,13.18,2874299,1531.22,Lower-middel income,European region,Eastern Europe
585,Republic of Moldova,2006,68.48,258.0,13.4,5.3,25.9,27.1,10.54,12.89,2880967,1183.02,Lower-middel income,European region,Eastern Europe
586,Republic of Moldova,2005,68.17,265.0,13.7,5.9,25.81,27.04,9.56,13.58,2888985,1034.39,Lower-middel income,European region,Eastern Europe
587,Republic of Moldova,2004,67.86,244.1,14.6,6.8,25.71,26.98,8.97,15.25,2896023,897.18,Lower-middel income,European region,Eastern Europe
588,Republic of Moldova,2003,67.42,249.4,15.6,7.8,25.61,26.91,7.02,9.59,2903198,682.32,Lower-middel income,European region,Eastern Europe
589,Republic of Moldova,2002,66.94,249.1,17.1,8.9,25.51,26.84,7.4,11.54,2911385,570.8,Lower-middel income,European region,Eastern Europe
590,Republic of Moldova,2001,66.79,248.9,19.0,10.6,25.41,26.77,6.23,9.71,2918135,507.4,Lower-middel income,European region,Eastern Europe
591,Republic of Moldova,2000,66.42,254.1,20.8,12.1,25.32,26.7,5.93,8.53,2924668,440.54,Lower-middel income,European region,Eastern Europe
592,Samoa,2015,72.52,197.4,9.1,8.1,30.54,34.21,6.21,14.78,203571,4048.47,Lower-middel income,Oceania region,Polynesia
593,Samoa,2014,72.46,194.3,9.4,8.1,30.44,34.07,6.25,12.84,201757,3948.73,Lower-middel income,Oceania region,Polynesia
594,Samoa,2013,72.39,191.3,9.5,8.4,30.35,33.94,6.21,13.11,199939,3989.9,Lower-middel income,Oceania region,Polynesia
595,Samoa,2012,72.17,189.4,9.7,9.0,30.26,33.81,4.99,11.64,198124,3902.31,Lower-middel income,Oceania region,Polynesia
596,Samoa,2011,72.26,184.8,9.8,9.5,30.17,33.68,5.38,10.89,196351,3789.63,Lower-middel income,Oceania region,Polynesia
597,Samoa,2010,72.25,184.3,9.8,8.9,30.08,33.54,5.15,13.23,194672,3494.4,Lower-middel income,Oceania region,Polynesia
598,Samoa,2009,70.07,197.2,9.9,14.3,30.0,33.41,5.13,12.67,193176,3250.95,Lower-middel income,Oceania region,Polynesia
599,Samoa,2008,72.16,182.4,10.0,10.0,29.91,33.28,4.53,12.52,191787,3344.05,Lower-middel income,Oceania region,Polynesia
600,Samoa,2007,72.1,181.8,10.0,9.6,29.82,33.15,4.74,10.56,190478,3011.1,Lower-middel income,Oceania region,Polynesia
601,Samoa,2006,72.02,181.3,10.1,10.3,29.74,33.02,4.88,12.42,189379,2639.81,Lower-middel income,Oceania region,Polynesia
602,Samoa,2005,71.75,184.0,10.2,9.8,29.66,32.89,4.63,10.4,188626,2527.76,Lower-middel income,Oceania region,Polynesia
603,Samoa,2004,71.7,184.8,10.3,9.2,29.58,32.75,4.53,11.04,188073,2168.03,Lower-middel income,Oceania region,Polynesia
604,Samoa,2003,71.5,186.4,10.7,9.8,29.5,32.61,4.17,9.87,187440,1778.84,Lower-middel income,Oceania region,Polynesia
605,Samoa,2002,71.28,188.2,10.8,9.7,29.42,32.47,4.49,11.1,186630,1509.89,Lower-middel income,Oceania region,Polynesia
606,Samoa,2001,71.02,190.0,11.3,10.2,29.34,32.32,3.82,10.39,185530,1435.35,Lower-middel income,Oceania region,Polynesia
607,Samoa,2000,70.75,191.9,11.5,10.0,29.26,32.17,4.28,11.8,184008,1406.77,Lower-middel income,Oceania region,Polynesia
608,Sao Tome and Principe,2015,67.25,164.4,15.6,19.5,23.94,25.69,5.34,4.94,201124,1292.73,Lower-middel income,African region,Central Africa
609,Sao Tome and Principe,2014,66.84,166.8,16.2,20.1,23.9,25.62,6.73,7.78,197497,1484.17,Lower-middel income,African region,Central Africa
610,Sao Tome and Principe,2013,66.33,169.7,16.8,21.3,23.86,25.55,7.94,8.44,193757,1378.23,Lower-middel income,African region,Central Africa
611,Sao Tome and Principe,2012,65.75,171.7,17.2,24.1,23.81,25.48,6.48,4.57,189924,1207.7,Lower-middel income,African region,Central Africa
612,Sao Tome and Principe,2011,64.9,172.0,17.7,25.5,23.77,25.4,6.76,4.31,186044,1217.21,Lower-middel income,African region,Central Africa
613,Sao Tome and Principe,2010,65.25,175.4,18.1,26.8,23.72,25.32,6.86,4.1,182138,1043.28,Lower-middel income,African region,Central Africa
614,Sao Tome and Principe,2009,65.12,179.7,18.4,28.2,23.66,25.23,7.24,3.27,178128,1126.54,Lower-middel income,African region,Central Africa
615,Sao Tome and Principe,2008,65.08,190.1,18.7,31.6,23.59,25.14,7.17,4.02,174004,1080.56,Lower-middel income,African region,Central Africa
616,Sao Tome and Principe,2007,64.72,193.3,19.0,36.2,23.52,25.04,8.2,4.28,169845,878.14,Lower-middel income,African region,Central Africa
617,Sao Tome and Principe,2006,64.4,195.0,19.4,38.7,23.44,24.93,8.3,1.65,165725,861.52,Lower-middel income,African region,Central Africa
618,Sao Tome and Principe,2005,63.71,198.8,20.2,41.5,23.35,24.82,11.55,12.82,161680,843.96,Lower-middel income,African region,Central Africa
619,Sao Tome and Principe,2004,63.73,202.2,20.6,45.0,23.26,24.7,11.92,10.3,157697,726.6,Lower-middel income,African region,Central Africa
620,Sao Tome and Principe,2003,63.17,203.2,21.2,47.9,23.16,24.57,12.66,13.47,153762,663.92,Lower-middel income,African region,Central Africa
621,Sao Tome and Principe,2002,62.6,205.4,21.7,51.1,23.06,24.44,10.7,8.5,149841,568.41,Lower-middel income,African region,Central Africa
622,Sao Tome and Principe,2001,62.03,207.1,22.4,53.4,22.96,24.31,10.84,6.99,146258,519.3,Lower-middel income,African region,Central Africa
623,Sao Tome and Principe,2000,61.66,210.2,22.7,55.4,22.85,24.17,10.52,32.4,143714,530.21,Lower-middel income,African region,Central Africa
624,Senegal,2015,66.88,195.9,21.7,26.7,21.88,24.09,4.38,4.7,14356181,1238.13,Lower-middel income,African region,West Africa
625,Senegal,2014,66.45,197.7,22.5,28.5,21.86,24.04,4.39,4.68,13970308,1417.09,Lower-middel income,African region,West Africa
626,Senegal,2013,66.07,199.5,23.2,31.0,21.84,23.99,4.39,5.3,13595566,1391.53,Lower-middel income,African region,West Africa
627,Senegal,2012,65.46,200.3,24.1,33.3,21.81,23.94,4.27,5.31,13231833,1334.73,Lower-middel income,African region,West Africa
628,Senegal,2011,65.26,200.7,25.0,35.5,21.79,23.89,4.21,5.63,12875880,1383.54,Lower-middel income,African region,West Africa
629,Senegal,2010,64.61,201.7,25.9,38.4,21.77,23.84,4.03,5.35,12530121,1286.6,Lower-middel income,African region,West Africa
630,Senegal,2009,63.92,203.3,27.1,41.6,21.74,23.79,3.84,6.66,12195029,1323.97,Lower-middel income,African region,West Africa
631,Senegal,2008,63.24,206.6,28.3,43.9,21.7,23.73,3.51,6.62,11872929,1419.53,Lower-middel income,African region,West Africa
632,Senegal,2007,62.54,213.9,29.4,47.0,21.65,23.67,3.41,5.95,11563869,1210.17,Lower-middel income,African region,West Africa
633,Senegal,2006,61.75,222.8,30.8,51.5,21.6,23.6,3.76,8.27,11263387,1038.58,Lower-middel income,African region,West Africa
634,Senegal,2005,60.92,226.3,32.1,56.3,21.55,23.52,3.67,8.54,10974057,1003.19,Lower-middel income,African region,West Africa
635,Senegal,2004,60.03,230.2,33.4,61.1,21.49,23.45,4.57,8.97,10698691,941.87,Lower-middel income,African region,West Africa
636,Senegal,2003,59.12,232.8,34.6,74.4,21.43,23.36,4.3,9.05,10434504,840.36,Lower-middel income,African region,West Africa
637,Senegal,2002,58.23,240.9,36.0,111.4,21.36,23.27,3.95,8.64,10180950,688.19,Lower-middel income,African region,West Africa
638,Senegal,2001,57.56,237.5,37.4,99.9,21.3,23.18,3.68,9.01,9938027,654.84,Lower-middel income,African region,West Africa
639,Senegal,2000,56.94,241.3,38.2,92.8,21.23,23.08,3.55,8.96,9704287,619.64,Lower-middel income,African region,West Africa
640,Solomon Islands,2015,69.58,290.5,8.9,12.9,25.7,26.99,4.45,8.34,612660,2134.81,Lower-middel income,Oceania region,Melanesia
641,Solomon Islands,2014,69.23,293.1,9.3,13.1,25.59,26.91,4.89,8.35,597375,2235.73,Lower-middel income,Oceania region,Melanesia
642,Solomon Islands,2013,69.19,294.6,9.6,13.6,25.49,26.83,4.58,7.64,582365,2208.09,Lower-middel income,Oceania region,Melanesia
643,Solomon Islands,2012,69.08,296.7,9.7,14.1,25.38,26.74,4.87,7.86,567763,2087.52,Lower-middel income,Oceania region,Melanesia
644,Solomon Islands,2011,68.91,299.5,10.1,14.6,25.29,26.66,5.02,7.43,553721,1921.36,Lower-middel income,Oceania region,Melanesia
645,Solomon Islands,2010,68.73,301.2,10.5,14.9,25.19,26.57,4.66,7.08,540394,1662.0,Lower-middel income,Oceania region,Melanesia
646,Solomon Islands,2009,68.47,304.2,10.8,15.4,25.1,26.49,6.61,7.73,527833,1526.16,Lower-middel income,Oceania region,Melanesia
647,Solomon Islands,2008,68.4,305.6,11.2,15.5,25.02,26.4,5.51,9.07,516001,1504.53,Lower-middel income,Oceania region,Melanesia
648,Solomon Islands,2007,67.99,309.1,11.3,15.8,24.94,26.31,7.18,13.03,504619,1377.86,Lower-middel income,Oceania region,Melanesia
649,Solomon Islands,2006,68.09,309.4,11.6,15.9,24.86,26.22,8.01,18.01,493430,1250.95,Lower-middel income,Oceania region,Melanesia
650,Solomon Islands,2005,67.94,311.2,11.9,16.1,24.78,26.13,9.02,23.77,482486,1145.87,Lower-middel income,Oceania region,Melanesia
651,Solomon Islands,2004,67.8,312.2,12.1,16.2,24.7,26.03,7.72,21.12,471785,991.99,Lower-middel income,Oceania region,Melanesia
652,Solomon Islands,2003,67.64,313.3,12.3,16.4,24.63,25.93,7.08,24.23,461216,905.58,Lower-middel income,Oceania region,Melanesia
653,Solomon Islands,2002,67.52,314.2,12.4,16.6,24.55,25.83,10.1,32.32,450760,768.49,Lower-middel income,Oceania region,Melanesia
654,Solomon Islands,2001,67.36,314.1,12.6,16.6,24.48,25.72,6.61,25.83,440395,929.87,Lower-middel income,Oceania region,Melanesia
655,Solomon Islands,2000,67.22,314.9,12.9,17.0,24.41,25.61,4.83,21.78,429978,976.43,Lower-middel income,Oceania region,Melanesia
656,Sri Lanka,2015,74.93,103.8,6.3,3.5,22.53,23.71,3.68,8.4,21336697,3990.35,Lower-middel income,Asian region,South Asia
657,Sri Lanka,2014,74.65,106.1,6.6,3.7,22.42,23.59,3.47,9.03,21239457,3885.62,Lower-middel income,Asian region,South Asia
658,Sri Lanka,2013,74.24,110.7,6.6,4.1,22.31,23.47,3.69,10.1,21131756,3643.83,Lower-middel income,Asian region,South Asia
659,Sri Lanka,2012,73.91,114.0,6.4,4.4,22.21,23.35,3.31,8.06,21017147,3351.89,Lower-middel income,Asian region,South Asia
660,Sri Lanka,2011,73.38,123.5,6.3,5.1,22.11,23.23,3.58,7.97,20859743,3248.04,Lower-middel income,Asian region,South Asia
661,Sri Lanka,2010,73.22,136.7,6.4,5.2,22.0,23.11,3.74,7.83,20668557,2836.97,Lower-middel income,Asian region,South Asia
662,Sri Lanka,2009,69.19,146.7,6.9,5.1,21.91,23.0,4.06,7.84,20482477,2053.77,Lower-middel income,Asian region,South Asia
663,Sri Lanka,2008,71.73,149.8,7.2,5.2,21.81,22.89,3.85,8.73,20285643,2007.03,Lower-middel income,Asian region,South Asia
664,Sri Lanka,2007,72.05,138.3,7.1,5.7,21.72,22.78,3.82,9.33,20078655,1611.18,Lower-middel income,Asian region,South Asia
665,Sri Lanka,2006,71.97,145.2,7.0,6.4,21.63,22.68,3.85,9.56,19870706,1423.19,Lower-middel income,Asian region,South Asia
666,Sri Lanka,2005,72.12,146.0,6.6,7.4,21.53,22.58,3.88,10.14,19673866,1240.52,Lower-middel income,Asian region,South Asia
667,Sri Lanka,2004,67.09,178.5,6.5,22.2,21.44,22.48,4.04,11.05,19490431,1060.14,Lower-middel income,Asian region,South Asia
668,Sri Lanka,2003,71.37,147.3,6.6,8.6,21.36,22.38,3.65,10.38,19303180,978.17,Lower-middel income,Asian region,South Asia
669,Sri Lanka,2002,71.12,149.1,7.2,8.2,21.27,22.28,4.04,10.37,19110707,865.3,Lower-middel income,Asian region,South Asia
670,Sri Lanka,2001,70.79,160.6,8.3,7.5,21.19,22.19,4.06,9.52,18920275,832.43,Lower-middel income,Asian region,South Asia
671,Sri Lanka,2000,70.36,177.0,9.5,6.7,21.11,22.09,4.11,10.14,18776371,869.75,Lower-middel income,Asian region,South Asia
672,Sudan,2015,64.66,162.2,30.5,35.3,23.24,26.03,5.81,6.66,38171178,1355.13,Lower-middel income,African region,Northern Africa
673,Sudan,2014,64.27,163.8,31.1,35.9,23.2,25.94,5.68,10.62,37003245,1338.17,Lower-middel income,African region,Northern Africa
674,Sudan,2013,63.68,167.0,31.7,39.5,23.15,25.85,6.96,7.52,35990704,1195.42,Lower-middel income,African region,Northern Africa
675,Sudan,2012,63.79,167.1,32.1,40.5,23.11,25.76,5.69,9.06,35159792,1070.34,Lower-middel income,African region,Northern Africa
676,Sudan,2011,63.25,173.7,32.4,41.1,23.07,25.67,5.62,7.04,34419624,1391.43,Lower-middel income,African region,Northern Africa
677,Sudan,2010,63.02,172.7,32.7,42.3,23.02,25.59,5.06,9.49,33739933,1356.89,Lower-middel income,African region,Northern Africa
678,Sudan,2009,62.64,179.0,33.0,43.6,22.98,25.5,6.39,14.02,32948155,1223.9,Lower-middel income,African region,Northern Africa
679,Sudan,2008,61.21,179.5,33.2,45.5,22.94,25.41,5.42,8.79,32065241,1585.58,Lower-middel income,African region,Northern Africa
680,Sudan,2007,61.26,183.9,33.5,47.3,22.89,25.33,5.66,10.47,31191163,1500.67,Lower-middel income,African region,Northern Africa
681,Sudan,2006,60.28,188.4,33.8,49.4,22.84,25.24,4.89,9.44,30332968,1179.9,Lower-middel income,African region,Northern Africa
682,Sudan,2005,57.28,191.6,34.2,51.4,22.79,25.15,4.09,8.1,29540577,945.69,Lower-middel income,African region,Northern Africa
683,Sudan,2004,56.77,209.1,34.7,55.0,22.73,25.06,4.16,9.53,28831550,737.12,Lower-middel income,African region,Northern Africa
684,Sudan,2003,58.2,204.3,35.4,60.4,22.67,24.96,3.89,10.07,28188977,607.01,Lower-middel income,African region,Northern Africa
685,Sudan,2002,58.98,207.5,35.8,62.7,22.61,24.87,3.3,10.71,27570318,529.45,Lower-middel income,African region,Northern Africa
686,Sudan,2001,58.56,206.5,36.6,64.6,22.54,24.77,3.36,11.37,26947253,471.37,Lower-middel income,African region,Northern Africa
687,Sudan,2000,58.32,210.2,37.1,65.6,22.48,24.66,3.61,11.77,26298773,378.16,Lower-middel income,African region,Northern Africa
688,Timor-Leste,2015,67.14,164.1,21.6,28.7,21.25,21.27,7.67,4.51,1205813,1322.93,Lower-middel income,Asian region,Southeast Asia
689,Timor-Leste,2014,66.79,164.9,22.2,30.2,21.15,21.16,7.6,3.72,1184830,1221.72,Lower-middel income,Asian region,Southeast Asia
690,Timor-Leste,2013,66.44,164.6,22.7,31.7,21.04,21.05,8.53,4.62,1161555,1201.6,Lower-middel income,Asian region,Southeast Asia
691,Timor-Leste,2012,66.08,164.1,23.1,33.2,20.94,20.95,6.99,3.21,1137676,1020.11,Lower-middel income,Asian region,Southeast Asia
692,Timor-Leste,2011,65.7,164.6,23.8,34.7,20.84,20.84,6.87,2.68,1112976,936.71,Lower-middel income,Asian region,Southeast Asia
693,Timor-Leste,2010,65.3,165.2,24.4,36.3,20.74,20.74,6.47,2.71,1088486,810.22,Lower-middel income,Asian region,Southeast Asia
694,Timor-Leste,2009,64.85,167.7,25.3,38.4,20.65,20.64,7.31,2.66,1065540,682.22,Lower-middel income,Asian region,Southeast Asia
695,Timor-Leste,2008,64.33,167.3,25.9,40.9,20.56,20.54,6.97,2.78,1043076,621.74,Lower-middel income,Asian region,Southeast Asia
696,Timor-Leste,2007,63.72,169.3,26.8,43.5,20.48,20.45,5.65,1.27,1019362,532.49,Lower-middel income,Asian region,Southeast Asia
697,Timor-Leste,2006,63.07,171.5,27.9,46.9,20.39,20.37,6.0,4.0,994564,456.27,Lower-middel income,Asian region,Southeast Asia
698,Timor-Leste,2005,62.33,171.3,29.1,50.8,20.31,20.28,5.28,3.63,969313,476.9,Lower-middel income,Asian region,Southeast Asia
699,Timor-Leste,2004,61.63,176.5,30.5,55.0,20.24,20.2,4.26,2.25,945989,465.94,Lower-middel income,Asian region,Southeast Asia
700,Timor-Leste,2003,60.87,178.2,31.8,59.0,20.16,20.12,2.84,1.62,926721,529.22,Lower-middel income,Asian region,Southeast Asia
701,Timor-Leste,2002,60.15,180.9,33.5,63.2,20.09,20.04,4.41,2.86,909639,516.09,Lower-middel income,Asian region,Southeast Asia
702,Timor-Leste,2001,59.36,182.1,35.2,67.2,20.02,19.96,4.41,2.86,893001,534.65,Lower-middel income,Asian region,Southeast Asia
703,Timor-Leste,2000,58.57,184.2,36.7,70.8,19.95,19.89,4.41,2.86,878360,417.74,Lower-middel income,Asian region,Southeast Asia
704,Tonga,2015,70.61,168.9,6.9,10.0,30.68,33.93,4.47,7.38,106122,4117.93,Lower-middel income,Oceania region,Polynesia
705,Tonga,2014,70.54,170.0,7.2,10.1,30.64,33.86,5.01,9.18,106626,4125.43,Lower-middel income,Oceania region,Polynesia
706,Tonga,2013,70.5,170.7,7.0,10.4,30.6,33.78,3.98,8.11,107089,4208.19,Lower-middel income,Oceania region,Polynesia
707,Tonga,2012,70.44,171.4,7.4,10.2,30.56,33.7,4.8,8.69,107502,4378.57,Lower-middel income,Oceania region,Polynesia
708,Tonga,2011,70.38,172.1,7.2,10.5,30.52,33.63,3.82,8.4,107611,3852.14,Lower-middel income,Oceania region,Polynesia
709,Tonga,2010,70.32,172.8,7.5,10.1,30.48,33.55,4.82,10.07,107383,3416.11,Lower-middel income,Oceania region,Polynesia
710,Tonga,2009,70.01,211.8,7.4,9.9,30.45,33.48,3.93,12.72,107144,2915.49,Lower-middel income,Oceania region,Polynesia
711,Tonga,2008,70.16,173.0,7.4,9.8,30.41,33.4,6.06,12.08,106932,3221.08,Lower-middel income,Oceania region,Polynesia
712,Tonga,2007,70.05,173.3,6.9,9.7,30.38,33.32,4.73,13.68,106638,2799.37,Lower-middel income,Oceania region,Polynesia
713,Tonga,2006,69.89,173.4,6.9,9.8,30.35,33.25,5.47,11.16,106190,2751.96,Lower-middel income,Oceania region,Polynesia
714,Tonga,2005,69.77,174.8,6.9,9.3,30.32,33.17,4.39,13.11,105633,2478.43,Lower-middel income,Oceania region,Polynesia
715,Tonga,2004,69.67,176.2,6.9,9.6,30.3,33.08,4.51,12.74,105036,2195.99,Lower-middel income,Oceania region,Polynesia
716,Tonga,2003,69.5,177.2,7.0,9.6,30.27,33.0,3.44,12.09,104410,1937.04,Lower-middel income,Oceania region,Polynesia
717,Tonga,2002,69.33,178.4,7.6,9.3,30.24,32.9,3.59,12.14,103804,1760.67,Lower-middel income,Oceania region,Polynesia
718,Tonga,2001,69.13,179.5,7.6,9.5,30.21,32.81,3.43,12.74,103210,1754.84,Lower-middel income,Oceania region,Polynesia
719,Tonga,2000,68.98,180.6,7.6,9.8,30.18,32.7,2.9,11.41,102603,1996.52,Lower-middel income,Oceania region,Polynesia
720,Tunisia,2015,75.69,87.69,8.0,5.9,25.62,27.25,6.21,12.18,11557779,3960.92,Lower-middel income,African region,Northern Africa
721,Tunisia,2014,75.65,88.06,8.3,6.0,25.52,27.19,6.45,13.54,11428948,4398.64,Lower-middel income,African region,Northern Africa
722,Tunisia,2013,75.65,88.66,8.6,6.2,25.42,27.14,6.51,12.5,11300284,4308.34,Lower-middel income,African region,Northern Africa
723,Tunisia,2012,75.55,89.3,9.0,6.4,25.31,27.08,6.29,12.64,11174383,4233.92,Lower-middel income,African region,Northern Africa
724,Tunisia,2011,75.46,91.23,9.3,6.5,25.21,27.03,6.12,12.39,11032528,4361.95,Lower-middel income,African region,Northern Africa
725,Tunisia,2010,75.42,91.36,9.9,7.0,25.11,26.98,5.61,13.03,10895063,4241.01,Lower-middel income,African region,Northern Africa
726,Tunisia,2009,75.27,92.54,10.4,7.1,25.01,26.92,5.41,12.08,10784504,4029.46,Lower-middel income,African region,Northern Africa
727,Tunisia,2008,75.18,93.73,10.9,7.8,24.91,26.87,5.16,11.84,10680380,4200.17,Lower-middel income,African region,Northern Africa
728,Tunisia,2007,75.07,95.15,11.7,8.2,24.81,26.82,5.18,11.85,10580395,3678.06,Lower-middel income,African region,Northern Africa
729,Tunisia,2006,74.92,96.24,12.3,8.8,24.72,26.77,5.13,11.73,10483558,3279.1,Lower-middel income,African region,Northern Africa
730,Tunisia,2005,74.76,97.58,13.2,9.6,24.63,26.72,5.15,11.35,10388344,3106.58,Lower-middel income,African region,Northern Africa
731,Tunisia,2004,74.49,98.91,13.9,10.6,24.54,26.67,5.2,11.55,10292225,3029.85,Lower-middel income,African region,Northern Africa
732,Tunisia,2003,74.31,100.3,14.8,11.1,24.44,26.61,5.21,11.41,10193798,2693.2,Lower-middel income,African region,Northern Africa
733,Tunisia,2002,74.06,101.8,15.9,12.2,24.35,26.55,5.12,10.99,10094561,2292.48,Lower-middel income,African region,Northern Africa
734,Tunisia,2001,73.82,102.7,16.9,13.0,24.25,26.48,4.86,10.58,9995123,2207.66,Lower-middel income,African region,Northern Africa
735,Tunisia,2000,73.69,104.2,17.9,14.0,24.15,26.41,4.81,10.54,9893316,2170.51,Lower-middel income,African region,Northern Africa
736,Ukraine,2015,71.19,186.2,5.5,3.9,27.01,26.38,7.78,8.57,45167350,2124.66,Lower-middel income,European region,Eastern Europe
737,Ukraine,2014,71.19,208.1,5.8,4.1,26.93,26.36,7.2,7.72,45272155,3104.65,Lower-middel income,European region,Eastern Europe
738,Ukraine,2013,71.16,194.3,6.1,4.2,26.86,26.34,6.94,6.94,45489648,4187.74,Lower-middel income,European region,Eastern Europe
739,Ukraine,2012,70.94,203.6,6.3,4.3,26.78,26.32,7.12,7.64,45593342,4004.79,Lower-middel income,European region,Eastern Europe
740,Ukraine,2011,70.81,203.6,6.6,4.6,26.71,26.29,6.82,7.49,45706086,3704.84,Lower-middel income,European region,Eastern Europe
741,Ukraine,2010,70.27,213.7,6.9,4.8,26.63,26.27,6.81,7.5,45870741,3078.41,Lower-middel income,European region,Eastern Europe
742,Ukraine,2009,69.19,231.6,7.2,4.8,26.55,26.24,6.61,7.92,46053331,2639.38,Lower-middel income,European region,Eastern Europe
743,Ukraine,2008,68.25,271.3,7.6,5.0,26.47,26.21,5.5,6.78,46258189,4066.53,Lower-middel income,European region,Eastern Europe
744,Ukraine,2007,68.22,274.5,7.9,5.1,26.39,26.18,6.02,8.16,46509355,3197.93,Lower-middel income,European region,Eastern Europe
745,Ukraine,2006,68.08,265.4,8.3,5.4,26.3,26.14,6.42,8.7,46787786,2391.32,Lower-middel income,European region,Eastern Europe
746,Ukraine,2005,67.96,279.8,8.5,5.4,26.21,26.1,6.35,8.43,47105171,1894.46,Lower-middel income,European region,Eastern Europe
747,Ukraine,2004,68.19,271.8,8.9,5.9,26.12,26.06,6.17,8.18,47451626,1416.6,Lower-middel income,European region,Eastern Europe
748,Ukraine,2003,68.21,263.1,9.5,6.2,26.02,26.01,6.55,9.39,47812949,1087.79,Lower-middel income,European region,Eastern Europe
749,Ukraine,2002,68.28,262.9,10.0,6.7,25.93,25.97,5.99,8.11,48202470,911.91,Lower-middel income,European region,Eastern Europe
750,Ukraine,2001,67.84,255.8,10.4,7.5,25.84,25.92,5.73,7.63,48662400,807.8,Lower-middel income,European region,Eastern Europe
751,Ukraine,2000,67.68,257.5,11.2,7.9,25.76,25.87,5.31,7.08,49176500,658.34,Lower-middel income,European region,Eastern Europe
752,Uzbekistan,2015,70.47,177.6,13.8,11.7,26.36,27.49,4.74,9.6,31298900,2753.97,Lower-middel income,Asian region,Central Asia
753,Uzbekistan,2014,70.23,181.4,14.8,12.4,26.23,27.31,4.43,9.3,30757700,2628.46,Lower-middel income,Asian region,Central Asia
754,Uzbekistan,2013,69.99,185.9,15.9,13.4,26.1,27.14,5.72,9.52,30243200,2419.72,Lower-middel income,Asian region,Central Asia
755,Uzbekistan,2012,69.87,194.9,16.9,14.1,25.97,26.97,5.55,9.76,29774500,2267.62,Lower-middel income,Asian region,Central Asia
756,Uzbekistan,2011,69.65,198.8,18.1,15.0,25.85,26.81,5.26,8.83,29339400,2051.13,Lower-middel income,Asian region,Central Asia
757,Uzbekistan,2010,69.24,205.0,19.4,16.1,25.72,26.64,5.3,8.04,28562400,1742.35,Lower-middel income,Asian region,Central Asia
758,Uzbekistan,2009,68.87,215.2,20.6,17.1,25.6,26.48,4.8,7.27,27767400,1213.27,Lower-middel income,Asian region,Central Asia
759,Uzbekistan,2008,68.76,227.0,21.4,18.6,25.48,26.32,4.7,7.23,27302800,1082.29,Lower-middel income,Asian region,Central Asia
760,Uzbekistan,2007,68.29,237.9,22.4,20.1,25.36,26.16,4.54,7.24,26868000,830.41,Lower-middel income,Asian region,Central Asia
761,Uzbekistan,2006,67.89,248.2,23.1,21.9,25.25,26.01,4.75,7.8,26488250,654.28,Lower-middel income,Asian region,Central Asia
762,Uzbekistan,2005,67.49,266.6,24.3,23.7,25.15,25.86,4.78,6.47,26167000,546.78,Lower-middel income,Asian region,Central Asia
763,Uzbekistan,2004,67.4,261.3,25.3,25.9,25.04,25.72,4.84,6.14,25864350,465.12,Lower-middel income,Asian region,Central Asia
764,Uzbekistan,2003,67.04,267.2,25.9,27.9,24.95,25.57,5.19,6.01,25567650,396.38,Lower-middel income,Asian region,Central Asia
765,Uzbekistan,2002,66.6,276.8,26.8,30.4,24.85,25.43,5.14,5.58,25271850,383.34,Lower-middel income,Asian region,Central Asia
766,Uzbekistan,2001,66.09,276.3,27.8,32.6,24.76,25.29,5.24,6.64,24964450,456.71,Lower-middel income,Asian region,Central Asia
767,Uzbekistan,2000,65.72,283.4,28.5,34.9,24.68,25.16,5.12,6.11,24650400,558.23,Lower-middel income,Asian region,Central Asia
768,Vanuatu,2015,69.51,257.6,12.1,15.7,25.68,26.91,4.32,4.76,276438,2643.89,Lower-middel income,Oceania region,Melanesia
769,Vanuatu,2014,69.46,258.2,12.4,16.0,25.64,26.86,3.65,2.52,269927,2861.2,Lower-middel income,Oceania region,Melanesia
770,Vanuatu,2013,69.53,258.5,12.6,16.1,25.6,26.8,4.39,9.8,263534,2877.44,Lower-middel income,Oceania region,Melanesia
771,Vanuatu,2012,69.5,259.7,12.8,16.2,25.57,26.74,3.94,9.4,257313,2906.34,Lower-middel income,Oceania region,Melanesia
772,Vanuatu,2011,69.55,261.1,12.8,16.0,25.54,26.69,3.6,9.39,251294,3064.75,Lower-middel income,Oceania region,Melanesia
773,Vanuatu,2010,69.62,263.0,12.7,16.1,25.51,26.63,3.53,6.85,245453,2732.55,Lower-middel income,Oceania region,Melanesia
774,Vanuatu,2009,69.65,265.6,12.5,16.0,25.49,26.58,3.25,7.27,239689,2472.46,Lower-middel income,Oceania region,Melanesia
775,Vanuatu,2008,69.6,268.4,12.5,16.1,25.46,26.52,3.14,8.18,233952,2525.08,Lower-middel income,Oceania region,Melanesia
776,Vanuatu,2007,69.54,271.3,12.5,15.9,25.44,26.46,3.11,9.9,228345,2261.46,Lower-middel income,Oceania region,Melanesia
777,Vanuatu,2006,69.46,273.8,12.3,16.0,25.41,26.39,3.32,10.67,222923,1970.9,Lower-middel income,Oceania region,Melanesia
778,Vanuatu,2005,69.39,276.5,12.1,15.9,25.38,26.33,3.31,11.7,217632,1814.82,Lower-middel income,Oceania region,Melanesia
779,Vanuatu,2004,69.31,278.5,12.1,16.5,25.35,26.26,3.54,12.56,212422,1718.26,Lower-middel income,Oceania region,Melanesia
780,Vanuatu,2003,69.28,280.3,12.0,16.3,25.32,26.18,3.51,13.21,207258,1517.29,Lower-middel income,Oceania region,Melanesia
781,Vanuatu,2002,69.2,281.9,12.2,16.0,25.28,26.1,3.9,11.75,202125,1299.18,Lower-middel income,Oceania region,Melanesia
782,Vanuatu,2001,69.04,283.1,12.4,15.8,25.25,26.01,3.39,11.27,197034,1309.05,Lower-middel income,Oceania region,Melanesia
783,Vanuatu,2000,68.97,284.6,12.6,16.0,25.21,25.92,3.31,9.7,192074,1416.2,Lower-middel income,Oceania region,Melanesia
784,Viet Nam,2015,73.88,136.0,11.0,10.5,21.81,21.81,4.71,8.49,92191398,2595.23,Lower-middel income,Asian region,Southeast Asia
785,Viet Nam,2014,73.86,137.2,11.1,12.0,21.66,21.67,4.69,9.12,91235504,2558.78,Lower-middel income,Asian region,Southeast Asia
786,Viet Nam,2013,73.78,138.3,11.3,10.8,21.5,21.53,4.41,8.16,90267739,2367.5,Lower-middel income,Asian region,Southeast Asia
787,Viet Nam,2012,73.7,139.1,11.4,10.8,21.35,21.4,5.0,9.52,89301326,2190.23,Lower-middel income,Asian region,Southeast Asia
788,Viet Nam,2011,73.69,140.2,11.4,10.9,21.2,21.26,4.97,9.11,88349117,1953.56,Lower-middel income,Asian region,Southeast Asia
789,Viet Nam,2010,73.51,141.3,11.4,11.3,21.05,21.13,5.07,8.61,87411012,1684.01,Lower-middel income,Asian region,Southeast Asia
790,Viet Nam,2009,73.5,141.6,11.5,11.6,20.91,21.0,4.49,6.85,86482923,1225.85,Lower-middel income,Asian region,Southeast Asia
791,Viet Nam,2008,73.41,141.6,11.7,11.1,20.78,20.88,4.36,8.12,85597241,1158.1,Lower-middel income,Asian region,Southeast Asia
792,Viet Nam,2007,73.44,141.5,11.7,11.4,20.65,20.76,4.63,7.94,84762269,913.31,Lower-middel income,Asian region,Southeast Asia
793,Viet Nam,2006,73.32,141.6,12.1,11.8,20.52,20.64,4.57,8.77,83951800,790.59,Lower-middel income,Asian region,Southeast Asia
794,Viet Nam,2005,73.27,142.1,12.3,12.0,20.41,20.53,4.32,8.67,83142095,693.19,Lower-middel income,Asian region,Southeast Asia
795,Viet Nam,2004,73.14,141.1,12.6,12.2,20.29,20.42,4.09,8.69,82311227,551.9,Lower-middel income,Asian region,Southeast Asia
796,Viet Nam,2003,72.98,140.8,13.1,13.3,20.19,20.32,3.94,7.16,81475825,485.45,Lower-middel income,Asian region,Southeast Asia
797,Viet Nam,2002,72.8,140.5,13.5,14.4,20.09,20.22,3.87,8.62,80642308,434.81,Lower-middel income,Asian region,Southeast Asia
798,Viet Nam,2001,72.65,140.7,14.1,15.4,20.0,20.12,4.8,8.2,79817777,409.5,Lower-middel income,Asian region,Southeast Asia
799,Viet Nam,2000,72.46,141.1,14.8,16.5,19.91,20.02,4.11,9.48,79001142,394.58,Lower-middel income,Asian region,Southeast Asia
800,Yemen,2015,65.87,178.1,26.9,27.4,23.64,24.09,4.25,2.23,28516545,1488.42,Lower-middel income,Asian region,Western Asia (Middle East)
801,Yemen,2014,67.38,171.7,27.0,27.7,23.55,23.99,4.84,2.82,27753304,1557.6,Lower-middel income,Asian region,Western Asia (Middle East)
802,Yemen,2013,67.54,169.9,27.1,27.1,23.47,23.88,4.96,3.18,26984002,1497.75,Lower-middel income,Asian region,Western Asia (Middle East)
803,Yemen,2012,67.34,176.2,27.0,27.8,23.38,23.77,5.2,3.43,26223391,1349.99,Lower-middel income,Asian region,Western Asia (Middle East)
804,Yemen,2011,67.42,176.8,27.1,27.9,23.29,23.67,4.77,3.66,25475610,1284.62,Lower-middel income,Asian region,Western Asia (Middle East)
805,Yemen,2010,67.28,177.2,27.2,27.7,23.21,23.56,5.16,3.85,24743946,1249.06,Lower-middel income,Asian region,Western Asia (Middle East)
806,Yemen,2009,67.2,180.7,27.9,28.9,23.13,23.45,5.99,3.72,24029589,1045.81,Lower-middel income,Asian region,Western Asia (Middle East)
807,Yemen,2008,66.96,184.3,28.6,30.9,23.05,23.34,5.76,3.89,23329004,1153.54,Lower-middel income,Asian region,Western Asia (Middle East)
808,Yemen,2007,66.56,188.6,29.5,33.1,22.97,23.24,5.82,3.88,22641538,956.23,Lower-middel income,Asian region,Western Asia (Middle East)
809,Yemen,2006,65.99,192.2,30.8,38.4,22.9,23.13,5.53,4.35,21966298,867.84,Lower-middel income,Asian region,Western Asia (Middle East)
810,Yemen,2005,65.54,196.6,31.7,40.7,22.83,23.02,5.21,4.5,21320671,784.76,Lower-middel income,Asian region,Western Asia (Middle East)
811,Yemen,2004,65.01,201.2,32.9,45.6,22.77,22.91,5.51,5.72,20733406,668.85,Lower-middel income,Asian region,Western Asia (Middle East)
812,Yemen,2003,64.54,205.0,34.0,47.3,22.7,22.8,5.76,6.81,20188799,583.37,Lower-middel income,Asian region,Western Asia (Middle East)
813,Yemen,2002,63.91,208.3,35.0,48.4,22.63,22.68,4.83,7.57,19660653,543.9,Lower-middel income,Asian region,Western Asia (Middle East)
814,Yemen,2001,63.22,212.1,36.3,52.4,22.55,22.56,4.95,8.13,19143457,514.69,Lower-middel income,Asian region,Western Asia (Middle East)
815,Yemen,2000,62.59,215.9,37.2,60.1,22.48,22.43,4.67,7.49,18628700,519.59,Lower-middel income,Asian region,Western Asia (Middle East)
816,Zambia,2015,61.21,331.0,23.1,39.6,21.39,23.76,4.43,7.56,16248230,1307.91,Lower-middel income,African region,East Africa
817,Zambia,2014,60.7,338.8,23.8,42.0,21.34,23.68,3.83,7.78,15737793,1724.58,Lower-middel income,African region,East Africa
818,Zambia,2013,59.88,349.8,24.6,44.8,21.28,23.59,4.57,5.45,15234976,1840.32,Lower-middel income,African region,East Africa
819,Zambia,2012,58.87,362.2,25.2,48.4,21.23,23.51,4.05,7.06,14744658,1729.65,Lower-middel income,African region,East Africa
820,Zambia,2011,57.77,374.8,25.9,53.5,21.18,23.43,3.96,8.06,14265814,1644.46,Lower-middel income,African region,East Africa
821,Zambia,2010,56.8,385.6,26.5,57.3,21.12,23.35,3.97,8.63,13792086,1469.36,Lower-middel income,African region,East Africa
822,Zambia,2009,55.3,400.0,27.1,58.2,21.07,23.27,5.16,9.37,13318087,1150.94,Lower-middel income,African region,East Africa
823,Zambia,2008,53.94,425.9,27.8,62.2,21.02,23.19,4.47,8.15,12852966,1393.52,Lower-middel income,African region,East Africa
824,Zambia,2007,52.74,466.1,28.4,66.2,20.96,23.11,4.58,7.47,12402073,1133.44,Lower-middel income,African region,East Africa
825,Zambia,2006,51.8,505.8,29.2,70.1,20.91,23.03,5.58,6.75,11971567,1065.6,Lower-middel income,African region,East Africa
826,Zambia,2005,50.66,533.9,30.6,76.2,20.85,22.95,6.33,5.54,11564870,720.45,Lower-middel income,African region,East Africa
827,Zambia,2004,49.49,560.0,32.1,83.7,20.8,22.87,5.48,5.65,11188040,556.05,Lower-middel income,African region,East Africa
828,Zambia,2003,48.28,589.8,33.4,93.8,20.74,22.8,6.0,5.32,10837973,452.29,Lower-middel income,African region,East Africa
829,Zambia,2002,46.98,609.2,34.8,108.1,20.69,22.72,5.89,6.88,10508294,399.1,Lower-middel income,African region,East Africa
830,Zambia,2001,46.02,614.4,36.1,114.8,20.65,22.66,4.83,6.88,10191964,401.73,Lower-middel income,African region,East Africa
831,Zambia,2000,45.23,613.0,37.0,125.3,20.6,22.59,4.17,6.88,9891136,364.03,Lower-middel income,African region,East Africa
832,Zimbabwe,2015,59.59,416.7,24.0,32.4,22.27,25.39,7.45,7.56,14154937,1410.33,Lower-middel income,African region,East Africa
833,Zimbabwe,2014,58.85,427.2,25.1,34.9,22.24,25.36,8.13,13.36,13855753,1407.03,Lower-middel income,African region,East Africa
834,Zimbabwe,2013,57.46,445.2,26.4,38.5,22.21,25.32,7.11,9.65,13555422,1408.37,Lower-middel income,African region,East Africa
835,Zimbabwe,2012,55.63,468.3,27.6,44.2,22.18,25.28,6.92,9.8,13265331,1290.19,Lower-middel income,African region,East Africa
836,Zimbabwe,2011,53.35,500.1,29.0,50.2,22.15,25.25,8.08,9.12,13025785,1082.62,Lower-middel income,African region,East Africa
837,Zimbabwe,2010,50.65,543.9,30.0,54.8,22.13,25.22,10.48,15.22,12839771,937.84,Lower-middel income,African region,East Africa
838,Zimbabwe,2009,48.06,585.7,30.4,58.8,22.1,25.18,5.87,8.18,12679810,762.3,Lower-middel income,African region,East Africa
839,Zimbabwe,2008,46.72,618.2,30.6,62.2,22.07,25.15,5.87,8.18,12550347,351.84,Lower-middel income,African region,East Africa
840,Zimbabwe,2007,45.61,644.4,30.5,64.6,22.03,25.11,5.87,8.18,12450568,425.04,Lower-middel income,African region,East Africa
841,Zimbabwe,2006,45.36,671.1,30.1,66.7,22.0,25.08,5.87,8.18,12330490,441.5,Lower-middel income,African region,East Africa
842,Zimbabwe,2005,44.77,692.4,29.4,66.2,21.96,25.04,5.87,8.18,12224753,470.78,Lower-middel income,African region,East Africa
843,Zimbabwe,2004,44.5,707.1,29.1,66.5,21.92,25.01,5.87,8.18,12160881,477.4,Lower-middel income,African region,East Africa
844,Zimbabwe,2003,43.39,709.9,28.6,66.7,21.88,24.97,5.87,8.18,12075828,474.3,Lower-middel income,African region,East Africa
845,Zimbabwe,2002,44.56,704.8,28.2,68.7,21.84,24.93,5.87,8.18,11984644,529.19,Lower-middel income,African region,East Africa
846,Zimbabwe,2001,41.96,693.9,28.0,69.5,21.81,24.9,5.87,8.18,11910978,569.0,Lower-middel income,African region,East Africa
847,Zimbabwe,2000,44.69,682.6,27.9,70.2,21.77,24.86,5.87,8.18,11834676,565.28,Lower-middel income,African region,East Africa
