,country,year,status,life_expectancy,adult_mortality,infant_deaths,alcohol,percentage_expenditure,hepatitis_b,measles,bmi,under_five_deaths,polio,total_expenditure,diphtheria,hiv_aids,gdp,population,thinness_1_to_19_years,thinness_5_to_9_years,income_composition_of_resources,schooling
667,Algeria,2004,Developing,72.3,14.0,19,0.45,220.393699,81.0,3289,47.9,23,86.0,3.54,86.0,0.1,2598.9823,3283196.0,6.2,6.1,0.673,11.7
669,Algeria,2002,Developing,71.6,145.0,20,0.36,148.5119843,,5862,46.1,23,86.0,3.73,86.0,0.1,1774.33673,3199546.0,6.3,6.2,0.653,11.1
668,Algeria,2003,Developing,71.7,146.0,20,0.34,25.0185226,,15374,47.0,23,87.0,3.6,87.0,0.1,294.33556,3243514.0,6.3,6.1,0.663,11.5
666,Algeria,2005,Developing,72.9,136.0,19,0.5,2.548922758,83.0,2302,48.9,22,88.0,3.24,88.0,0.1,31.122378,33288437.0,6.1,6.0,0.68,12.0
665,Algeria,2006,Developing,73.4,132.0,20,0.36,270.2401962,8.0,944,49.8,23,95.0,3.36,95.0,0.1,3464.6179,33777915.0,6.1,6.0,0.686,12.3
664,Algeria,2007,Developing,73.8,129.0,20,0.44,320.3239241,9.0,0,5.8,23,95.0,3.82,95.0,0.1,3935.183343,34376.0,6.0,5.9,0.69,12.3
663,Algeria,2008,Developing,74.1,126.0,20,0.46,43.08717334,91.0,217,51.8,23,92.0,4.2,93.0,0.1,495.254866,3486715.0,6.0,5.9,0.697,12.6
671,Algeria,2000,Developing,71.3,145.0,21,0.25,154.4559436,,0,44.4,25,86.0,3.49,86.0,0.1,1757.17797,3118366.0,6.5,6.4,0.636,10.7
662,Algeria,2009,Developing,74.4,123.0,20,0.5,352.0636419,94.0,107,52.8,23,94.0,5.36,95.0,0.1,3868.83123,3546576.0,6.0,5.9,0.705,13.1
660,Algeria,2011,Developing,74.9,116.0,21,0.56,509.0020405,95.0,112,55.0,24,95.0,5.29,95.0,0.1,5432.2523,36819558.0,5.9,5.8,0.724,14.0
659,Algeria,2012,Developing,75.1,113.0,21,0.66,555.9260834,95.0,18,56.1,24,95.0,6.14,95.0,0.1,5564.82566,37565847.0,5.9,5.8,0.732,14.4
658,Algeria,2013,Developing,75.3,112.0,21,0.53,544.4507432,95.0,25,57.2,24,95.0,7.12,95.0,0.1,5471.866766,38338562.0,5.9,5.8,0.737,14.4
657,Algeria,2014,Developing,75.4,11.0,21,0.01,54.2373183,95.0,0,58.4,24,95.0,7.21,95.0,0.1,547.8517,39113313.0,6.0,5.8,0.741,14.4
656,Algeria,2015,Developing,75.6,19.0,21,,0.0,95.0,63,59.5,24,95.0,,95.0,0.1,4132.76292,39871528.0,6.0,5.8,0.743,14.4
661,Algeria,2010,Developing,74.7,119.0,21,0.45,430.7175861,95.0,103,53.9,24,95.0,5.12,95.0,0.1,4463.394675,36117637.0,5.9,5.8,0.714,13.6
670,Algeria,2001,Developing,71.4,145.0,20,0.23,147.9860714,,2686,45.3,24,89.0,3.84,89.0,0.1,1732.857979,31592153.0,6.4,6.3,0.644,10.9
513,Angola,2014,Developing,51.7,348.0,67,8.33,23.965612,64.0,11699,22.7,101,68.0,3.31,64.0,2.0,479.31224,2692466.0,8.5,8.3,0.527,11.4
512,Angola,2015,Developing,52.4,335.0,66,,0.0,64.0,118,23.3,98,7.0,,64.0,1.9,3695.793748,2785935.0,8.3,8.2,0.531,11.4
526,Angola,2001,Developing,45.7,44.0,97,2.58,30.35993647,,9046,15.8,159,41.0,5.38,38.0,2.1,526.168743,16983266.0,1.7,1.7,0.391,5.1
514,Angola,2013,Developing,51.1,355.0,69,8.1,35.95857279,77.0,8523,22.1,105,67.0,4.26,77.0,2.3,484.616884,2599834.0,8.6,8.5,0.523,11.4
515,Angola,2012,Developing,56.0,358.0,72,8.24,256.1225243,75.0,4458,21.5,110,75.0,3.3,75.0,2.6,4598.249988,259615.0,8.8,8.6,0.508,10.3
516,Angola,2011,Developing,51.0,361.0,75,8.06,239.8913921,72.0,1449,21.0,115,73.0,3.38,71.0,2.5,4299.12889,24218565.0,8.9,8.8,0.495,9.4
527,Angola,2000,Developing,45.3,48.0,97,1.85,15.88149254,,2219,15.4,160,3.0,2.79,28.0,2.0,555.2969419,1644924.0,1.9,1.9,0.382,4.6
518,Angola,2009,Developing,49.1,369.0,81,7.01,212.9229325,61.0,2807,19.8,127,63.0,4.37,6.0,2.5,3347.84485,22549547.0,9.3,9.2,0.48,8.5
519,Angola,2008,Developing,48.7,371.0,84,7.07,249.9101958,69.0,265,19.3,133,65.0,3.84,69.0,2.6,3868.578883,2175942.0,9.5,9.4,0.468,8.1
517,Angola,2010,Developing,49.6,365.0,78,7.8,191.6537407,77.0,1190,2.4,121,81.0,3.39,77.0,2.5,3529.53482,23369131.0,9.1,9.0,0.488,9.0
521,Angola,2006,Developing,47.7,381.0,90,5.84,25.08688824,,765,18.2,143,36.0,4.54,34.0,2.5,262.415149,2262399.0,9.8,9.7,0.439,7.2
522,Angola,2005,Developing,47.4,382.0,92,5.04,98.19145117,,258,17.7,148,39.0,4.1,38.0,2.6,1443.991929,19552542.0,1.0,9.9,0.426,6.8
523,Angola,2004,Developing,47.1,386.0,94,3.53,8.8667775,,29,17.2,152,4.0,4.71,4.0,2.5,141.86844,18865716.0,1.2,1.1,0.415,6.4
524,Angola,2003,Developing,46.8,388.0,95,3.49,35.93349121,,1196,16.8,155,4.0,4.41,4.0,2.4,779.468356,1823369.0,1.4,1.3,0.406,5.9
525,Angola,2002,Developing,46.5,391.0,96,2.82,24.037942,,11945,16.3,157,37.0,3.63,41.0,2.3,711.181716,17572649.0,1.5,1.5,0.401,5.5
520,Angola,2007,Developing,48.2,375.0,87,6.35,184.8213446,73.0,1014,18.8,138,75.0,3.38,73.0,2.6,2878.837144,2997687.0,9.6,9.6,0.454,7.7
261,Benin,2010,Developing,58.7,254.0,25,1.33,94.25737917,76.0,392,23.0,39,77.0,4.95,76.0,1.4,757.695974,9199259.0,7.8,7.6,0.451,9.5
256,Benin,2015,Developing,60.0,249.0,25,,0.0,82.0,55,25.7,39,78.0,,82.0,1.0,783.94791,1575952.0,6.9,6.8,0.481,10.7
257,Benin,2014,Developing,59.7,252.0,25,0.01,90.12206791,78.0,786,25.2,39,74.0,4.59,78.0,1.1,943.686575,1286712.0,7.1,6.9,0.475,10.7
258,Benin,2013,Developing,59.5,251.0,25,0.01,87.4080423,77.0,637,24.6,39,73.0,4.59,77.0,1.2,915.2674586,14451.0,7.2,7.1,0.466,10.3
259,Benin,2012,Developing,59.3,251.0,25,0.01,9.80407467,8.0,288,24.1,39,8.0,4.86,8.0,1.3,837.9551,972916.0,7.4,7.3,0.458,10.0
260,Benin,2011,Developing,59.1,251.0,25,1.4,110.2633619,75.0,426,23.5,39,77.0,5.37,75.0,1.4,825.9427854,94682.0,7.6,7.5,0.454,9.8
262,Benin,2009,Developing,58.4,259.0,25,1.16,71.01399249,79.0,1461,22.5,39,8.0,4.46,79.0,1.6,793.45243,894476.0,7.9,7.8,0.448,9.3
263,Benin,2008,Developing,57.6,278.0,25,1.28,7.615430126,75.0,928,22.0,39,77.0,4.2,75.0,1.8,82.1513498,8696916.0,8.1,8.0,0.444,9.1
264,Benin,2007,Developing,57.1,283.0,25,1.12,7.49281752,82.0,341,21.5,39,82.0,4.55,82.0,2.0,76.535419,8454791.0,8.3,8.2,0.438,8.9
265,Benin,2006,Developing,56.8,284.0,25,1.19,75.91429496,74.0,176,21.0,39,76.0,4.75,74.0,2.0,625.8392,8216896.0,8.5,8.4,0.434,8.7
266,Benin,2005,Developing,56.5,285.0,25,1.13,7.106997355,7.0,210,2.5,39,73.0,4.73,7.0,2.1,61.799977,7982225.0,8.7,8.6,0.43,8.5
267,Benin,2004,Developing,56.1,285.0,25,1.15,10.73628066,75.0,262,2.1,39,74.0,4.56,72.0,2.1,583.493514,7754.0,8.9,8.8,0.423,8.1
268,Benin,2003,Developing,55.8,285.0,25,1.35,8.931827297,73.0,217,19.7,40,75.0,4.63,73.0,2.1,519.2922847,752555.0,9.1,9.0,0.416,7.7
269,Benin,2002,Developing,55.6,283.0,25,1.23,40.48815233,15.0,1588,19.2,40,76.0,4.27,75.0,2.1,418.6985763,7295394.0,9.3,9.2,0.407,7.3
270,Benin,2001,Developing,55.5,281.0,25,1.29,45.33476384,,5859,18.8,40,77.0,4.69,76.0,2.1,378.73654,776733.0,9.5,9.4,0.395,6.6
271,Benin,2000,Developing,55.4,279.0,25,1.34,37.38182018,,4244,18.4,40,78.0,4.34,78.0,2.0,374.1923942,6865951.0,9.7,9.6,0.389,6.4
754,Botswana,2013,Developing,64.2,286.0,2,0.01,1.117811275,95.0,1,36.8,2,96.0,5.84,95.0,2.8,77.625783,212857.0,7.0,6.7,0.693,12.6
755,Botswana,2012,Developing,63.4,3.0,2,0.01,12.83447357,95.0,7,36.2,3,96.0,6.27,95.0,4.4,729.231453,289315.0,7.3,7.0,0.687,12.5
756,Botswana,2011,Developing,62.2,325.0,2,5.76,668.9562854,95.0,8,35.7,3,96.0,5.25,95.0,5.5,7645.21469,251339.0,7.7,7.4,0.678,12.4
757,Botswana,2010,Developing,61.1,349.0,2,5.99,547.0386679,95.0,853,35.2,3,96.0,5.64,95.0,6.2,6346.15624,214866.0,8.0,7.8,0.669,12.3
758,Botswana,2009,Developing,59.2,393.0,2,5.01,426.7855662,94.0,184,34.7,3,96.0,6.39,96.0,9.0,5185.729845,1979882.0,8.4,8.2,0.661,12.2
759,Botswana,2008,Developing,57.5,427.0,2,6.56,476.8625872,94.0,0,34.2,3,96.0,5.55,96.0,12.7,5623.379566,1946351.0,8.8,8.6,0.646,12.1
763,Botswana,2004,Developing,48.1,652.0,2,4.9,469.5823898,91.0,1,32.2,4,96.0,5.56,96.0,28.4,4896.583835,182933.0,1.5,1.4,0.58,11.8
761,Botswana,2006,Developing,54.8,491.0,2,6.45,76.31867911,93.0,6,33.2,3,96.0,4.93,96.0,14.4,5374.554867,1884238.0,9.6,9.4,0.61,11.9
762,Botswana,2005,Developing,51.7,566.0,2,6.37,629.8425643,92.0,5,32.7,3,96.0,5.62,96.0,20.6,5351.253732,1855852.0,1.0,9.9,0.593,11.9
753,Botswana,2014,Developing,65.1,268.0,2,0.01,662.802194,95.0,1,37.3,2,96.0,5.41,95.0,2.3,7497.762376,2168573.0,6.7,6.4,0.697,12.6
764,Botswana,2003,Developing,46.4,693.0,2,5.51,299.3671252,9.0,59,31.6,4,96.0,4.65,96.0,31.9,4163.6596,184339.0,1.9,1.8,0.567,11.8
765,Botswana,2002,Developing,46.0,699.0,2,6.41,6.3300072,88.0,7,31.1,4,97.0,6.47,97.0,34.6,355.618382,1779953.0,11.4,11.3,0.558,11.9
760,Botswana,2007,Developing,56.9,436.0,2,6.21,512.5887995,93.0,1,33.7,3,96.0,4.71,96.0,13.4,5714.47937,1914414.0,9.2,9.0,0.63,12.1
752,Botswana,2015,Developing,65.7,256.0,2,,0.0,95.0,0,37.9,2,96.0,,95.0,2.2,6532.651,229197.0,6.4,6.1,0.698,12.6
767,Botswana,2000,Developing,47.8,647.0,2,5.37,250.8916484,86.0,2672,29.9,4,97.0,4.64,97.0,38.8,3349.68823,172834.0,12.3,12.2,0.559,11.7
766,Botswana,2001,Developing,46.7,679.0,2,5.48,306.9527349,87.0,1,3.5,4,97.0,5.73,97.0,37.2,3128.97793,1754935.0,11.8,11.8,0.56,11.8
287,Burkina Faso,2000,Developing,51.0,348.0,48,3.71,19.83929597,,6074,12.2,92,45.0,5.6,45.0,4.0,226.4759814,1167942.0,11.4,11.1,0.0,3.4
272,Burkina Faso,2015,Developing,59.9,26.0,38,,0.0,91.0,99,19.4,61,91.0,,91.0,0.6,615.592225,1811624.0,8.0,7.5,0.399,7.7
273,Burkina Faso,2014,Developing,59.3,268.0,39,0.01,8.386339501,91.0,343,18.8,63,91.0,4.96,91.0,0.6,75.1464113,17585977.0,8.2,7.7,0.398,7.7
274,Burkina Faso,2013,Developing,59.0,27.0,40,4.64,88.97040214,88.0,375,18.2,66,89.0,5.91,88.0,0.7,699.452847,1772723.0,8.4,7.9,0.392,7.5
275,Burkina Faso,2012,Developing,58.6,271.0,41,4.75,78.76987363,9.0,7362,17.7,68,9.0,5.33,9.0,0.8,673.8227,16571216.0,8.6,8.1,0.384,7.2
276,Burkina Faso,2011,Developing,58.1,275.0,42,4.51,85.55592906,91.0,860,17.1,71,9.0,5.17,91.0,0.9,666.842783,168194.0,8.8,8.4,0.377,6.7
277,Burkina Faso,2010,Developing,57.5,279.0,43,4.55,90.46018236,91.0,2511,16.6,74,9.0,7.17,91.0,1.0,575.4464527,1565217.0,9.0,8.6,0.365,6.3
278,Burkina Faso,2009,Developing,56.9,283.0,44,4.55,81.14304705,92.0,54118,16.1,77,91.0,7.41,92.0,1.1,552.7455521,1514199.0,9.3,8.8,0.356,5.9
279,Burkina Faso,2008,Developing,56.1,288.0,45,4.5,107.7988339,93.0,395,15.6,80,92.0,6.77,93.0,1.5,569.7612784,14689726.0,9.5,9.1,0.345,5.4
280,Burkina Faso,2007,Developing,55.3,293.0,46,4.58,73.92730583,89.0,12,15.1,83,93.0,6.63,89.0,1.7,475.11122,1425221.0,9.8,9.3,0.334,4.9
281,Burkina Faso,2006,Developing,54.3,32.0,47,4.73,64.24025208,76.0,125,14.6,86,94.0,6.58,86.0,2.0,422.6332374,13829177.0,1.0,9.6,0.325,4.7
282,Burkina Faso,2005,Developing,53.3,313.0,48,4.88,8.769989329,,253,14.2,89,94.0,6.87,82.0,2.3,46.998871,1342193.0,1.3,9.8,0.0,4.3
284,Burkina Faso,2003,Developing,51.6,332.0,49,4.58,41.60951275,,2946,13.3,92,83.0,5.61,79.0,2.9,332.344351,12654621.0,1.7,1.3,0.0,3.8
285,Burkina Faso,2002,Developing,51.0,338.0,49,4.53,3.195566831,,1744,12.9,93,69.0,5.26,69.0,3.2,26.7635413,122931.0,11.0,1.6,0.0,3.6
286,Burkina Faso,2001,Developing,56.0,344.0,48,4.56,23.1016899,,4174,12.5,93,62.0,4.85,62.0,3.6,235.4912324,11944587.0,11.2,1.8,0.0,3.5
283,Burkina Faso,2004,Developing,52.4,323.0,49,4.54,56.96108089,,77,13.7,91,83.0,6.45,79.0,2.5,371.323865,133569.0,1.5,1.1,0.0,3.9
0,Burundi,2015,Developing,59.6,288.0,21,,0.0,94.0,9,18.7,31,94.0,,94.0,0.7,33.681223,119927.0,7.3,7.2,0.406,10.6
15,Burundi,2000,Developing,58.0,386.0,25,6.61,9.696689164,,18363,12.8,41,71.0,4.98,8.0,5.2,135.9984455,6476.0,9.0,8.9,0.268,4.5
13,Burundi,2002,Developing,51.5,387.0,24,5.98,9.660010196,,1016,13.3,39,74.0,5.15,81.0,5.2,122.4335893,6741569.0,8.7,8.7,0.268,4.4
12,Burundi,2003,Developing,51.9,387.0,24,5.84,6.545263634,,224,13.5,38,75.0,5.25,82.0,5.1,112.849373,6953113.0,8.5,8.5,0.276,4.7
11,Burundi,2004,Developing,52.6,378.0,24,5.72,11.22655347,83.0,2,13.8,38,76.0,7.1,83.0,4.8,127.4296648,7182451.0,8.4,8.4,0.279,5.2
10,Burundi,2005,Developing,53.4,369.0,24,5.54,1.747440948,87.0,0,14.1,37,82.0,9.84,87.0,4.3,15.57434,7423289.0,8.2,8.3,0.286,5.6
9,Burundi,2006,Developing,54.1,361.0,24,4.5,21.24915339,92.0,784,14.5,36,88.0,11.49,92.0,3.8,165.8794176,7675338.0,8.1,8.2,0.29,5.9
8,Burundi,2007,Developing,54.8,355.0,24,4.54,1.72659515,99.0,43,14.8,36,93.0,1.3,99.0,3.4,17.79995,7939573.0,8.0,8.0,0.309,7.2
14,Burundi,2001,Developing,51.3,385.0,25,6.09,10.61917585,,0,13.0,40,72.0,4.96,81.0,5.3,133.7427689,6555829.0,8.8,8.8,0.268,4.5
6,Burundi,2009,Developing,56.2,338.0,23,4.05,2.030494673,94.0,305,15.7,34,96.0,6.96,94.0,2.4,24.944652,848931.0,7.8,7.8,0.336,8.6
5,Burundi,2010,Developing,56.8,33.0,23,4.16,31.14187566,96.0,495,16.1,34,94.0,8.82,96.0,1.9,231.1943256,876693.0,7.7,7.7,0.361,9.3
4,Burundi,2011,Developing,57.4,321.0,22,4.16,3.595980333,96.0,129,16.6,33,95.0,8.58,96.0,1.5,26.479973,94358.0,7.6,7.6,0.385,9.9
3,Burundi,2012,Developing,58.0,312.0,22,0.01,38.73170505,96.0,49,17.1,33,96.0,8.21,96.0,1.2,265.285651,931971.0,7.5,7.5,0.393,10.3
2,Burundi,2013,Developing,58.6,33.0,22,0.01,40.15128458,96.0,0,17.6,32,96.0,8.3,96.0,1.0,282.7555252,96186.0,7.4,7.4,0.398,10.5
1,Burundi,2014,Developing,59.1,297.0,22,0.01,41.25159038,95.0,0,18.2,32,95.0,7.54,95.0,0.7,312.7489794,989179.0,7.4,7.3,0.404,10.6
7,Burundi,2008,Developing,55.3,35.0,23,4.33,15.99415192,92.0,173,15.2,35,89.0,7.86,92.0,2.9,196.2472628,8212264.0,7.9,7.9,0.319,7.9
317,Cabo Verde,2002,Developing,77.0,148.0,0,3.82,155.2072669,4.0,0,22.6,0,92.0,5.17,91.0,0.8,1373.515636,45216.0,9.2,9.1,0.569,11.3
316,Cabo Verde,2003,Developing,71.1,144.0,0,4.16,209.0865,66.0,0,23.2,0,93.0,5.0,92.0,0.9,1768.92132,46147.0,8.9,8.9,0.572,11.3
315,Cabo Verde,2004,Developing,71.4,14.0,0,4.19,240.139715,91.0,0,23.7,0,94.0,5.6,93.0,0.8,1976.45856,467664.0,8.7,8.7,0.574,11.1
314,Cabo Verde,2005,Developing,71.8,134.0,0,4.26,3.349816965,93.0,0,24.3,0,95.0,4.86,95.0,0.8,248.13459,474567.0,8.5,8.5,0.582,11.2
313,Cabo Verde,2006,Developing,72.1,129.0,0,4.25,26.45133197,95.0,0,24.9,0,97.0,5.11,96.0,0.6,234.28992,48795.0,8.3,8.3,0.596,11.9
311,Cabo Verde,2008,Developing,72.4,124.0,0,4.16,360.6208825,98.0,0,26.2,0,99.0,3.96,99.0,0.4,3638.95946,491723.0,7.8,7.8,0.615,12.2
307,Cabo Verde,2012,Developing,72.7,121.0,0,0.01,33.55888998,94.0,0,29.0,0,94.0,4.61,94.0,0.3,348.482762,513979.0,7.1,7.1,0.636,13.2
309,Cabo Verde,2010,Developing,72.5,123.0,0,4.75,286.8907303,98.0,0,27.5,0,99.0,4.83,99.0,0.4,3312.825985,52384.0,7.4,7.4,0.627,12.7
308,Cabo Verde,2011,Developing,72.6,122.0,0,5.07,4.409153436,9.0,0,28.2,0,9.0,4.6,9.0,0.3,367.429453,5867.0,7.3,7.2,0.632,13.1
306,Cabo Verde,2013,Developing,72.8,12.0,0,0.01,325.6298627,94.0,0,29.7,0,93.0,4.29,93.0,0.2,3558.796314,5216.0,6.9,6.9,0.643,13.6
305,Cabo Verde,2014,Developing,73.0,117.0,0,0.01,414.0242418,97.0,0,3.5,0,95.0,4.76,95.0,0.2,3529.61843,526437.0,6.8,6.7,0.643,13.5
304,Cabo Verde,2015,Developing,73.3,114.0,0,,0.0,96.0,0,31.3,0,93.0,,93.0,0.2,2954.119467,532913.0,6.6,6.6,0.646,13.5
318,Cabo Verde,2001,Developing,73.0,152.0,0,3.81,150.7434862,,0,22.1,0,91.0,5.19,9.0,0.8,1268.884564,443716.0,9.4,9.3,0.562,11.0
310,Cabo Verde,2009,Developing,72.4,124.0,0,4.45,339.9777364,98.0,0,26.8,0,99.0,4.24,99.0,0.4,3444.5566,496963.0,7.6,7.6,0.621,12.4
319,Cabo Verde,2000,Developing,69.9,155.0,0,3.49,122.5744699,,2,21.5,0,9.0,4.81,9.0,0.8,1239.377855,43579.0,9.6,9.5,0.0,11.3
312,Cabo Verde,2007,Developing,72.3,126.0,0,5.28,345.463714,96.0,0,25.5,0,98.0,4.3,98.0,0.6,3112.285712,486438.0,8.1,8.0,0.602,11.9
535,Cameroon,2008,Developing,54.2,382.0,56,5.9,68.7073044,84.0,495,24.9,87,82.0,5.18,84.0,6.7,1233.524316,18978.0,6.4,6.5,0.466,8.8
541,Cameroon,2002,Developing,51.6,47.0,60,4.58,53.70597428,,1448,21.8,97,66.0,4.86,66.0,7.8,676.397661,1684886.0,7.4,7.5,0.452,8.4
540,Cameroon,2003,Developing,51.8,412.0,60,4.64,67.63925302,,899,22.3,95,72.0,4.97,73.0,7.7,824.8689393,16513822.0,7.2,7.3,0.452,8.1
539,Cameroon,2004,Developing,52.1,412.0,59,4.71,7.177302132,,358,22.8,94,72.0,4.73,73.0,7.5,93.211716,1695981.0,7.0,7.1,0.455,8.2
538,Cameroon,2005,Developing,52.8,4.0,58,5.03,73.03276195,79.0,605,23.3,93,79.0,4.75,8.0,7.4,952.1872484,1742795.0,6.9,7.0,0.456,8.3
537,Cameroon,2006,Developing,53.3,394.0,58,5.22,0.962497052,81.0,196,23.8,91,78.0,4.69,81.0,7.2,12.989164,17899562.0,6.7,6.8,0.456,8.2
536,Cameroon,2007,Developing,53.6,395.0,57,5.44,7.562892922,82.0,100,24.4,89,81.0,4.76,82.0,7.0,111.71186,18395389.0,6.6,6.6,0.456,8.0
542,Cameroon,2001,Developing,51.5,41.0,61,4.43,41.73629221,,23934,21.3,99,61.0,4.7,63.0,7.9,614.6729339,15671927.0,7.5,7.7,0.437,7.1
543,Cameroon,2000,Developing,51.4,394.0,62,3.91,4.720593531,,14629,2.9,100,57.0,4.48,62.0,7.7,68.414399,15274234.0,7.7,7.8,0.433,6.9
533,Cameroon,2010,Developing,55.3,37.0,53,6.15,100.8987451,84.0,240,26.0,82,83.0,5.28,84.0,5.5,1182.869227,1997495.0,6.1,6.2,0.48,9.7
532,Cameroon,2011,Developing,55.6,371.0,51,6.19,83.18071241,82.0,504,26.6,79,8.0,3.96,82.0,4.9,1295.649726,252447.0,6.0,6.0,0.486,10.0
531,Cameroon,2012,Developing,55.9,369.0,50,0.01,68.55839112,85.0,609,27.2,76,85.0,4.34,85.0,4.6,1255.648189,2182383.0,5.9,5.9,0.496,10.4
530,Cameroon,2013,Developing,56.4,364.0,48,0.01,63.07890158,89.0,760,27.8,73,88.0,4.29,89.0,4.0,1365.34419,21655715.0,5.8,5.8,0.501,10.4
529,Cameroon,2014,Developing,56.7,366.0,47,0.01,61.39263642,87.0,831,28.4,71,86.0,4.1,87.0,3.7,1441.1417,2223994.0,5.7,5.7,0.507,10.4
528,Cameroon,2015,Developing,57.3,357.0,45,,0.0,84.0,1809,29.0,68,83.0,,84.0,3.5,1244.429421,22834522.0,5.6,5.5,0.514,10.4
534,Cameroon,2009,Developing,54.8,373.0,54,5.89,9.042540892,8.0,251,25.4,85,79.0,5.7,8.0,6.3,123.19538,19432541.0,6.3,6.3,0.473,9.2
544,Central African Republic,2015,Developing,52.5,397.0,15,,0.0,47.0,150,22.7,21,47.0,,47.0,4.4,348.381417,45461.0,8.2,8.2,0.347,7.1
559,Central African Republic,2000,Developing,46.0,49.0,16,1.51,30.78382657,,3207,16.5,25,38.0,4.24,37.0,14.3,243.5429317,3754986.0,1.5,1.5,0.312,5.2
552,Central African Republic,2007,Developing,46.8,495.0,17,1.5,60.04884821,,49,19.0,26,46.0,4.4,48.0,9.0,397.148467,42758.0,9.4,9.4,0.33,6.2
545,Central African Republic,2014,Developing,58.0,437.0,15,0.01,53.43964323,47.0,210,22.1,22,47.0,4.2,47.0,4.5,377.132274,4515392.0,8.4,8.3,0.345,7.1
546,Central African Republic,2013,Developing,49.9,451.0,16,0.01,52.37766601,23.0,596,21.6,23,23.0,3.82,23.0,5.1,337.4849614,4499653.0,8.5,8.5,0.37,7.1
547,Central African Republic,2012,Developing,53.0,439.0,16,0.01,7.344808214,47.0,141,21.2,23,47.0,3.62,47.0,5.1,486.41114,449416.0,8.7,8.6,0.366,7.1
548,Central African Republic,2011,Developing,49.8,443.0,16,1.66,58.52947463,47.0,679,2.7,24,47.0,3.73,47.0,5.8,494.336779,4476153.0,8.8,8.8,0.361,6.8
549,Central African Republic,2010,Developing,49.2,446.0,17,1.67,43.48359197,45.0,2,2.2,24,46.0,3.9,45.0,6.6,446.4434494,4448525.0,9.0,8.9,0.352,6.6
550,Central African Republic,2009,Developing,48.6,453.0,17,1.56,40.45156933,42.0,11,19.8,25,45.0,3.58,42.0,7.3,449.961839,44423.0,9.1,9.1,0.345,6.4
551,Central African Republic,2008,Developing,47.6,477.0,17,1.52,67.34137528,,12,19.4,25,46.0,4.3,45.0,8.3,456.8614334,4345386.0,9.3,9.2,0.338,6.3
553,Central African Republic,2006,Developing,46.3,56.0,17,1.54,46.90117916,,3,18.6,26,47.0,3.99,51.0,10.0,347.673678,421758.0,9.6,9.6,0.323,6.0
554,Central African Republic,2005,Developing,45.9,511.0,17,1.5,40.92207976,,471,18.2,26,47.0,4.29,54.0,11.2,327.1149461,412791.0,9.7,9.7,0.319,5.9
555,Central African Republic,2004,Developing,45.7,512.0,17,1.5,41.50111735,,1233,17.9,26,45.0,4.1,51.0,12.0,313.21598,45536.0,9.9,9.9,0.315,5.7
556,Central African Republic,2003,Developing,45.7,51.0,17,1.49,46.11619441,,652,17.5,26,44.0,4.31,47.0,12.8,286.25819,3981665.0,1.0,1.1,0.316,5.6
557,Central African Republic,2002,Developing,45.6,58.0,17,1.47,31.5941587,,938,17.2,25,42.0,4.16,44.0,13.4,253.768343,397612.0,1.2,1.2,0.315,5.4
558,Central African Republic,2001,Developing,45.6,54.0,17,1.52,33.65315697,,2837,16.8,25,4.0,3.95,4.0,13.9,243.1586486,383223.0,1.4,1.4,0.314,5.3
561,Chad,2014,Developing,52.6,362.0,46,0.01,11.3020668,37.0,1275,18.7,78,44.0,3.62,37.0,2.9,125.998515,13569438.0,8.7,8.5,0.39,7.3
562,Chad,2013,Developing,52.2,366.0,46,0.64,76.52382535,39.0,226,18.2,78,46.0,3.42,39.0,3.1,986.13177,13133589.0,8.8,8.7,0.387,7.3
560,Chad,2015,Developing,53.1,356.0,46,,0.0,46.0,418,19.1,77,52.0,,46.0,2.8,777.248751,149413.0,8.5,8.4,0.394,7.3
563,Chad,2012,Developing,51.8,367.0,46,0.62,57.8242709,4.0,120,17.9,79,51.0,3.0,4.0,3.6,973.472574,1275135.0,9.0,8.9,0.381,7.3
564,Chad,2011,Developing,51.6,365.0,46,0.56,67.76269089,33.0,8650,17.5,79,4.0,3.17,33.0,3.9,989.2363633,12288651.0,9.2,9.1,0.37,6.7
565,Chad,2010,Developing,51.2,364.0,46,0.5,43.57328908,39.0,194,17.1,80,43.0,2.95,39.0,4.1,896.5697341,1188722.0,9.4,9.3,0.36,6.7
566,Chad,2009,Developing,57.0,37.0,46,0.47,4.982900401,24.0,165,16.7,80,32.0,3.31,24.0,4.4,84.455939,1152786.0,9.6,9.5,0.343,6.3
567,Chad,2008,Developing,49.6,394.0,46,0.45,49.09198224,17.0,63,16.4,80,3.0,2.92,19.0,4.7,929.772391,11133861.0,9.8,9.7,0.338,6.0
568,Chad,2007,Developing,49.4,394.0,46,0.42,5.962923532,,441,16.1,80,38.0,3.35,28.0,4.9,81.683884,177578.0,1.0,1.0,0.306,5.7
575,Chad,2000,Developing,47.6,44.0,41,0.25,21.52701616,,3546,13.9,74,3.0,6.28,36.0,4.6,166.231785,8342559.0,11.5,11.4,0.0,4.7
570,Chad,2005,Developing,48.6,46.0,45,0.42,8.936064632,,2,15.4,79,37.0,3.91,25.0,5.2,66.2421396,1679.0,1.5,1.4,0.306,5.6
571,Chad,2004,Developing,48.5,45.0,44,0.34,72.38451279,,10324,15.1,78,31.0,5.72,21.0,5.2,454.6765879,97143.0,1.7,1.6,0.301,5.6
572,Chad,2003,Developing,48.4,43.0,44,0.42,3.979243535,,15801,14.8,77,36.0,5.49,23.0,5.1,292.5914364,935321.0,1.9,1.8,0.284,5.4
573,Chad,2002,Developing,48.1,43.0,43,0.36,3.039691193,,7277,14.4,76,31.0,8.33,25.0,5.0,22.854821,91689.0,11.1,11.0,0.303,5.1
574,Chad,2001,Developing,48.0,4.0,42,0.3,26.87439074,,24908,14.1,75,26.0,6.9,26.0,4.8,197.3156442,866312.0,11.3,11.2,0.3,4.9
569,Chad,2006,Developing,48.5,414.0,45,0.41,62.67225971,,1594,15.7,80,49.0,3.32,4.0,5.1,712.1847694,1421597.0,1.3,1.2,0.303,5.5
17,Comoros,2014,Developing,63.2,23.0,1,0.01,73.86584922,88.0,0,23.7,2,87.0,6.75,87.0,0.8,852.954379,759385.0,6.8,6.6,0.497,11.1
18,Comoros,2013,Developing,62.9,233.0,1,0.01,61.57443584,88.0,0,23.2,2,85.0,6.51,87.0,0.8,834.341949,7415.0,6.8,6.6,0.49,10.9
19,Comoros,2012,Developing,62.5,237.0,2,0.01,78.39008571,89.0,1,22.6,2,85.0,7.11,86.0,0.8,788.632653,723868.0,6.9,6.7,0.484,10.8
20,Comoros,2011,Developing,62.2,241.0,2,0.12,59.6596497,83.0,3,22.1,2,85.0,6.1,83.0,0.2,829.7586885,76569.0,7.0,6.8,0.479,10.6
21,Comoros,2010,Developing,61.8,246.0,2,0.15,47.30421873,74.0,0,21.6,2,82.0,5.82,74.0,0.1,769.1742883,689692.0,7.1,6.9,0.476,10.5
22,Comoros,2009,Developing,61.3,251.0,2,0.17,56.98952474,83.0,1,21.1,2,84.0,3.82,83.0,0.1,778.5454199,673252.0,7.2,7.0,0.465,10.3
25,Comoros,2006,Developing,63.0,262.0,2,0.25,77.0283958,69.0,85,19.6,2,69.0,4.57,69.0,0.1,648.38717,626425.0,7.4,7.3,0.451,9.9
24,Comoros,2007,Developing,66.0,259.0,2,0.16,9.087638194,75.0,0,2.1,2,75.0,4.93,75.0,0.1,72.759313,64162.0,7.3,7.2,0.459,10.0
26,Comoros,2005,Developing,60.0,266.0,2,0.24,69.9675435,68.0,912,19.2,2,67.0,4.32,68.0,0.1,621.93372,611627.0,7.5,7.4,0.434,9.7
27,Comoros,2004,Developing,59.8,269.0,2,0.27,7.212110766,77.0,0,18.8,2,73.0,3.96,76.0,0.1,616.4197236,597228.0,7.5,7.5,0.0,9.5
28,Comoros,2003,Developing,59.6,271.0,2,0.26,45.09010835,28.0,0,18.4,2,8.0,3.65,8.0,0.1,544.566526,583211.0,7.6,7.6,0.0,9.2
16,Comoros,2015,Developing,63.5,227.0,1,,0.0,91.0,0,24.2,2,92.0,,91.0,0.8,727.6463868,777424.0,6.7,6.5,0.498,11.1
31,Comoros,2000,Developing,59.5,272.0,1,0.09,35.02948624,,0,17.3,2,7.0,3.56,7.0,0.1,375.8528566,542357.0,7.9,7.9,0.0,8.2
23,Comoros,2008,Developing,61.0,255.0,2,0.12,93.36788979,81.0,0,2.6,2,81.0,5.13,81.0,0.1,795.97519,657229.0,7.2,7.1,0.461,10.2
29,Comoros,2002,Developing,59.5,271.0,2,0.08,29.41897495,,0,18.0,2,98.0,3.39,89.0,0.1,433.2691451,569479.0,7.7,7.7,0.0,8.8
30,Comoros,2001,Developing,59.5,272.0,1,0.08,19.71741043,,0,17.6,2,7.0,2.86,7.0,0.1,395.9319363,555888.0,7.8,7.8,0.0,8.5
583,Congo,2008,Developing,59.4,338.0,8,2.58,0.0,73.0,2,23.3,11,77.0,2.9,79.0,4.3,,,8.4,8.0,0.527,10.0
578,Congo,2013,Developing,63.9,274.0,7,0.01,0.0,85.0,124,26.2,10,85.0,5.9,85.0,3.0,,,7.7,7.4,0.576,11.1
579,Congo,2012,Developing,63.7,273.0,7,0.01,0.0,62.0,260,25.6,10,61.0,3.98,85.0,3.3,,,7.9,7.5,0.557,10.2
580,Congo,2011,Developing,62.9,285.0,7,3.82,0.0,7.0,315,25.0,10,69.0,2.79,82.0,3.5,,,8.0,7.6,0.558,10.7
581,Congo,2010,Developing,62.0,298.0,7,3.53,0.0,74.0,4,24.5,10,72.0,2.29,74.0,3.8,,,8.1,7.7,0.548,10.5
582,Congo,2009,Developing,68.0,314.0,7,3.47,0.0,75.0,1,23.9,11,76.0,2.27,78.0,4.0,,,8.3,7.9,0.545,10.3
577,Congo,2014,Developing,64.2,275.0,7,0.01,0.0,9.0,71,26.8,10,9.0,5.15,9.0,3.0,,,7.6,7.3,0.581,11.1
584,Congo,2007,Developing,58.2,354.0,8,2.75,0.0,64.0,84,22.8,11,71.0,2.54,72.0,5.0,,,8.5,8.2,0.517,9.8
586,Congo,2005,Developing,55.3,394.0,8,2.03,0.0,,146,21.7,13,62.0,2.42,62.0,5.9,,,8.8,8.5,0.496,9.4
587,Congo,2004,Developing,54.1,48.0,9,2.58,0.0,,3524,21.2,13,67.0,2.56,67.0,6.3,,,9.0,8.6,0.497,9.2
588,Congo,2003,Developing,53.2,417.0,9,2.45,0.0,,3712,2.7,14,5.0,2.61,5.0,6.8,,,9.1,8.8,0.492,9.4
589,Congo,2002,Developing,52.6,424.0,9,2.55,0.0,,2788,2.3,14,41.0,2.45,41.0,7.2,,,9.3,8.9,0.488,9.5
590,Congo,2001,Developing,52.7,419.0,9,2.3,0.0,,2152,19.8,14,32.0,2.44,31.0,7.6,,,9.4,9.0,0.487,9.7
591,Congo,2000,Developing,52.9,416.0,9,2.26,0.0,,1678,19.3,14,31.0,2.13,33.0,7.8,,,9.5,9.2,0.487,9.8
585,Congo,2006,Developing,56.9,368.0,8,2.25,0.0,,126,22.3,12,73.0,2.37,73.0,5.5,,,8.7,8.3,0.507,9.6
576,Congo,2015,Developing,64.7,267.0,7,,0.0,8.0,1359,27.4,10,8.0,,8.0,2.8,,,7.5,7.1,0.59,11.1
288,Côte d'Ivoire,2015,Developing,53.3,397.0,57,,0.0,83.0,65,28.0,79,81.0,,83.0,1.9,,,5.5,5.5,,
289,Côte d'Ivoire,2014,Developing,52.8,47.0,58,0.01,0.0,76.0,50,27.4,80,76.0,5.72,76.0,2.0,,,5.6,5.6,,
303,Côte d'Ivoire,2000,Developing,47.9,461.0,67,3.45,0.0,,5729,19.4,95,66.0,6.0,65.0,7.1,,,8.1,8.1,,
290,Côte d'Ivoire,2013,Developing,52.3,412.0,59,3.15,0.0,8.0,48,26.8,81,79.0,5.81,8.0,2.4,,,5.8,5.7,,
291,Côte d'Ivoire,2012,Developing,52.0,415.0,59,3.24,0.0,82.0,137,26.2,82,83.0,6.14,82.0,2.9,,,5.9,5.9,,
292,Côte d'Ivoire,2011,Developing,51.7,419.0,60,3.13,0.0,62.0,628,25.6,83,58.0,6.42,62.0,3.3,,,6.1,6.0,,
293,Côte d'Ivoire,2010,Developing,51.5,417.0,60,3.15,0.0,85.0,441,25.0,84,81.0,6.32,85.0,3.3,,,6.3,6.2,,
295,Côte d'Ivoire,2008,Developing,54.0,437.0,60,2.69,0.0,74.0,12,23.8,85,58.0,6.21,74.0,4.1,,,6.6,6.6,,
296,Côte d'Ivoire,2007,Developing,49.9,443.0,61,2.58,0.0,76.0,5,23.2,87,75.0,6.35,76.0,5.3,,,6.8,6.7,,
294,Côte d'Ivoire,2009,Developing,51.0,426.0,60,2.92,0.0,81.0,183,24.4,84,77.0,6.41,81.0,3.7,,,6.5,6.4,,
298,Côte d'Ivoire,2005,Developing,48.7,466.0,63,3.11,0.0,76.0,115,22.1,90,87.0,5.39,76.0,6.1,,,7.2,7.1,,
299,Côte d'Ivoire,2004,Developing,48.2,472.0,64,3.08,0.0,67.0,3466,21.5,91,76.0,5.24,67.0,6.5,,,7.3,7.3,,
300,Côte d'Ivoire,2003,Developing,48.0,473.0,64,3.12,0.0,63.0,4770,2.9,92,68.0,4.65,61.0,6.7,,,7.5,7.5,,
301,Côte d'Ivoire,2002,Developing,47.7,473.0,65,3.13,0.0,48.0,5882,2.4,93,7.0,4.47,64.0,6.9,,,7.7,7.7,,
302,Côte d'Ivoire,2001,Developing,47.8,467.0,65,3.15,0.0,1.0,5790,19.9,94,7.0,4.85,66.0,7.0,,,7.9,7.9,,
297,Côte d'Ivoire,2006,Developing,49.4,452.0,62,2.65,0.0,77.0,11,22.6,89,76.0,5.87,77.0,5.8,,,7.0,6.9,,
601,Democratic Republic of the Congo,2006,Developing,55.0,36.0,235,1.53,0.0,,80123,17.3,327,62.0,3.39,62.0,2.0,,,11.3,11.1,,
605,Democratic Republic of the Congo,2002,Developing,52.1,341.0,229,1.85,0.0,,30466,15.7,331,4.0,2.59,38.0,2.4,,,12.1,11.9,,
604,Democratic Republic of the Congo,2003,Developing,52.8,332.0,231,1.83,0.0,,21956,16.1,331,47.0,3.2,41.0,2.2,,,11.9,11.7,,
603,Democratic Republic of the Congo,2004,Developing,53.5,323.0,232,1.44,0.0,,44934,16.5,330,52.0,3.34,54.0,2.1,,,11.7,11.5,,
602,Democratic Republic of the Congo,2005,Developing,54.3,314.0,233,1.43,0.0,,182485,16.9,329,6.0,3.14,6.0,2.0,,,11.5,11.3,,
599,Democratic Republic of the Congo,2008,Developing,56.3,295.0,237,2.09,0.0,65.0,12461,18.2,324,64.0,4.46,65.0,1.8,,,1.8,1.7,,
592,Democratic Republic of the Congo,2015,Developing,59.8,258.0,236,,0.0,81.0,5020,21.6,308,78.0,,81.0,1.1,,,9.5,9.3,,
597,Democratic Republic of the Congo,2010,Developing,57.4,283.0,239,1.81,0.0,6.0,5407,19.1,321,76.0,4.4,6.0,1.6,,,1.4,1.2,,
596,Democratic Republic of the Congo,2011,Developing,57.9,278.0,239,1.82,0.0,74.0,133802,19.6,319,77.0,3.53,74.0,1.6,,,1.2,1.0,,
595,Democratic Republic of the Congo,2012,Developing,58.3,277.0,239,0.01,0.0,75.0,72029,2.1,317,76.0,3.77,75.0,1.5,,,1.0,9.8,,
594,Democratic Republic of the Congo,2013,Developing,58.8,272.0,238,0.01,0.0,74.0,88381,2.6,314,74.0,3.89,74.0,1.2,,,9.9,9.6,,
593,Democratic Republic of the Congo,2014,Developing,59.3,266.0,237,0.01,0.0,8.0,33711,21.1,312,79.0,4.33,8.0,1.1,,,9.7,9.5,,
606,Democratic Republic of the Congo,2001,Developing,51.8,34.0,227,1.9,0.0,,8072,15.3,332,3.0,2.67,3.0,2.4,,,12.2,12.1,,
598,Democratic Republic of the Congo,2009,Developing,56.7,292.0,238,2.13,0.0,72.0,57,18.6,323,78.0,5.61,72.0,1.7,,,1.6,1.4,,
607,Democratic Republic of the Congo,2000,Developing,51.3,346.0,226,1.98,0.0,,8282,14.9,332,42.0,1.45,4.0,2.5,,,12.4,12.3,,
600,Democratic Republic of the Congo,2007,Developing,55.7,299.0,236,1.52,0.0,7.0,55577,17.8,326,72.0,3.61,7.0,1.9,,,11.1,1.9,,
44,Djibouti,2003,Developing,58.0,325.0,2,1.02,94.13302875,,37,29.4,2,68.0,6.22,68.0,4.2,819.974118,758615.0,6.1,5.9,0.378,3.5
46,Djibouti,2001,Developing,57.7,323.0,2,0.95,92.4978948,,79,28.6,2,49.0,5.37,53.0,4.3,781.2322196,732711.0,6.3,6.1,0.363,2.9
45,Djibouti,2002,Developing,57.9,322.0,2,1.03,13.46662004,,50,29.0,2,62.0,5.45,62.0,4.3,792.15412,746221.0,6.2,6.0,0.372,3.3
43,Djibouti,2004,Developing,58.1,326.0,2,1.18,106.0354659,,71,29.8,2,64.0,6.76,64.0,4.0,864.184726,77752.0,6.0,5.9,0.388,3.7
42,Djibouti,2005,Developing,58.6,318.0,2,1.23,12.70325933,,298,3.2,2,71.0,7.21,71.0,3.9,94.7297489,783254.0,5.9,5.8,0.396,4.0
41,Djibouti,2006,Developing,59.1,39.0,2,1.02,121.4812077,,49,3.6,2,72.0,7.5,72.0,3.7,965.6693779,79628.0,5.8,5.7,0.405,4.3
40,Djibouti,2007,Developing,59.8,296.0,1,0.45,20.86878709,25.0,24,3.9,2,88.0,7.72,88.0,3.5,147.586896,8942.0,5.8,5.7,0.416,4.5
38,Djibouti,2009,Developing,69.0,279.0,1,0.49,177.2671607,89.0,48,31.7,2,89.0,8.37,89.0,3.2,1253.657431,83684.0,5.7,5.6,0.436,5.3
39,Djibouti,2008,Developing,62.0,289.0,1,0.49,171.7686449,88.0,143,31.3,2,89.0,8.5,89.0,3.3,1214.77118,822934.0,5.7,5.6,0.427,5.0
47,Djibouti,2000,Developing,57.4,325.0,2,1.34,91.95075901,,183,28.2,2,46.0,5.75,46.0,4.1,768.176767,717584.0,6.4,6.1,0.361,2.9
36,Djibouti,2011,Developing,61.8,268.0,1,0.39,20.35974738,87.0,49,32.7,2,87.0,8.71,87.0,2.7,143.986898,865937.0,5.6,5.5,0.451,5.9
35,Djibouti,2012,Developing,62.2,263.0,1,0.52,217.2125786,81.0,709,33.2,2,81.0,8.95,81.0,1.9,1536.15685,881185.0,5.6,5.5,0.46,6.3
34,Djibouti,2013,Developing,62.7,256.0,1,0.53,229.4410095,82.0,28,33.8,2,82.0,9.14,82.0,2.1,1622.637974,896688.0,5.6,5.4,0.464,6.3
33,Djibouti,2014,Developing,63.0,252.0,1,0.38,24.73299655,78.0,0,34.4,1,78.0,1.57,78.0,2.1,174.91511,912164.0,5.6,5.4,0.467,6.3
32,Djibouti,2015,Developing,63.5,241.0,1,,0.0,84.0,47,35.0,1,84.0,,84.0,2.1,1862.167274,927414.0,5.6,5.4,0.47,6.3
37,Djibouti,2010,Developing,61.3,273.0,1,0.44,187.4960097,88.0,7,32.2,2,88.0,8.84,88.0,3.1,1325.99724,851146.0,5.6,5.6,0.441,5.5
680,Egypt,2007,Developing,69.7,171.0,55,0.21,0.0,98.0,1684,54.8,65,98.0,4.95,98.0,0.1,,,3.1,3.1,0.644,11.7
676,Egypt,2011,Developing,74.0,168.0,55,0.22,0.0,96.0,26,57.8,64,96.0,5.4,96.0,0.1,,,2.9,2.9,0.671,12.4
675,Egypt,2012,Developing,72.0,165.0,54,0.23,0.0,93.0,245,58.6,64,93.0,5.29,93.0,0.1,,,2.9,2.8,0.673,12.4
678,Egypt,2009,Developing,69.9,174.0,54,0.21,0.0,97.0,608,56.2,64,97.0,5.1,97.0,0.1,,,3.0,3.0,0.659,12.0
679,Egypt,2008,Developing,69.8,172.0,54,0.24,0.0,97.0,668,55.5,65,97.0,4.82,97.0,0.1,,,3.1,3.0,0.651,11.9
681,Egypt,2006,Developing,69.5,175.0,55,0.18,0.0,98.0,953,54.2,66,98.0,5.24,98.0,0.1,,,3.2,3.1,0.636,11.5
677,Egypt,2010,Developing,70.0,173.0,54,0.22,0.0,97.0,16,57.0,64,97.0,4.8,97.0,0.1,,,3.0,2.9,0.665,12.2
683,Egypt,2004,Developing,69.0,176.0,57,0.16,0.0,97.0,80,52.9,70,97.0,5.21,97.0,0.1,,,3.3,3.2,0.623,11.2
684,Egypt,2003,Developing,68.6,178.0,59,0.15,0.0,98.0,164,52.3,72,98.0,5.41,98.0,0.1,,,3.3,3.3,0.621,11.3
685,Egypt,2002,Developing,68.7,177.0,61,0.15,0.0,97.0,653,51.8,75,97.0,5.97,97.0,0.1,,,3.4,3.4,0.617,11.2
686,Egypt,2001,Developing,68.6,177.0,63,0.14,0.0,99.0,2150,51.2,78,99.0,5.75,99.0,0.1,,,3.5,3.4,0.612,11.1
687,Egypt,2000,Developing,68.8,171.0,65,0.14,0.0,98.0,2633,5.7,82,98.0,5.55,98.0,0.1,,,3.6,3.5,0.606,11.0
674,Egypt,2013,Developing,79.0,159.0,54,0.21,0.0,97.0,405,59.4,63,97.0,5.46,97.0,0.1,,,2.9,2.8,0.681,12.8
672,Egypt,2015,Developing,79.0,159.0,51,,0.0,93.0,5432,61.1,60,93.0,,93.0,0.1,,,2.8,2.8,0.688,13.1
682,Egypt,2005,Developing,69.4,174.0,56,0.16,0.0,98.0,77,53.5,68,98.0,5.6,98.0,0.1,,,3.2,3.2,0.629,11.4
673,Egypt,2014,Developing,78.0,161.0,53,0.21,0.0,94.0,1314,6.2,62,94.0,5.64,94.0,0.1,,,2.8,2.8,0.686,13.1
609,Equatorial Guinea,2014,Developing,57.9,32.0,3,0.01,13.40477417,2.0,13,24.0,4,24.0,3.8,2.0,4.4,192.59733,1129424.0,8.5,8.4,0.582,9.2
608,Equatorial Guinea,2015,Developing,58.2,32.0,3,,0.0,16.0,1250,24.5,4,17.0,,16.0,4.2,1347.31257,1175389.0,8.4,8.3,0.582,9.2
610,Equatorial Guinea,2013,Developing,57.4,327.0,3,10.72,156.3907685,,321,23.5,4,3.0,3.73,3.0,5.7,2246.9938,183746.0,8.6,8.6,0.586,9.2
611,Equatorial Guinea,2012,Developing,56.7,337.0,3,11.89,1500.412635,,1190,23.0,4,3.0,4.0,24.0,8.2,21557.6528,138593.0,8.7,8.7,0.583,9.2
612,Equatorial Guinea,2011,Developing,56.2,344.0,3,10.99,1493.051277,,0,22.6,4,39.0,3.29,41.0,7.7,21451.88617,99429.0,8.9,8.8,0.58,9.2
614,Equatorial Guinea,2009,Developing,55.7,34.0,3,7.97,115.0692415,,78,21.7,4,57.0,5.32,43.0,7.3,1653.2937,99111.0,9.2,9.2,0.59,9.1
615,Equatorial Guinea,2008,Developing,55.4,338.0,3,8.34,1705.678619,,436,21.3,4,55.0,2.31,42.0,6.3,22742.38159,868418.0,9.3,9.3,0.592,9.1
616,Equatorial Guinea,2007,Developing,55.0,339.0,3,6.86,1024.519543,,5,2.9,4,54.0,2.25,41.0,5.9,15761.83913,829327.0,9.5,9.5,0.587,9.0
613,Equatorial Guinea,2010,Developing,56.1,339.0,3,9.93,1192.696619,,0,22.1,4,59.0,3.84,44.0,7.2,17136.44568,95114.0,9.0,9.0,0.589,9.2
618,Equatorial Guinea,2005,Developing,54.4,337.0,3,7.19,12.0661671,,0,2.2,4,5.0,1.63,39.0,4.9,185.63334,757317.0,9.8,9.8,0.563,8.7
619,Equatorial Guinea,2004,Developing,54.1,336.0,3,6.28,44.54768305,,38,19.8,4,48.0,2.4,38.0,4.4,685.34897,724817.0,1.0,1.0,0.553,8.5
620,Equatorial Guinea,2003,Developing,53.8,334.0,3,7.13,309.7834587,,18,19.5,4,46.0,2.23,37.0,3.6,3577.176197,694611.0,1.2,1.1,0.554,8.4
621,Equatorial Guinea,2002,Developing,53.5,334.0,3,6.01,234.7874207,,24,19.1,4,44.0,2.5,36.0,2.9,2711.17114,66647.0,1.4,1.3,0.542,8.2
622,Equatorial Guinea,2001,Developing,53.1,334.0,3,5.07,197.7839552,,1339,18.7,4,43.0,1.78,35.0,2.3,2283.87939,639762.0,1.6,1.4,0.527,8.0
623,Equatorial Guinea,2000,Developing,52.7,336.0,3,4.46,14.95451321,,0,18.3,4,41.0,2.73,34.0,1.9,172.68491,614323.0,1.7,1.6,0.0,0.0
617,Equatorial Guinea,2006,Developing,54.8,337.0,3,7.28,827.5979335,,0,2.5,4,52.0,2.13,4.0,5.3,12732.2759,792217.0,9.7,9.6,0.569,9.0
57,Ethiopia,2006,Developing,57.2,328.0,196,1.22,22.18952246,,1451,14.2,304,59.0,4.47,46.0,3.3,193.794956,7885689.0,11.4,11.1,0.346,6.6
63,Ethiopia,2000,Developing,51.2,391.0,253,0.88,11.59481766,,1660,12.3,404,55.0,4.36,3.0,5.0,123.876257,66537331.0,11.9,11.8,0.0,3.9
62,Ethiopia,2001,Developing,52.5,372.0,246,0.85,1.186227577,,2366,12.6,392,55.0,4.26,32.0,4.9,12.1789279,68492257.0,11.8,11.7,0.283,4.3
61,Ethiopia,2002,Developing,53.2,369.0,237,0.8,10.82452594,,3332,12.9,377,55.0,4.73,35.0,4.6,111.3634356,7497192.0,11.7,11.6,0.298,4.9
60,Ethiopia,2003,Developing,54.0,363.0,228,0.79,10.97201912,,228,13.2,360,55.0,4.64,37.0,4.4,118.8734466,72545144.0,11.6,11.5,0.306,5.2
59,Ethiopia,2004,Developing,55.0,354.0,217,0.86,1.506962482,,73,13.5,342,54.0,4.23,4.0,4.1,135.7623858,7462445.0,11.5,11.3,0.31,5.4
58,Ethiopia,2005,Developing,56.0,343.0,206,0.99,18.03753133,,357,13.8,323,56.0,4.2,44.0,3.7,161.6266248,7672783.0,11.5,11.2,0.325,5.8
56,Ethiopia,2007,Developing,58.5,39.0,186,1.06,30.46451811,47.0,1446,14.5,286,61.0,4.69,5.0,2.8,243.326822,8149.0,11.3,11.0,0.362,7.1
55,Ethiopia,2008,Developing,59.8,289.0,177,1.13,38.55783268,52.0,3511,14.9,270,63.0,4.28,54.0,2.4,325.3825543,83184892.0,11.2,1.9,0.378,7.6
54,Ethiopia,2009,Developing,68.0,274.0,169,1.17,53.77354001,56.0,1176,15.3,256,65.0,4.41,58.0,2.0,379.7566385,85416253.0,11.1,1.8,0.393,8.1
53,Ethiopia,2010,Developing,61.8,261.0,162,1.34,67.73374413,62.0,4235,15.6,243,69.0,6.86,61.0,1.7,341.39992,877267.0,11.0,1.7,0.401,8.1
52,Ethiopia,2011,Developing,62.6,249.0,156,1.32,67.77565369,65.0,3255,16.0,231,7.0,6.55,65.0,1.4,354.8463544,946756.0,1.9,1.6,0.411,8.2
51,Ethiopia,2012,Developing,63.3,241.0,150,1.84,86.82551124,69.0,4347,16.4,221,7.0,5.77,69.0,1.2,468.567249,92444183.0,1.7,1.5,0.422,8.4
50,Ethiopia,2013,Developing,63.7,237.0,145,1.86,8.313282039,72.0,5253,16.8,211,7.0,5.19,72.0,0.9,52.1535887,94887724.0,1.6,1.4,0.427,8.4
49,Ethiopia,2014,Developing,64.2,234.0,140,0.01,89.95805845,77.0,12739,17.2,202,75.0,4.88,77.0,0.6,571.1622759,97366774.0,1.5,1.3,0.435,8.4
48,Ethiopia,2015,Developing,64.8,225.0,136,,0.0,77.0,17745,17.6,194,75.0,,77.0,0.6,645.4637627,9987333.0,1.4,1.2,0.441,8.4
624,Gabon,2015,Developing,66.0,229.0,2,,0.0,8.0,27,36.3,3,79.0,,8.0,2.7,7388.984144,193175.0,6.1,5.9,0.694,12.6
625,Gabon,2014,Developing,65.5,237.0,2,0.01,715.2816939,7.0,33,35.8,3,68.0,3.44,7.0,2.8,9692.163874,1875713.0,6.1,6.0,0.687,12.6
626,Gabon,2013,Developing,64.6,255.0,2,8.86,154.8758879,79.0,122,35.2,3,77.0,3.98,79.0,3.7,9679.742995,1817271.0,6.2,6.1,0.678,12.5
627,Gabon,2012,Developing,63.5,276.0,2,8.3,805.3925284,82.0,2,34.6,3,8.0,3.13,82.0,4.9,9774.18117,1756817.0,6.3,6.2,0.669,12.5
628,Gabon,2011,Developing,62.8,289.0,2,8.9,133.5223672,75.0,2,34.1,3,75.0,3.12,75.0,6.0,1716.2258,169711.0,6.4,6.3,0.664,12.5
630,Gabon,2009,Developing,61.7,31.0,2,8.64,52.31086276,79.0,0,33.0,3,74.0,3.43,76.0,8.0,763.66223,1586754.0,6.7,6.5,0.652,12.4
631,Gabon,2008,Developing,61.6,298.0,2,8.75,11.05422474,82.0,3,32.4,3,81.0,2.54,82.0,8.9,194.2746,1536411.0,6.8,6.6,0.651,12.4
632,Gabon,2007,Developing,61.6,291.0,2,9.02,545.4389573,75.0,0,31.9,3,78.0,2.86,81.0,10.0,8352.81711,1489193.0,6.9,6.8,0.645,12.4
629,Gabon,2010,Developing,62.3,294.0,2,8.85,145.318282,67.0,1,33.5,3,68.0,3.41,67.0,7.0,8754.113376,16421.0,6.5,6.4,0.66,12.5
634,Gabon,2005,Developing,65.0,37.0,2,7.72,353.2438029,28.0,0,3.8,3,44.0,2.76,45.0,10.9,6741.293948,143126.0,7.2,7.1,0.64,12.4
635,Gabon,2004,Developing,59.7,322.0,2,8.13,443.4750634,,63,3.3,3,44.0,3.26,45.0,11.1,5685.577736,136425.0,7.4,7.2,0.64,12.3
636,Gabon,2003,Developing,59.7,32.0,2,6.47,352.232365,,0,29.8,3,44.0,3.48,45.0,11.0,4892.11618,1328146.0,7.5,7.4,0.638,12.3
637,Gabon,2002,Developing,59.7,315.0,2,8.34,22.69039905,,110,29.2,3,44.0,3.22,45.0,10.7,412.55271,129449.0,7.7,7.5,0.636,12.3
638,Gabon,2001,Developing,59.8,37.0,2,9.29,183.6980778,,5129,28.7,3,44.0,3.23,45.0,10.1,3976.14887,1262259.0,7.8,7.7,0.633,12.3
639,Gabon,2000,Developing,61.0,296.0,2,8.87,218.1727473,,15,28.1,3,44.0,2.89,45.0,9.5,4116.46693,1231122.0,8.0,7.8,0.637,12.2
633,Gabon,2006,Developing,61.4,288.0,2,8.01,40.53719812,52.0,90,31.4,3,44.0,2.88,45.0,10.7,727.777345,1444844.0,7.1,6.9,0.646,12.4
321,Gambia,2014,Developing,68.0,266.0,3,0.01,0.0,96.0,1,26.7,5,97.0,7.34,96.0,1.7,,,7.5,7.3,0.449,8.9
322,Gambia,2013,Developing,66.0,266.0,3,0.01,0.0,97.0,0,26.0,5,96.0,6.49,97.0,1.6,,,7.6,7.5,0.445,8.9
323,Gambia,2012,Developing,62.0,269.0,3,0.01,0.0,98.0,0,25.4,5,98.0,6.12,98.0,1.4,,,7.8,7.7,0.44,8.8
324,Gambia,2011,Developing,59.8,277.0,3,3.41,0.0,96.0,0,24.8,5,95.0,6.24,96.0,1.8,,,8.0,7.9,0.441,8.7
332,Gambia,2003,Developing,57.0,297.0,3,2.47,0.0,94.0,119,19.7,6,87.0,4.22,87.0,2.7,,,9.6,9.6,0.395,7.3
325,Gambia,2010,Developing,59.3,284.0,3,3.48,0.0,97.0,2,24.1,6,97.0,5.75,97.0,2.1,,,8.2,8.1,0.439,8.8
328,Gambia,2007,Developing,58.5,288.0,3,2.64,0.0,97.0,0,22.2,6,94.0,5.76,95.0,3.1,,,8.8,8.7,0.42,8.4
327,Gambia,2008,Developing,58.7,287.0,3,2.79,0.0,98.0,0,22.8,6,96.0,5.95,96.0,3.0,,,8.6,8.5,0.426,8.6
329,Gambia,2006,Developing,58.2,288.0,3,2.93,0.0,95.0,0,21.5,6,94.0,5.52,95.0,3.0,,,9.0,8.9,0.415,8.1
330,Gambia,2005,Developing,57.7,294.0,3,2.26,0.0,95.0,0,2.9,6,94.0,4.97,95.0,3.0,,,9.2,9.1,0.412,7.8
331,Gambia,2004,Developing,57.3,296.0,3,2.51,0.0,95.0,0,2.3,6,88.0,4.35,87.0,2.9,,,9.4,9.3,0.404,7.6
320,Gambia,2015,Developing,61.1,262.0,3,,0.0,97.0,71,27.3,5,96.0,,97.0,1.7,,,7.3,7.2,0.45,8.9
326,Gambia,2009,Developing,59.0,286.0,3,2.99,0.0,97.0,0,23.5,6,97.0,5.85,98.0,2.7,,,8.4,8.3,0.434,8.9
335,Gambia,2000,Developing,55.9,33.0,3,2.18,0.0,91.0,336,18.0,6,84.0,3.61,8.0,2.0,,,1.2,1.2,0.377,6.5
334,Gambia,2001,Developing,56.3,3.0,3,2.25,0.0,91.0,99,18.5,6,85.0,3.71,87.0,2.3,,,1.0,1.0,0.384,6.8
333,Gambia,2002,Developing,56.6,298.0,3,2.08,0.0,92.0,32,19.1,6,86.0,3.75,87.0,2.5,,,9.8,9.8,0.392,7.0
337,Ghana,2014,Developing,62.1,253.0,37,0.01,97.67794571,98.0,124,28.0,54,93.0,3.56,98.0,0.8,1432.227943,26962563.0,6.4,6.3,0.576,11.7
338,Ghana,2013,Developing,61.9,254.0,38,0.01,28.66897829,9.0,319,27.3,55,91.0,4.63,9.0,0.9,1814.492297,26346251.0,6.6,6.4,0.57,11.5
339,Ghana,2012,Developing,61.6,257.0,39,0.01,151.899429,92.0,1613,26.7,56,91.0,4.79,92.0,0.9,1629.8222,2573349.0,6.7,6.6,0.563,11.2
340,Ghana,2011,Developing,61.2,263.0,40,1.64,225.2219474,91.0,120,26.1,58,91.0,4.81,91.0,1.3,1574.978653,25121796.0,6.9,6.8,0.554,10.9
341,Ghana,2010,Developing,69.0,267.0,40,1.69,195.9824626,94.0,641,25.5,59,94.0,5.33,94.0,1.9,1312.67557,2451214.0,7.1,7.0,0.547,10.5
342,Ghana,2009,Developing,66.0,271.0,41,1.76,30.72290501,94.0,101,24.9,60,94.0,5.17,94.0,2.1,186.76538,2393831.0,7.3,7.2,0.542,10.4
344,Ghana,2007,Developing,59.9,28.0,41,1.25,3.181373629,94.0,6,23.6,61,94.0,5.3,94.0,2.6,19.686718,227212.0,7.7,7.6,0.519,9.1
345,Ghana,2006,Developing,59.4,288.0,41,1.7,129.0263364,84.0,420,23.0,62,84.0,4.64,84.0,2.9,922.9351677,22113425.0,7.9,7.9,0.51,8.7
346,Ghana,2005,Developing,58.9,296.0,41,1.5,78.71123825,84.0,435,22.4,62,85.0,4.51,84.0,3.1,498.172394,215429.0,8.1,8.1,0.499,8.1
348,Ghana,2003,Developing,57.9,38.0,41,1.53,31.09435342,8.0,1939,21.2,63,8.0,3.12,8.0,3.4,373.2815537,2446782.0,8.6,8.5,0.489,7.9
349,Ghana,2002,Developing,57.6,31.0,42,1.6,3.336437969,8.0,12289,2.7,63,8.0,3.7,78.0,3.5,39.484473,19924522.0,8.8,8.8,0.484,7.6
350,Ghana,2001,Developing,57.4,39.0,42,1.49,25.55981288,,13476,2.1,64,81.0,3.56,79.0,3.5,273.6596668,1942165.0,9.0,9.0,0.485,8.0
351,Ghana,2000,Developing,57.2,38.0,43,1.6,20.65432873,,23068,19.5,65,88.0,3.0,88.0,3.6,263.1124679,18938762.0,9.2,9.2,0.48,7.7
336,Ghana,2015,Developing,62.4,249.0,37,,0.0,88.0,23,28.6,52,88.0,,88.0,0.7,1361.11395,27582821.0,6.2,6.1,0.575,11.4
347,Ghana,2004,Developing,58.3,34.0,41,1.46,53.23775977,8.0,60,21.8,62,81.0,3.96,8.0,3.2,423.1936389,2986536.0,8.4,8.3,0.491,7.7
343,Ghana,2008,Developing,63.0,275.0,41,1.78,161.0106435,93.0,82,24.2,61,92.0,4.85,93.0,2.2,1224.41554,2329864.0,7.5,7.4,0.53,9.8
358,Guinea,2009,Developing,57.3,297.0,29,0.18,24.84763562,57.0,264,2.3,46,6.0,3.85,57.0,2.3,436.6895539,1556524.0,8.4,8.4,0.376,8.1
361,Guinea,2006,Developing,55.6,317.0,31,0.16,10.3839337,,4,19.0,49,53.0,3.2,57.0,2.6,296.68382,9881428.0,9.1,9.1,0.356,7.1
360,Guinea,2007,Developing,56.4,36.0,31,0.19,1.399626733,57.0,3,19.4,48,46.0,3.8,63.0,2.4,49.456775,196727.0,8.9,8.8,0.364,7.6
359,Guinea,2008,Developing,56.8,33.0,30,0.21,19.68510257,57.0,89,19.8,47,59.0,3.21,6.0,2.3,437.4467238,1323142.0,8.6,8.6,0.371,7.9
364,Guinea,2003,Developing,53.3,338.0,34,0.18,2.39524067,,2497,17.7,55,61.0,3.45,57.0,2.9,37.1931781,939848.0,9.7,9.7,0.338,5.9
357,Guinea,2010,Developing,57.8,291.0,29,0.2,29.74734049,64.0,45,2.8,44,62.0,4.55,64.0,2.2,438.7513346,179417.0,8.2,8.2,0.38,8.3
356,Guinea,2011,Developing,58.1,29.0,28,0.22,42.2547904,63.0,11,21.2,43,63.0,4.73,63.0,2.0,459.2912,113517.0,8.0,8.0,0.385,8.4
355,Guinea,2012,Developing,58.4,288.0,28,0.01,4.344930862,62.0,6,21.7,42,63.0,5.39,62.0,1.9,52.3485646,11281469.0,7.8,7.8,0.396,8.5
354,Guinea,2013,Developing,58.8,284.0,27,0.01,5.140668848,63.0,53,22.2,41,63.0,5.49,63.0,1.0,54.169324,11536615.0,7.7,7.6,0.406,8.5
353,Guinea,2014,Developing,58.1,299.0,27,0.01,50.57976483,51.0,175,22.7,41,42.0,5.64,51.0,0.5,561.997387,118559.0,7.5,7.4,0.412,8.6
352,Guinea,2015,Developing,59.0,284.0,26,,0.0,54.0,243,23.3,40,42.0,,54.0,0.5,554.48766,1291533.0,7.3,7.3,0.414,8.8
365,Guinea,2002,Developing,52.9,337.0,35,0.21,21.3378184,,2151,17.3,56,56.0,3.76,53.0,3.0,322.811171,9137345.0,9.9,9.9,0.329,5.5
366,Guinea,2001,Developing,52.5,336.0,36,0.17,19.89790929,,7408,16.9,58,52.0,3.65,5.0,3.0,315.83983,8971139.0,1.1,1.1,0.322,5.1
367,Guinea,2000,Developing,52.5,328.0,37,0.17,2.215986136,,11294,16.6,60,47.0,3.46,46.0,3.0,34.516918,888546.0,1.3,1.3,0.316,4.8
362,Guinea,2005,Developing,54.7,327.0,32,0.21,1.099665984,,99,18.5,51,59.0,2.82,59.0,2.7,33.424498,9679745.0,9.3,9.3,0.346,6.6
363,Guinea,2004,Developing,54.0,334.0,33,0.34,18.93011259,,10,18.1,53,65.0,3.14,6.0,2.8,386.3288283,949229.0,9.5,9.5,0.325,5.1
368,Guinea-Bissau,2015,Developing,58.9,275.0,4,,0.0,87.0,153,26.3,6,87.0,,87.0,3.2,596.8717189,177526.0,7.1,7.0,0.421,9.2
369,Guinea-Bissau,2014,Developing,58.4,282.0,4,0.01,50.06053544,87.0,1,25.6,6,87.0,5.59,87.0,3.4,642.6256154,1725744.0,7.3,7.1,0.419,9.2
370,Guinea-Bissau,2013,Developing,58.1,279.0,4,0.01,8.20063742,87.0,0,25.0,6,87.0,6.14,87.0,4.5,61.566347,1681495.0,7.5,7.3,0.415,9.1
371,Guinea-Bissau,2012,Developing,57.6,285.0,4,0.01,0.948526366,87.0,0,24.3,6,87.0,5.96,87.0,5.3,67.7518833,1638139.0,7.7,7.5,0.416,9.1
372,Guinea-Bissau,2011,Developing,57.1,289.0,4,3.57,40.45367358,86.0,0,23.7,7,85.0,5.46,86.0,5.7,692.69989,1596154.0,7.8,7.7,0.41,9.0
373,Guinea-Bissau,2010,Developing,56.7,287.0,4,3.21,53.30782696,83.0,26,23.1,7,82.0,6.7,83.0,5.9,543.957418,155588.0,8.0,7.9,0.405,8.9
374,Guinea-Bissau,2009,Developing,56.3,288.0,4,2.55,47.12969266,8.0,0,22.5,7,78.0,6.81,8.0,6.0,544.222779,1517448.0,8.3,8.1,0.401,8.9
382,Guinea-Bissau,2001,Developing,52.5,32.0,5,2.55,0.868708478,,126,17.9,9,56.0,5.4,53.0,3.6,39.486749,1267512.0,1.0,1.0,0.0,6.7
376,Guinea-Bissau,2007,Developing,55.0,32.0,5,2.98,31.06932595,,1,21.3,7,76.0,6.1,74.0,5.7,481.694976,1445958.0,8.7,8.6,0.394,8.8
377,Guinea-Bissau,2006,Developing,54.4,36.0,5,3.22,21.53374936,,0,2.7,8,74.0,5.87,71.0,5.6,418.94454,1412669.0,8.9,8.8,0.388,8.3
378,Guinea-Bissau,2005,Developing,53.9,37.0,5,3.1,22.09757984,,0,2.1,8,73.0,5.72,68.0,5.4,424.9534585,138838.0,9.2,9.0,0.0,8.0
379,Guinea-Bissau,2004,Developing,53.5,38.0,5,2.58,13.52999556,,3526,19.6,8,69.0,5.41,64.0,5.0,393.3138244,135345.0,9.4,9.3,0.0,7.7
375,Guinea-Bissau,2008,Developing,55.6,297.0,5,2.64,28.30191127,,12,21.9,7,77.0,6.5,77.0,6.0,583.5445622,148841.0,8.5,8.4,0.398,8.8
383,Guinea-Bissau,2000,Developing,52.1,3.0,5,2.84,6.699418747,,0,17.4,9,52.0,4.94,49.0,3.1,297.7519443,1243229.0,1.2,1.2,0.0,6.4
380,Guinea-Bissau,2003,Developing,53.0,38.0,5,2.16,2.527115422,,1158,19.0,8,65.0,5.62,6.0,4.6,36.5718585,132122.0,9.6,9.5,0.0,7.4
381,Guinea-Bissau,2002,Developing,52.8,35.0,5,2.47,24.65761755,,298,18.5,8,61.0,5.84,57.0,4.1,321.481324,1293523.0,9.8,9.7,0.0,7.1
66,Kenya,2013,Developing,62.6,258.0,58,1.84,165.9304977,93.0,190,2.7,81,94.0,5.57,87.0,3.0,1229.114798,44826849.0,7.9,7.7,0.541,11.1
67,Kenya,2012,Developing,62.1,263.0,59,1.81,154.2269697,94.0,0,2.1,84,94.0,5.49,94.0,3.0,1155.2582,43646629.0,8.0,7.8,0.536,11.1
68,Kenya,2011,Developing,61.2,278.0,60,1.8,109.7051836,96.0,2395,19.5,86,97.0,5.23,96.0,3.4,987.4453967,42486839.0,8.1,7.9,0.53,11.1
69,Kenya,2010,Developing,63.0,294.0,61,1.73,56.58984221,9.0,95,18.9,89,9.0,3.97,9.0,4.3,967.34773,4135152.0,8.2,8.0,0.523,11.1
70,Kenya,2009,Developing,59.1,317.0,62,1.86,7.146851404,88.0,1218,18.4,91,89.0,4.17,88.0,5.0,92.816252,423724.0,8.2,8.1,0.514,10.7
64,Kenya,2015,Developing,63.4,249.0,54,,0.0,89.0,95,22.0,75,83.0,,89.0,2.8,1349.97144,47236259.0,7.8,7.6,0.55,11.1
72,Kenya,2007,Developing,56.8,356.0,66,1.97,59.83361364,81.0,1516,17.3,100,76.0,4.8,81.0,9.1,839.181117,388599.0,8.4,8.3,0.494,10.1
73,Kenya,2006,Developing,55.3,388.0,68,1.76,52.60385429,8.0,1847,16.9,104,77.0,4.24,8.0,10.3,697.66385,37525.0,8.5,8.4,0.483,9.7
74,Kenya,2005,Developing,54.1,412.0,70,1.82,39.55677502,76.0,153,16.4,108,7.0,4.36,76.0,11.6,519.7999346,3648288.0,8.6,8.5,0.474,9.6
75,Kenya,2004,Developing,53.0,432.0,72,1.43,36.29775249,73.0,20,15.9,112,73.0,4.29,73.0,13.2,458.8843551,3574931.0,8.7,8.6,0.461,8.9
76,Kenya,2003,Developing,52.4,437.0,74,1.49,35.85204668,73.0,65,15.5,115,75.0,4.45,73.0,14.5,436.6875357,3413852.0,8.8,8.8,0.45,8.2
77,Kenya,2002,Developing,52.1,437.0,76,1.66,32.73674134,84.0,766,15.1,118,83.0,4.54,84.0,15.7,395.8493511,332149.0,8.9,8.9,0.451,8.5
65,Kenya,2014,Developing,62.9,255.0,56,0.01,170.9626624,92.0,354,21.3,79,93.0,5.72,92.0,2.9,1335.6458,462425.0,7.8,7.7,0.546,11.1
71,Kenya,2008,Developing,57.9,339.0,64,1.71,60.5153506,88.0,1282,17.9,95,88.0,3.9,88.0,6.4,916.8992515,39148416.0,8.3,8.2,0.506,10.4
79,Kenya,2000,Developing,51.9,428.0,77,1.51,0.681685555,,21002,14.4,121,8.0,4.68,82.0,18.1,43.9797132,3145483.0,9.2,9.1,0.448,8.4
78,Kenya,2001,Developing,51.9,434.0,77,1.63,3.847602867,,11304,14.7,120,77.0,4.62,8.0,16.9,41.7763612,32321482.0,9.0,9.0,0.447,8.4
769,Lesotho,2014,Developing,52.1,522.0,4,0.01,162.1278115,93.0,0,32.0,6,9.0,1.62,93.0,9.4,1174.839214,2145785.0,5.8,5.6,0.491,10.8
783,Lesotho,2000,Developing,49.3,543.0,5,3.1,29.86616464,,660,24.9,7,82.0,6.92,83.0,29.8,474.8197876,1868699.0,11.5,11.6,0.445,9.6
782,Lesotho,2001,Developing,47.8,586.0,5,2.86,38.57187011,,217,25.4,7,78.0,7.53,78.0,31.2,437.819184,1885955.0,11.1,11.1,0.443,10.3
781,Lesotho,2002,Developing,46.4,622.0,5,2.95,3.53457351,,0,25.9,7,84.0,6.91,84.0,32.5,47.89395,192312.0,1.6,1.6,0.446,10.4
780,Lesotho,2003,Developing,45.5,648.0,5,1.99,5.300902041,17.0,1,26.4,7,9.0,7.13,9.0,33.8,63.636279,191897.0,1.2,1.1,0.44,10.5
779,Lesotho,2004,Developing,44.8,666.0,5,1.8,67.91361818,6.0,31,26.9,7,89.0,6.96,9.0,34.6,781.5145936,1933728.0,9.7,9.7,0.439,10.7
778,Lesotho,2005,Developing,44.5,675.0,5,2.67,57.90369752,87.0,0,27.4,6,88.0,6.3,89.0,34.8,862.9463118,1949543.0,9.3,9.2,0.437,10.7
777,Lesotho,2006,Developing,45.3,654.0,5,2.61,71.15577609,91.0,1,27.9,6,88.0,7.12,89.0,34.1,915.775754,1965662.0,8.8,8.7,0.437,10.7
776,Lesotho,2007,Developing,46.2,633.0,4,2.69,9.18432717,9.0,2,28.3,6,87.0,8.47,88.0,30.0,918.432717,1982287.0,8.4,8.3,0.44,10.6
775,Lesotho,2008,Developing,47.8,592.0,5,2.75,91.85432774,88.0,0,28.8,6,86.0,8.85,88.0,27.3,934.428563,199993.0,8.0,7.8,0.447,10.7
774,Lesotho,2009,Developing,49.4,566.0,4,2.75,104.3144732,91.0,0,29.2,6,89.0,9.8,91.0,18.2,923.136931,21929.0,7.6,7.4,0.453,10.8
773,Lesotho,2010,Developing,51.1,527.0,4,2.71,154.8705998,93.0,2488,29.7,6,92.0,1.87,93.0,13.4,1173.26212,24551.0,7.2,7.0,0.464,10.9
772,Lesotho,2011,Developing,52.3,52.0,4,2.39,195.825251,96.0,172,3.2,6,95.0,11.79,96.0,10.5,1352.38433,264166.0,6.8,6.6,0.469,11.0
771,Lesotho,2012,Developing,52.2,513.0,4,0.01,168.1348992,95.0,179,3.8,6,93.0,11.14,95.0,9.0,1281.516,289928.0,6.4,6.2,0.479,11.0
770,Lesotho,2013,Developing,52.1,518.0,4,0.01,153.3443147,93.0,516,31.4,6,9.0,11.7,93.0,9.6,1196.1335,2117361.0,6.1,5.9,0.484,11.1
768,Lesotho,2015,Developing,53.7,484.0,4,,0.0,93.0,0,32.6,6,9.0,,93.0,9.3,173.82893,2174645.0,5.5,5.3,0.495,10.7
397,Liberia,2002,Developing,56.0,371.0,13,4.27,10.424369,,131,2.7,19,51.0,5.43,39.0,3.1,177.285187,362863.0,8.8,8.9,0.376,10.4
396,Liberia,2003,Developing,50.0,42.0,13,4.21,9.758449266,,142,21.1,18,49.0,3.44,35.0,3.2,133.494518,3116233.0,8.7,8.7,0.373,10.3
395,Liberia,2004,Developing,54.0,329.0,12,4.24,17.85870796,,4,21.5,17,47.0,8.77,31.0,3.2,149.4452549,3176414.0,8.5,8.5,0.335,10.2
394,Liberia,2005,Developing,55.3,316.0,12,4.19,22.39648813,,8,22.0,16,66.0,8.4,6.0,3.1,168.648254,326123.0,8.3,8.3,0.372,10.1
393,Liberia,2006,Developing,56.7,32.0,11,4.05,15.79934152,,20,22.4,15,66.0,1.9,6.0,3.0,178.92799,3375838.0,8.1,8.1,0.377,10.0
392,Liberia,2007,Developing,57.9,286.0,10,4.03,3.686899287,,1,22.9,14,67.0,1.24,65.0,2.8,21.3733292,3512932.0,7.9,7.8,0.383,9.9
391,Liberia,2008,Developing,58.6,281.0,10,3.88,40.03344077,64.0,1,23.4,14,79.0,11.83,75.0,2.4,232.61732,3662993.0,7.7,7.6,0.394,9.8
390,Liberia,2009,Developing,59.2,277.0,10,3.75,5.592170255,64.0,6,24.0,13,84.0,14.39,81.0,2.1,33.667491,3811528.0,7.6,7.4,0.4,9.7
389,Liberia,2010,Developing,59.7,272.0,9,3.64,41.91052416,47.0,2200,24.5,13,71.0,11.87,7.0,1.8,327.42597,3948125.0,7.4,7.2,0.403,9.6
388,Liberia,2011,Developing,62.0,266.0,9,3.72,60.44658161,77.0,279,25.0,12,77.0,11.23,77.0,1.5,379.689583,47167.0,7.2,7.0,0.406,9.5
387,Liberia,2012,Developing,67.0,261.0,9,0.01,48.09891474,8.0,43,25.6,12,8.0,1.19,8.0,1.2,415.361958,4181563.0,7.0,6.9,0.416,9.6
386,Liberia,2013,Developing,61.1,258.0,9,0.01,45.04892458,76.0,0,26.1,11,75.0,9.25,76.0,1.1,454.1222236,4286291.0,6.8,6.7,0.419,9.8
385,Liberia,2014,Developing,58.1,329.0,8,0.01,54.37396957,5.0,34,26.7,11,49.0,1.4,5.0,0.9,458.4651734,439737.0,6.7,6.5,0.426,9.9
384,Liberia,2015,Developing,61.4,259.0,8,,0.0,52.0,1060,27.3,11,52.0,,52.0,0.9,452.38717,4499621.0,6.5,6.4,0.427,9.9
398,Liberia,2001,Developing,51.5,333.0,14,4.4,16.72142854,,1379,2.4,20,54.0,6.41,42.0,3.1,174.1815473,2991132.0,9.0,9.0,0.386,10.5
399,Liberia,2000,Developing,51.9,39.0,14,4.46,12.19709744,,5977,2.2,20,56.0,5.91,46.0,3.1,183.4149991,2884522.0,9.2,9.2,0.338,8.7
702,Libya,2001,Developing,71.0,147.0,3,0.01,362.3817951,93.0,633,53.4,3,94.0,4.6,94.0,0.1,6269.58123,,5.6,5.5,0.732,15.7
701,Libya,2002,Developing,71.1,146.0,3,0.01,29.13434871,91.0,3890,54.0,3,93.0,4.57,93.0,0.1,375.442638,,5.6,5.4,0.736,15.8
703,Libya,2000,Developing,78.0,148.0,3,0.01,457.3202236,92.0,0,52.8,3,94.0,3.41,94.0,0.1,7145.628494,,5.7,5.5,0.727,15.5
700,Libya,2003,Developing,71.3,144.0,3,0.01,295.1166511,96.0,0,54.6,3,95.0,4.6,95.0,0.1,4676.96753,,5.6,5.4,0.74,16.0
699,Libya,2004,Developing,71.5,141.0,2,0.01,31.80653288,99.0,2771,55.3,3,97.0,3.46,97.0,0.1,586.8364,,5.5,5.4,0.747,15.9
698,Libya,2005,Developing,71.9,138.0,2,0.01,472.3047034,97.0,292,56.0,3,98.0,2.71,98.0,0.1,8171.361651,,5.5,5.4,0.748,15.7
696,Libya,2007,Developing,72.5,132.0,2,0.01,54.8789106,98.0,59,57.4,3,98.0,2.63,98.0,0.1,1138.56661,,5.5,5.4,0.756,15.1
695,Libya,2008,Developing,72.6,132.0,2,0.01,532.6700005,98.0,8,58.2,2,98.0,2.4,98.0,0.1,14396.4865,,5.5,5.4,0.757,14.8
697,Libya,2006,Developing,72.2,134.0,2,0.01,493.415341,98.0,1,56.7,3,98.0,2.51,98.0,0.1,9344.987518,,5.5,5.4,0.752,15.4
693,Libya,2010,Developing,72.8,132.0,2,0.01,52.50394196,98.0,0,59.9,2,98.0,3.5,98.0,0.1,1212.56217,,5.6,5.4,0.755,14.3
692,Libya,2011,Developing,71.3,161.0,2,0.01,36.11567366,98.0,0,6.9,2,98.0,4.77,98.0,0.1,562.549434,,5.6,5.4,0.756,14.0
691,Libya,2012,Developing,72.9,133.0,2,0.01,0.0,98.0,320,61.8,2,98.0,4.3,98.0,0.1,,,5.6,5.4,0.706,13.7
690,Libya,2013,Developing,72.9,134.0,2,0.01,0.0,96.0,0,62.8,2,96.0,4.33,96.0,0.1,,,5.7,5.5,0.735,13.4
689,Libya,2014,Developing,72.4,143.0,2,0.01,0.0,94.0,372,63.8,2,94.0,4.97,94.0,0.1,,,5.7,5.5,0.73,13.4
688,Libya,2015,Developing,72.7,138.0,1,,0.0,97.0,82,64.8,2,97.0,,97.0,0.1,,,5.8,5.5,0.719,13.4
694,Libya,2009,Developing,72.7,132.0,2,0.01,63.55170297,98.0,329,59.0,2,98.0,3.16,98.0,0.1,1296.97353,,5.6,5.4,0.757,14.6
89,Madagascar,2006,Developing,61.4,263.0,36,0.68,38.41870375,82.0,2,16.3,54,83.0,5.11,85.0,0.6,292.157443,1888268.0,8.0,7.9,0.478,9.0
93,Madagascar,2002,Developing,59.3,271.0,41,0.9,47.5262138,51.0,10795,14.7,63,61.0,5.29,62.0,0.7,262.2859481,16765117.0,8.5,8.4,0.462,8.3
92,Madagascar,2003,Developing,59.9,268.0,40,0.93,37.12894787,61.0,62233,15.0,60,65.0,4.81,66.0,0.7,316.7998965,17279141.0,8.3,8.3,0.457,8.5
91,Madagascar,2004,Developing,64.0,267.0,38,0.81,23.72796328,71.0,35558,15.4,58,74.0,4.89,78.0,0.6,245.1235876,1782997.0,8.2,8.1,0.466,8.7
90,Madagascar,2005,Developing,69.0,265.0,37,0.72,33.74786198,81.0,0,15.8,56,8.0,5.3,85.0,0.6,274.819723,18336724.0,8.1,8.0,0.473,8.9
88,Madagascar,2007,Developing,61.9,261.0,35,0.71,55.43034455,84.0,0,16.7,51,83.0,4.98,84.0,0.6,377.8482928,19433523.0,7.9,7.8,0.483,9.1
80,Madagascar,2015,Developing,65.5,22.0,28,,0.0,69.0,3,2.5,38,71.0,,69.0,0.3,41.8575951,2423488.0,7.1,7.1,0.511,10.3
86,Madagascar,2009,Developing,62.8,254.0,33,0.91,71.16601203,77.0,0,17.6,47,76.0,4.7,77.0,0.5,415.6893226,2569121.0,7.7,7.6,0.5,9.7
85,Madagascar,2010,Developing,63.3,248.0,32,1.03,76.60442169,7.0,1,18.0,45,7.0,4.86,7.0,0.5,412.739341,2115164.0,7.6,7.5,0.503,10.2
84,Madagascar,2011,Developing,63.8,241.0,31,0.97,78.79967196,73.0,0,18.5,43,73.0,4.24,73.0,0.4,454.963464,21743949.0,7.5,7.4,0.504,10.2
83,Madagascar,2012,Developing,64.3,235.0,30,0.87,59.97914461,7.0,2,19.0,42,71.0,3.46,7.0,0.4,443.9611,22346573.0,7.4,7.3,0.506,10.2
82,Madagascar,2013,Developing,64.7,23.0,29,0.87,79.50882493,74.0,6,19.5,40,73.0,4.15,74.0,0.4,461.723722,22961146.0,7.3,7.2,0.508,10.3
94,Madagascar,2001,Developing,58.7,276.0,42,1.05,42.56331585,,9357,14.3,65,6.0,5.17,6.0,0.7,278.555732,1626932.0,8.6,8.5,0.456,8.2
87,Madagascar,2008,Developing,62.3,259.0,34,0.68,6.448762615,77.0,3,17.1,49,77.0,4.5,77.0,0.5,47.733254,19996469.0,7.8,7.7,0.491,9.4
95,Madagascar,2000,Developing,57.9,283.0,44,1.16,35.66125056,,35256,13.9,68,58.0,5.8,57.0,0.6,245.939659,1576686.0,8.7,8.6,0.0,8.0
81,Madagascar,2014,Developing,65.1,225.0,29,0.01,5.339065673,73.0,3,2.0,39,73.0,3.4,73.0,0.3,452.4631926,2358981.0,7.2,7.1,0.509,10.3
97,Malawi,2014,Developing,57.6,377.0,27,0.01,59.48744893,91.0,3,19.2,40,87.0,11.38,91.0,5.1,354.7253961,1768838.0,6.5,6.3,0.466,10.7
98,Malawi,2013,Developing,56.7,394.0,29,0.01,55.83107625,89.0,1,18.8,42,89.0,1.96,89.0,6.3,332.922339,16577147.0,6.5,6.4,0.459,10.7
99,Malawi,2012,Developing,55.3,42.0,31,0.01,82.76865922,96.0,11,18.4,46,95.0,12.6,96.0,8.3,374.51882,169735.0,6.6,6.5,0.454,10.7
100,Malawi,2011,Developing,54.1,441.0,32,1.23,13.77617463,97.0,26,18.0,50,97.0,11.67,97.0,11.2,512.125451,15627618.0,6.7,6.6,0.444,10.6
101,Malawi,2010,Developing,52.9,462.0,35,1.08,9.728005297,93.0,118712,17.6,54,86.0,1.5,93.0,13.7,458.8681744,1516795.0,6.8,6.7,0.43,10.2
102,Malawi,2009,Developing,51.5,491.0,36,1.16,7.915071248,93.0,21,17.3,56,93.0,1.18,93.0,14.9,42.7379657,1471462.0,6.9,6.8,0.415,9.9
104,Malawi,2007,Developing,48.5,559.0,37,1.18,4.269511381,87.0,143,16.6,59,88.0,9.31,87.0,19.3,32.2227274,1384969.0,7.1,7.0,0.387,9.7
105,Malawi,2006,Developing,47.1,587.0,38,1.18,6.847033785,99.0,1,16.2,61,99.0,8.99,99.0,21.1,297.6971211,13429262.0,7.3,7.1,0.377,9.6
106,Malawi,2005,Developing,46.0,66.0,39,1.04,5.670640102,93.0,184,15.9,62,94.0,8.2,93.0,22.4,28.3673842,1339711.0,7.4,7.2,0.371,9.7
107,Malawi,2004,Developing,45.1,615.0,40,1.11,58.13583343,89.0,1116,15.5,65,94.0,7.82,89.0,23.4,274.2256294,1267638.0,7.5,7.4,0.366,10.0
108,Malawi,2003,Developing,44.6,613.0,43,1.08,4.375316094,84.0,167,15.2,70,85.0,6.35,84.0,24.2,26.152517,12336687.0,7.6,7.5,0.362,10.3
109,Malawi,2002,Developing,44.0,67.0,46,1.1,3.885394742,64.0,92,14.8,75,79.0,4.82,64.0,24.7,29.9798977,1213711.0,7.7,7.6,0.388,10.4
110,Malawi,2001,Developing,43.5,599.0,48,1.15,12.79760626,,150,14.4,80,86.0,5.7,9.0,25.1,146.7615397,11695863.0,7.9,7.7,0.387,10.1
111,Malawi,2000,Developing,43.1,588.0,51,1.18,13.76270195,,304,14.1,84,73.0,6.7,75.0,25.5,153.2594872,11376172.0,8.0,7.9,0.391,10.7
96,Malawi,2015,Developing,58.3,365.0,26,,0.0,88.0,0,19.6,38,88.0,,88.0,4.8,362.6575444,1757367.0,6.4,6.2,0.473,10.8
103,Malawi,2008,Developing,50.0,525.0,36,1.27,74.34482999,91.0,20,16.9,58,92.0,1.7,91.0,16.9,372.842678,14271234.0,7.0,6.9,0.4,9.6
407,Mali,2008,Developing,55.5,278.0,55,0.57,102.1413744,74.0,98,19.6,94,74.0,6.74,74.0,1.6,689.6784228,14138216.0,9.2,9.0,0.36,5.8
415,Mali,2000,Developing,49.8,37.0,60,0.47,23.94507124,,1578,15.6,111,53.0,6.29,43.0,2.5,269.3483829,196769.0,11.0,1.9,0.291,4.4
401,Mali,2014,Developing,57.8,272.0,52,0.01,46.56231672,73.0,290,23.2,85,74.0,6.86,73.0,1.6,825.5729915,16962846.0,7.9,7.7,0.43,8.2
402,Mali,2013,Developing,57.3,275.0,53,0.01,36.86104319,69.0,221,22.5,86,7.0,6.58,69.0,1.6,777.659139,16477818.0,8.1,7.9,0.421,8.0
403,Mali,2012,Developing,57.2,27.0,53,0.01,96.5465827,66.0,341,21.9,88,72.0,6.47,66.0,1.5,777.3476868,16667.0,8.3,8.1,0.411,7.7
404,Mali,2011,Developing,56.8,271.0,54,0.61,101.8113996,66.0,24,21.3,90,72.0,6.59,66.0,1.5,835.88998,1554989.0,8.5,8.3,0.404,7.5
405,Mali,2010,Developing,56.5,273.0,54,0.6,9.585584394,72.0,1719,2.7,91,77.0,6.35,73.0,1.5,78.377632,157585.0,8.8,8.5,0.396,7.3
406,Mali,2009,Developing,56.0,276.0,55,0.59,84.63438925,71.0,2939,2.2,93,77.0,6.85,73.0,1.6,697.153124,1466597.0,9.0,8.8,0.385,7.1
408,Mali,2007,Developing,55.0,282.0,56,0.55,81.8405007,74.0,2,19.0,96,76.0,6.97,74.0,1.7,595.6368319,1367566.0,9.4,9.3,0.363,6.4
409,Mali,2006,Developing,54.3,288.0,57,0.53,67.70920683,9.0,128,18.5,98,79.0,6.56,78.0,1.8,521.6425796,1322764.0,9.7,9.5,0.35,6.1
410,Mali,2005,Developing,53.6,29.0,57,0.55,60.21211141,83.0,33,18.0,101,78.0,6.34,77.0,1.9,487.942556,12798763.0,9.9,9.7,0.338,5.8
411,Mali,2004,Developing,52.8,296.0,58,0.49,57.11644801,73.0,172,17.5,103,7.0,6.28,69.0,2.0,439.3572924,1239196.0,1.1,1.0,0.333,5.5
412,Mali,2003,Developing,52.0,299.0,59,0.54,6.660451777,79.0,232,17.0,106,67.0,6.25,63.0,2.2,391.791281,125128.0,1.3,1.2,0.318,5.2
413,Mali,2002,Developing,51.2,31.0,60,0.53,3.67646576,,717,16.5,108,65.0,6.32,61.0,2.3,334.22416,11638929.0,1.5,1.5,0.308,4.9
414,Mali,2001,Developing,55.0,34.0,60,0.51,4.395885717,,4464,16.1,110,56.0,6.39,49.0,2.4,36.8473237,11293258.0,1.8,1.7,0.297,4.6
400,Mali,2015,Developing,58.2,266.0,52,,0.0,64.0,215,23.8,84,66.0,,64.0,1.5,729.725338,1746795.0,7.7,7.5,0.438,8.4
431,Mauritania,2000,Developing,60.0,23.0,7,0.03,8.594570232,,0,21.1,11,58.0,5.26,51.0,1.1,477.476124,279359.0,1.9,1.7,0.443,6.4
429,Mauritania,2002,Developing,62.0,228.0,7,0.02,4.113190741,,883,22.3,12,91.0,5.31,89.0,1.2,46.9542322,2873228.0,1.5,1.3,0.446,6.5
428,Mauritania,2003,Developing,63.0,226.0,8,0.01,29.65370899,,3611,22.9,12,75.0,4.53,76.0,1.3,528.586613,2957117.0,1.3,1.1,0.447,6.6
427,Mauritania,2004,Developing,64.0,224.0,8,0.01,5.00378288,,5039,23.6,12,68.0,4.7,7.0,1.3,62.547286,342823.0,1.0,9.8,0.451,6.7
426,Mauritania,2005,Developing,66.0,223.0,8,0.01,55.12187071,42.0,127,24.2,12,71.0,4.21,71.0,1.3,697.7451989,31372.0,9.8,9.6,0.461,7.2
425,Mauritania,2006,Developing,69.0,221.0,8,0.01,55.79836969,68.0,22,24.8,12,68.0,3.21,68.0,1.3,944.134851,322653.0,9.6,9.4,0.466,7.2
424,Mauritania,2007,Developing,61.2,219.0,8,0.02,7.35400072,74.0,11,25.5,12,75.0,3.54,75.0,1.3,113.3128,3312665.0,9.4,9.1,0.475,7.4
423,Mauritania,2008,Developing,61.4,217.0,8,0.02,61.76263795,74.0,4,26.1,12,73.0,3.23,74.0,1.3,1167.535689,347541.0,9.2,8.9,0.475,7.2
422,Mauritania,2009,Developing,61.7,215.0,8,0.01,11.14504291,64.0,322,26.8,12,63.0,3.79,64.0,1.2,146.83851,356288.0,8.9,8.7,0.476,7.1
421,Mauritania,2010,Developing,62.0,214.0,8,0.01,8.353074798,64.0,1292,27.4,12,52.0,3.28,64.0,1.2,123.383675,369543.0,8.7,8.5,0.484,7.6
420,Mauritania,2011,Developing,62.2,212.0,8,0.01,79.27658464,75.0,234,28.1,12,73.0,2.87,75.0,1.2,1393.261593,3717672.0,8.5,8.3,0.487,7.7
419,Mauritania,2012,Developing,62.5,29.0,8,0.01,62.48419552,8.0,35,28.8,12,8.0,3.36,8.0,1.2,1364.283745,383239.0,8.3,8.1,0.491,7.8
418,Mauritania,2013,Developing,62.7,28.0,8,0.01,8.88028118,8.0,62,29.4,12,8.0,3.63,8.0,1.1,145.57838,394617.0,8.1,7.9,0.501,8.2
430,Mauritania,2001,Developing,61.0,229.0,7,0.01,28.782245,,1398,21.7,12,75.0,4.34,75.0,1.2,464.229758,279729.0,1.7,1.5,0.444,6.5
417,Mauritania,2014,Developing,63.0,26.0,8,0.01,80.92679802,84.0,14,3.1,12,84.0,3.77,84.0,0.9,1326.66882,46392.0,8.0,7.7,0.509,8.5
416,Mauritania,2015,Developing,63.1,25.0,8,,0.0,73.0,1,3.8,12,67.0,,73.0,0.9,1158.256469,4182341.0,7.8,7.5,0.513,8.5
126,Mauritius,2001,Developing,71.5,177.0,0,4.38,70.15536981,92.0,0,25.8,0,93.0,3.87,92.0,0.1,3792.182152,1196287.0,8.0,8.0,0.673,12.2
124,Mauritius,2003,Developing,71.5,174.0,0,4.08,407.779262,97.0,777,26.9,0,99.0,4.15,99.0,0.1,4623.347642,121337.0,7.9,7.8,0.687,12.6
125,Mauritius,2002,Developing,71.5,179.0,0,4.14,369.6317105,88.0,0,26.4,0,88.0,4.24,88.0,0.1,3957.51296,124621.0,7.9,7.9,0.683,12.5
123,Mauritius,2004,Developing,71.9,168.0,0,4.16,509.3899943,98.0,28,27.5,0,98.0,4.29,98.0,0.1,5229.876738,12213.0,7.8,7.7,0.696,12.8
122,Mauritius,2005,Developing,72.1,168.0,0,3.94,479.9234077,97.0,7,28.0,0,97.0,4.47,97.0,0.1,5116.45424,1228254.0,7.7,7.6,0.704,13.0
120,Mauritius,2007,Developing,72.9,161.0,0,3.24,582.5143743,97.0,13,29.1,0,96.0,4.24,97.0,0.1,6574.654338,123963.0,7.5,7.4,0.72,13.5
119,Mauritius,2008,Developing,72.7,166.0,0,2.49,6.6489825,99.0,12,29.7,0,99.0,4.6,99.0,0.1,83.635,1244121.0,7.4,7.3,0.728,13.6
118,Mauritius,2009,Developing,72.8,166.0,0,2.83,624.2361828,99.0,15,3.2,0,99.0,4.97,99.0,0.1,7318.12641,1247429.0,7.3,7.3,0.734,13.8
121,Mauritius,2006,Developing,71.8,165.0,0,3.73,502.3844946,97.0,3,28.6,0,98.0,4.38,97.0,0.1,5695.969327,1233996.0,7.6,7.5,0.713,13.4
116,Mauritius,2011,Developing,73.6,158.0,0,3.03,918.807245,98.0,2,31.3,0,98.0,5.2,98.0,0.1,9197.26972,125244.0,7.1,7.1,0.748,14.1
115,Mauritius,2012,Developing,73.9,154.0,0,0.01,915.1859205,98.0,0,31.8,0,98.0,4.76,98.0,0.1,9291.227619,1255882.0,7.1,7.0,0.756,14.3
114,Mauritius,2013,Developing,74.1,147.0,0,0.01,917.467628,98.0,0,32.3,0,98.0,4.82,98.0,0.1,9637.265,1258653.0,7.0,7.0,0.765,14.7
113,Mauritius,2014,Developing,74.2,148.0,0,0.01,115.2784282,97.0,0,32.8,0,98.0,4.81,97.0,0.1,1153.93822,126934.0,7.0,6.9,0.769,14.7
112,Mauritius,2015,Developing,74.6,146.0,0,,0.0,97.0,0,33.3,0,98.0,,97.0,0.1,9252.11724,126265.0,6.9,6.8,0.779,15.2
127,Mauritius,2000,Developing,71.0,177.0,0,4.6,336.3213326,88.0,0,25.3,0,88.0,3.78,88.0,0.1,3861.32414,1186873.0,8.1,8.1,0.667,12.1
117,Mauritius,2010,Developing,73.3,163.0,0,2.95,0.108055973,99.0,12,3.7,0,99.0,5.29,99.0,0.2,8.376432,1254.0,7.2,7.2,0.74,14.0
713,Morocco,2006,Developing,71.0,133.0,22,0.58,127.7632005,95.0,1217,49.9,25,97.0,5.23,97.0,0.1,2191.478567,3869346.0,6.4,6.3,0.575,10.0
718,Morocco,2001,Developing,69.0,155.0,26,0.46,71.11645,84.0,2724,45.7,30,93.0,4.44,96.0,0.1,1336.775376,29181832.0,6.7,6.5,0.53,8.5
717,Morocco,2002,Developing,69.5,15.0,25,0.46,66.72933871,92.0,6000,46.5,29,94.0,5.31,94.0,0.1,1413.757176,29512368.0,6.6,6.5,0.54,8.8
716,Morocco,2003,Developing,69.9,146.0,24,0.58,88.16506179,9.0,10841,47.3,28,91.0,5.25,91.0,0.1,1721.973863,29843937.0,6.6,6.4,0.551,9.3
715,Morocco,2004,Developing,72.0,142.0,23,0.56,100.3638322,95.0,6399,48.2,27,97.0,5.22,97.0,0.1,1948.812275,3179285.0,6.5,6.4,0.561,9.6
714,Morocco,2005,Developing,77.0,137.0,22,0.47,9.469371264,96.0,0,49.1,26,98.0,5.6,98.0,0.1,213.755559,35217.0,6.5,6.3,0.569,9.8
712,Morocco,2007,Developing,71.4,128.0,21,0.56,157.6431445,95.0,2248,5.8,25,95.0,5.48,95.0,0.1,2494.353552,31225881.0,6.4,6.3,0.581,10.0
719,Morocco,2000,Developing,68.6,16.0,27,0.45,63.42140024,43.0,7368,44.8,32,95.0,4.18,95.0,0.1,1332.382358,28849621.0,6.7,6.6,0.519,8.0
710,Morocco,2009,Developing,72.3,116.0,20,0.62,188.2902861,98.0,834,52.7,23,99.0,5.67,99.0,0.1,2861.5545,31989897.0,6.4,6.2,0.596,10.5
711,Morocco,2008,Developing,71.8,123.0,21,0.51,171.3658969,97.0,1455,51.7,24,99.0,5.41,99.0,0.1,2884.94776,31596855.0,6.4,6.3,0.589,10.3
705,Morocco,2014,Developing,74.1,96.0,18,0.43,198.7343495,99.0,10,57.5,21,99.0,5.91,99.0,0.1,3154.513484,3431882.0,6.4,6.2,0.64,12.1
706,Morocco,2013,Developing,73.9,97.0,18,0.45,179.8598949,99.0,92,56.5,21,99.0,5.94,99.0,0.1,3111.762887,33824769.0,6.4,6.2,0.634,12.1
704,Morocco,2015,Developing,74.3,95.0,17,,0.0,99.0,17,58.5,20,99.0,,99.0,0.1,2847.285569,3483322.0,6.4,6.2,0.645,12.1
708,Morocco,2011,Developing,73.3,14.0,19,0.54,22.0945504,98.0,982,54.6,22,98.0,5.99,99.0,0.1,339.91616,32858823.0,6.3,6.2,0.612,11.2
707,Morocco,2012,Developing,73.6,99.0,19,0.55,19.15853732,99.0,668,55.5,22,99.0,6.15,99.0,0.1,294.746728,33333789.0,6.3,6.2,0.623,11.6
709,Morocco,2010,Developing,72.8,11.0,20,0.56,183.6592186,98.0,633,53.6,23,99.0,5.86,99.0,0.1,2834.2472,3249639.0,6.3,6.2,0.603,10.7
128,Mozambique,2015,Developing,57.6,355.0,60,,0.0,8.0,79,22.6,81,8.0,,8.0,3.9,528.3125597,281691.0,3.6,3.5,0.414,9.1
129,Mozambique,2014,Developing,56.7,375.0,61,0.01,54.91159475,79.0,9,22.2,84,79.0,6.98,79.0,4.1,623.2871141,27212382.0,3.6,3.5,0.409,9.1
131,Mozambique,2012,Developing,54.8,48.0,64,1.19,49.90987221,76.0,145,21.3,90,73.0,5.58,76.0,6.9,566.513873,2567666.0,3.6,3.5,0.4,9.2
132,Mozambique,2011,Developing,54.3,47.0,66,0.94,40.80617976,76.0,177,2.9,94,73.0,6.23,76.0,9.6,526.5313517,249395.0,3.7,3.6,0.397,9.5
142,Mozambique,2001,Developing,49.5,48.0,90,2.09,37.82511936,25.0,7085,16.9,132,72.0,5.64,73.0,13.4,256.4414872,18588758.0,4.1,4.0,0.298,5.8
133,Mozambique,2010,Developing,54.0,47.0,69,0.96,5.743393664,74.0,2321,2.5,98,73.0,5.38,74.0,10.8,419.2258149,2422145.0,3.7,3.6,0.39,9.3
130,Mozambique,2013,Developing,55.3,46.0,62,1.16,5.813338496,78.0,8,21.8,87,78.0,5.9,78.0,5.1,65.985681,26434372.0,3.6,3.5,0.405,9.1
135,Mozambique,2008,Developing,53.2,45.0,72,1.48,0.796915785,75.0,4,19.7,104,74.0,4.91,75.0,12.6,53.127719,22846758.0,3.7,3.7,0.372,8.8
136,Mozambique,2007,Developing,52.1,425.0,74,1.03,53.9502789,75.0,267,19.3,108,75.0,5.25,75.0,14.1,422.1461573,22188387.0,3.8,3.7,0.36,8.2
137,Mozambique,2006,Developing,51.2,434.0,78,1.2,58.59644487,75.0,183,18.9,113,73.0,6.51,78.0,16.3,385.7567141,21547463.0,3.8,3.7,0.353,7.9
138,Mozambique,2005,Developing,58.0,434.0,80,1.23,67.33378735,75.0,12598,18.5,117,71.0,6.87,8.0,16.2,369.1545359,29237.0,3.9,3.8,0.341,7.3
139,Mozambique,2004,Developing,54.0,429.0,82,1.54,46.58195631,76.0,9396,18.1,120,69.0,5.91,83.0,15.9,336.3318145,231275.0,3.9,3.8,0.332,7.0
143,Mozambique,2000,Developing,49.0,43.0,93,1.14,47.17250718,,7375,16.5,136,69.0,6.16,7.0,12.2,277.6486591,1867687.0,4.2,4.1,0.291,5.4
140,Mozambique,2003,Developing,51.0,424.0,85,1.68,42.52689559,76.0,28898,17.7,124,67.0,6.39,85.0,15.3,283.8911588,19716598.0,4.0,3.9,0.318,6.7
141,Mozambique,2002,Developing,49.8,416.0,87,2.16,40.82597077,76.0,7155,17.3,127,76.0,6.45,76.0,14.5,262.884551,19139658.0,4.0,4.0,0.311,6.2
134,Mozambique,2009,Developing,53.8,4.0,70,1.18,39.75216936,74.0,60,2.1,101,74.0,5.43,74.0,11.3,463.852618,2352463.0,3.7,3.6,0.382,9.2
799,Namibia,2000,Developing,57.4,41.0,3,5.73,35.80978512,,469,24.5,4,8.0,6.11,79.0,22.8,257.99557,1899257.0,15.7,15.9,0.559,11.5
798,Namibia,2001,Developing,56.5,426.0,3,5.09,205.8078833,,416,25.1,4,79.0,6.18,78.0,23.9,1834.29486,1933596.0,15.2,15.4,0.556,11.7
797,Namibia,2002,Developing,55.7,452.0,3,5.09,203.7322893,,1278,25.8,4,78.0,6.17,77.0,24.6,1713.47594,1962147.0,14.7,14.8,0.556,11.8
796,Namibia,2003,Developing,55.0,471.0,3,5.28,294.6571552,,262,26.5,4,82.0,6.52,79.0,24.7,2482.36862,1986535.0,14.2,14.3,0.554,11.7
795,Namibia,2004,Developing,54.7,483.0,3,4.8,368.2848258,,4,27.2,4,81.0,6.47,81.0,24.0,3288.257373,29228.0,13.7,13.7,0.559,11.7
794,Namibia,2005,Developing,55.1,477.0,3,4.89,457.7200522,,4,27.9,4,86.0,7.32,86.0,22.1,3573.146387,232196.0,13.1,13.1,0.565,11.6
793,Namibia,2006,Developing,57.0,431.0,3,4.94,459.1572399,,3,28.7,4,74.0,7.2,86.0,19.2,3881.29535,255734.0,12.6,12.6,0.57,11.4
789,Namibia,2010,Developing,63.0,299.0,3,7.58,719.5535161,83.0,3138,31.8,4,83.0,7.89,83.0,6.2,5191.58381,217317.0,1.4,1.4,0.604,11.4
791,Namibia,2008,Developing,61.7,317.0,3,6.28,59.55033546,,0,3.2,4,83.0,7.15,83.0,11.7,429.6561,216375.0,11.5,11.4,0.589,11.3
790,Namibia,2009,Developing,62.4,36.0,3,7.99,575.6748069,,4076,31.0,4,83.0,8.5,83.0,8.7,4153.497885,21374.0,1.9,1.9,0.598,11.4
788,Namibia,2011,Developing,64.3,268.0,3,7.84,7.896234931,82.0,79,32.5,4,85.0,8.78,82.0,4.7,56.971392,2215621.0,9.9,9.9,0.612,11.5
787,Namibia,2012,Developing,65.8,232.0,3,0.01,796.8734263,84.0,86,33.3,4,84.0,8.24,84.0,3.7,5749.44752,2263934.0,9.5,9.4,0.619,11.5
786,Namibia,2013,Developing,66.1,232.0,3,0.01,760.6550553,89.0,1028,34.1,3,89.0,8.53,89.0,2.5,5488.131712,231652.0,9.0,8.9,0.625,11.6
785,Namibia,2014,Developing,65.9,242.0,2,0.01,751.3982719,88.0,477,34.9,3,88.0,8.93,88.0,2.2,5421.343953,237992.0,8.6,8.5,0.632,11.7
792,Namibia,2007,Developing,60.0,356.0,3,5.12,62.11039296,,21,29.4,4,81.0,6.99,86.0,15.2,422.51968,279915.0,12.0,12.0,0.578,11.3
784,Namibia,2015,Developing,65.8,248.0,2,,0.0,92.0,212,35.7,3,92.0,,92.0,2.1,4737.66996,2425561.0,8.2,8.1,0.637,11.7
436,Niger,2011,Developing,59.4,241.0,50,0.15,32.22493445,75.0,771,17.7,93,4.0,6.66,75.0,0.7,375.5819866,1764636.0,1.5,1.3,0.323,4.8
432,Niger,2015,Developing,61.8,22.0,49,,0.0,65.0,7693,19.3,87,65.0,,65.0,0.4,358.99731,19896965.0,9.6,9.4,0.351,5.4
447,Niger,2000,Developing,50.0,284.0,58,0.1,13.35783844,,21319,13.6,128,41.0,6.1,34.0,1.5,158.455972,11352973.0,12.8,12.9,0.253,2.8
446,Niger,2001,Developing,56.0,283.0,57,0.11,1.817829717,,61208,13.9,127,42.0,7.1,36.0,1.6,165.257247,11771976.0,12.7,12.7,0.255,2.9
445,Niger,2002,Developing,51.4,282.0,57,0.1,17.58722718,,31584,14.3,124,43.0,6.55,39.0,1.6,177.828384,12262.0,12.5,12.5,0.261,2.9
444,Niger,2003,Developing,52.1,28.0,56,0.1,20.26876572,,54190,14.6,121,44.0,6.23,41.0,1.6,215.8548,1265687.0,12.3,12.2,0.266,3.0
442,Niger,2005,Developing,53.7,278.0,55,0.11,3.751715442,,2183,15.4,114,46.0,7.15,45.0,1.6,25.383731,13618449.0,11.9,11.8,0.278,3.5
441,Niger,2006,Developing,54.5,277.0,54,0.11,43.42193066,,59,15.7,110,52.0,7.39,51.0,1.5,258.463873,1413264.0,11.6,11.5,0.286,3.7
440,Niger,2007,Developing,55.2,276.0,53,0.1,35.80929749,,282,16.1,106,57.0,6.94,57.0,1.4,292.55962,14668338.0,11.4,11.3,0.293,3.8
443,Niger,2004,Developing,52.9,279.0,56,0.11,20.86118432,,63057,15.0,118,45.0,6.61,43.0,1.6,232.5661574,1312712.0,12.1,12.0,0.27,3.1
438,Niger,2009,Developing,57.1,263.0,51,0.11,5.665405066,71.0,801,16.9,99,71.0,6.98,71.0,1.1,341.2894618,15813913.0,11.0,1.8,0.307,4.2
437,Niger,2010,Developing,58.2,252.0,50,0.12,5.883760536,7.0,372,17.3,95,75.0,6.36,7.0,0.9,348.151511,16425578.0,1.7,1.6,0.312,4.5
435,Niger,2012,Developing,63.0,232.0,49,0.01,29.75517982,71.0,272,18.1,90,71.0,6.11,71.0,0.7,391.515524,17731634.0,1.3,1.1,0.331,5.1
434,Niger,2013,Developing,69.0,227.0,49,0.01,31.50243237,67.0,1224,18.5,89,56.0,5.9,67.0,0.6,416.14838,18426372.0,1.0,9.9,0.341,5.3
433,Niger,2014,Developing,61.4,223.0,49,0.01,3.304039899,68.0,1142,18.9,88,67.0,5.82,68.0,0.5,43.646498,19148219.0,9.8,9.6,0.345,5.3
439,Niger,2008,Developing,56.0,272.0,52,0.12,40.37835666,,1317,16.5,102,68.0,6.76,67.0,1.3,354.8185998,15228525.0,11.2,11.0,0.298,4.0
456,Nigeria,2007,Developing,55.0,388.0,542,9.55,104.4746444,42.0,2613,2.4,863,54.0,4.47,42.0,5.2,1136.829645,14641724.0,12.3,12.3,0.477,9.1
463,Nigeria,2000,Developing,47.1,45.0,576,9.23,22.48177606,,212183,16.9,943,31.0,2.84,29.0,4.9,379.1193264,1223529.0,14.3,14.4,0.0,7.6
462,Nigeria,2001,Developing,47.4,48.0,574,9.58,15.830985,,168107,17.3,936,36.0,3.25,27.0,5.1,351.7996666,125463434.0,14.1,14.1,0.0,8.0
461,Nigeria,2002,Developing,47.7,49.0,571,9.61,17.137754,,42007,17.8,928,4.0,2.43,25.0,5.3,459.4572117,12866671.0,13.8,13.8,0.0,7.7
460,Nigeria,2003,Developing,48.1,41.0,567,9.75,30.19550849,,141258,18.3,918,42.0,4.5,29.0,5.4,512.65719,131972533.0,13.5,13.6,0.0,8.1
459,Nigeria,2004,Developing,48.5,47.0,563,9.76,57.22555815,,31521,18.8,907,43.0,4.33,33.0,5.4,648.815852,135393616.0,13.2,13.2,0.445,8.5
457,Nigeria,2006,Developing,49.8,396.0,549,9.66,10.35779424,27.0,704,19.9,879,46.0,3.66,4.0,5.3,119.743286,14261494.0,12.6,12.6,0.466,9.0
455,Nigeria,2008,Developing,59.0,386.0,536,9.3,105.5910629,41.0,9960,21.0,848,6.0,4.0,53.0,5.0,1383.893354,1534739.0,12.0,11.9,0.481,9.2
458,Nigeria,2005,Developing,49.2,4.0,556,9.71,6.416252787,18.0,110927,19.3,893,45.0,4.11,36.0,5.4,87.8938738,138939478.0,12.9,12.9,0.463,8.9
453,Nigeria,2010,Developing,52.0,374.0,521,8.9,133.1230872,49.0,8491,22.2,817,54.0,3.47,54.0,4.8,2327.3267,158578261.0,11.3,11.2,0.492,9.5
452,Nigeria,2011,Developing,52.3,375.0,513,8.75,187.5733187,46.0,18843,22.8,802,48.0,3.69,48.0,4.7,2527.9423,16287776.0,11.0,1.9,0.5,9.6
451,Nigeria,2012,Developing,52.7,374.0,505,8.54,204.7186256,42.0,6447,23.5,788,42.0,3.3,42.0,4.4,2755.297787,167297284.0,1.7,1.6,0.507,9.7
450,Nigeria,2013,Developing,53.2,367.0,498,8.3,194.2032879,46.0,52852,24.1,773,46.0,3.7,46.0,3.9,2996.96432,17182933.0,1.4,1.2,0.514,9.8
449,Nigeria,2014,Developing,53.6,362.0,490,0.01,263.2111031,49.0,6855,24.7,759,49.0,3.67,49.0,3.9,3221.678128,1764652.0,1.1,9.9,0.521,10.0
448,Nigeria,2015,Developing,54.5,344.0,483,,0.0,49.0,12423,25.4,747,49.0,,49.0,3.7,2655.157977,181181744.0,9.8,9.7,0.525,10.0
454,Nigeria,2009,Developing,51.6,376.0,527,9.05,14.5676468,63.0,1272,21.6,832,66.0,4.24,63.0,4.9,197.661422,15442181.0,11.7,11.6,0.487,9.3
159,Rwanda,2000,Developing,48.3,426.0,34,7.13,18.41791804,,2095,13.2,57,9.0,4.22,9.0,8.5,216.172747,82573.0,7.6,7.7,0.318,6.6
158,Rwanda,2001,Developing,48.6,438.0,33,5.72,0.388253772,,896,13.7,54,76.0,4.38,77.0,8.1,21.569654,832946.0,7.4,7.5,0.332,7.1
157,Rwanda,2002,Developing,57.0,415.0,31,7.82,1.9659778,88.0,2738,14.1,50,85.0,4.18,88.0,8.0,196.59778,853625.0,7.2,7.4,0.343,7.2
156,Rwanda,2003,Developing,52.0,48.0,29,6.66,33.30286123,96.0,1064,14.5,46,96.0,6.34,96.0,8.1,212.6619491,868346.0,7.0,7.3,0.359,7.6
155,Rwanda,2004,Developing,53.4,397.0,26,6.75,31.93566186,89.0,386,14.9,42,89.0,6.24,89.0,7.7,236.9114381,8818438.0,6.9,7.1,0.371,8.2
154,Rwanda,2005,Developing,55.3,37.0,24,7.01,39.44666715,95.0,129,15.4,38,95.0,6.83,95.0,7.1,287.931877,8991735.0,6.8,7.0,0.388,8.8
153,Rwanda,2006,Developing,57.6,328.0,22,6.88,78.47020226,99.0,494,15.9,34,99.0,1.2,99.0,6.2,342.3656294,92658.0,6.8,6.8,0.404,9.3
152,Rwanda,2007,Developing,59.6,295.0,20,6.78,7.409771603,97.0,26,16.5,30,98.0,8.49,97.0,5.0,44.853339,944742.0,6.8,6.7,0.424,10.1
150,Rwanda,2009,Developing,61.0,288.0,17,7.11,9.165614959,97.0,5,17.7,25,93.0,7.2,97.0,2.8,539.1538211,9977446.0,6.6,6.4,0.447,10.2
149,Rwanda,2010,Developing,62.8,26.0,16,7.92,63.78723633,97.0,121,18.3,23,93.0,7.91,97.0,2.3,563.491487,1246842.0,6.5,6.3,0.454,10.0
148,Rwanda,2011,Developing,63.8,247.0,14,8.34,9.074569426,97.0,31,18.9,20,93.0,7.71,97.0,1.3,617.317648,151671.0,6.3,6.2,0.464,10.2
147,Rwanda,2012,Developing,64.6,239.0,13,0.01,9.774676411,98.0,75,19.5,18,98.0,7.68,98.0,0.7,678.796973,1788853.0,6.1,6.1,0.475,10.5
146,Rwanda,2013,Developing,65.2,233.0,12,0.01,11.71090655,98.0,17,2.1,17,98.0,7.69,98.0,0.5,688.8768557,1165151.0,5.9,5.9,0.485,10.8
145,Rwanda,2014,Developing,65.7,23.0,12,0.01,7.549797238,98.0,10,2.8,16,98.0,7.53,98.0,0.4,76.5699517,11345357.0,5.8,5.8,0.488,10.8
144,Rwanda,2015,Developing,66.1,227.0,11,,0.0,98.0,1,21.4,15,99.0,,98.0,0.4,71.348397,11629553.0,5.7,5.7,0.493,10.8
151,Rwanda,2008,Developing,68.0,282.0,18,6.39,0.661540371,97.0,6,17.1,28,97.0,7.66,97.0,3.7,5.6687264,978169.0,6.7,6.6,0.438,10.4
647,Sao Tome and Principe,2008,Developing,65.4,215.0,0,4.36,62.8565863,99.0,0,25.4,0,99.0,5.66,99.0,0.9,1126.46212,166913.0,6.5,6.4,0.531,10.4
642,Sao Tome and Principe,2013,Developing,67.1,192.0,0,0.01,200.6600988,97.0,0,29.3,0,97.0,9.76,97.0,0.2,1619.532678,18745.0,5.7,5.5,0.559,11.0
643,Sao Tome and Principe,2012,Developing,66.9,194.0,0,0.01,8.198047581,96.0,0,28.5,0,96.0,8.6,96.0,0.5,138.949959,182889.0,5.9,5.7,0.553,10.8
644,Sao Tome and Principe,2011,Developing,66.6,198.0,0,5.69,7.495401346,96.0,0,27.7,0,96.0,5.44,96.0,0.5,134.326189,1788.0,6.0,5.9,0.546,10.6
645,Sao Tome and Principe,2010,Developing,66.2,24.0,0,5.58,63.04032682,98.0,0,26.9,0,98.0,5.24,98.0,0.5,1129.754961,174776.0,6.1,6.0,0.542,10.6
646,Sao Tome and Principe,2009,Developing,65.8,21.0,0,4.13,11.13608747,98.0,0,26.2,0,99.0,6.65,98.0,0.9,199.57146,17813.0,6.3,6.2,0.533,10.1
648,Sao Tome and Principe,2007,Developing,65.1,217.0,0,4.14,49.93698173,87.0,0,24.7,0,98.0,7.44,97.0,1.2,894.927988,16311.0,6.7,6.6,0.527,10.3
640,Sao Tome and Principe,2015,Developing,67.5,19.0,0,,0.0,96.0,0,3.9,0,96.0,,96.0,0.2,1624.63963,195553.0,5.5,5.3,0.565,11.2
650,Sao Tome and Principe,2005,Developing,64.3,222.0,0,5.27,10.8139134,96.0,0,23.4,0,97.0,1.4,97.0,1.6,81.86157,15563.0,7.0,7.0,0.514,10.0
651,Sao Tome and Principe,2004,Developing,63.8,224.0,0,5.78,9.013493879,7.0,0,22.8,0,99.0,9.94,96.0,1.6,693.345683,151969.0,7.2,7.2,0.509,9.8
652,Sao Tome and Principe,2003,Developing,63.4,225.0,0,6.54,86.42744056,43.0,0,22.2,0,94.0,11.12,94.0,1.6,649.342153,148372.0,7.4,7.4,0.504,9.7
653,Sao Tome and Principe,2002,Developing,63.1,226.0,0,5.8,50.80181435,,0,21.7,0,92.0,1.21,92.0,1.4,555.8185378,144889.0,7.6,7.6,0.501,9.6
654,Sao Tome and Principe,2001,Developing,62.8,225.0,0,5.02,3.841228575,,0,21.1,0,9.0,1.28,92.0,1.5,51.216381,141622.0,7.8,7.8,0.497,9.4
655,Sao Tome and Principe,2000,Developing,62.6,224.0,0,5.07,0.0,,0,2.7,0,87.0,8.86,82.0,1.5,,13866.0,8.0,8.1,0.488,9.3
641,Sao Tome and Principe,2014,Developing,67.3,191.0,0,0.01,225.7307751,95.0,0,3.1,0,95.0,8.35,95.0,0.2,1821.878734,191266.0,5.6,5.4,0.562,11.1
649,Sao Tome and Principe,2006,Developing,64.7,22.0,0,5.46,47.08931143,75.0,0,24.0,0,97.0,7.84,97.0,1.2,843.89447,159328.0,6.9,6.8,0.521,10.2
464,Senegal,2015,Developing,66.7,188.0,19,,0.0,89.0,58,24.3,26,85.0,,89.0,0.3,98.7256145,14976994.0,9.5,9.3,0.491,9.5
465,Senegal,2014,Developing,66.4,192.0,19,0.26,12.80528533,89.0,32,23.8,27,85.0,4.66,89.0,0.3,152.443873,14546111.0,9.7,9.5,0.483,9.1
466,Senegal,2013,Developing,66.0,196.0,20,0.26,11.8385319,92.0,17,23.2,28,89.0,4.51,92.0,0.3,148.912351,141232.0,9.9,9.7,0.474,8.7
479,Senegal,2000,Developing,57.5,25.0,27,0.29,5.397368532,,5839,17.5,50,49.0,4.63,52.0,0.5,473.45338,988452.0,12.3,12.3,0.378,5.2
478,Senegal,2001,Developing,57.9,251.0,26,0.34,6.064221202,,24789,17.9,49,49.0,4.98,52.0,0.6,481.287397,1134497.0,12.1,12.1,0.381,5.4
477,Senegal,2002,Developing,58.4,252.0,25,0.36,49.73511396,,18184,18.3,47,6.0,5.6,6.0,0.7,513.26227,1396861.0,12.0,11.9,0.397,5.7
476,Senegal,2003,Developing,59.0,251.0,25,0.33,62.21977893,,1519,18.7,44,73.0,5.4,73.0,0.7,642.7663113,16799.0,11.8,11.7,0.401,5.9
475,Senegal,2004,Developing,59.7,247.0,24,0.35,66.02236299,54.0,31,19.1,42,87.0,5.68,87.0,0.7,733.581811,1955944.0,11.6,11.5,0.408,6.2
474,Senegal,2005,Developing,65.0,242.0,23,0.33,96.03725103,84.0,0,19.5,40,84.0,5.35,84.0,0.7,773.8698713,11251266.0,11.4,11.3,0.415,6.4
473,Senegal,2006,Developing,61.3,236.0,23,0.34,10.43022617,89.0,3,19.9,38,89.0,5.44,89.0,0.7,89.838296,11556763.0,11.2,11.1,0.422,6.6
472,Senegal,2007,Developing,62.1,23.0,22,0.32,8.309152927,94.0,11,2.3,36,93.0,4.72,94.0,0.7,95.3978522,11873557.0,11.0,1.9,0.425,6.8
471,Senegal,2008,Developing,62.8,225.0,22,0.28,1.08833088,88.0,6,2.8,34,87.0,4.94,88.0,0.6,11.33678,1223957.0,1.8,1.7,0.435,7.1
470,Senegal,2009,Developing,63.5,219.0,21,0.3,1.177477677,86.0,999,21.2,33,83.0,4.81,86.0,0.5,12.566464,1255917.0,1.6,1.5,0.444,7.5
469,Senegal,2010,Developing,64.3,212.0,21,0.28,1.020071763,89.0,428,21.7,32,76.0,4.62,89.0,0.4,11.631377,12916229.0,1.4,1.3,0.449,7.7
468,Senegal,2011,Developing,64.9,26.0,20,0.32,1.431051664,92.0,18,22.2,31,89.0,4.42,92.0,0.4,18.25321,13391.0,1.2,1.1,0.455,7.9
467,Senegal,2012,Developing,65.6,2.0,20,0.28,10.20659464,91.0,46,22.7,29,83.0,4.31,91.0,0.4,136.4518,1373513.0,1.0,9.9,0.463,8.3
175,Seychelles,2000,Developing,71.8,188.0,0,8.24,601.7608115,98.0,0,27.1,0,98.0,4.62,98.0,0.1,7578.85153,81131.0,6.3,6.7,0.0,12.3
173,Seychelles,2002,Developing,72.1,186.0,0,11.15,562.3601848,99.0,0,28.1,0,99.0,4.21,99.0,0.1,8331.261997,83723.0,6.1,6.6,0.712,12.1
172,Seychelles,2003,Developing,72.1,185.0,0,7.41,843.1186662,99.0,0,28.7,0,99.0,4.64,99.0,0.1,8524.961236,82781.0,6.1,6.5,0.713,12.1
171,Seychelles,2004,Developing,72.1,186.0,0,7.91,12.94324581,99.0,0,29.2,0,99.0,4.17,99.0,0.1,1176.65871,82475.0,6.0,6.4,0.715,12.3
170,Seychelles,2005,Developing,72.2,185.0,0,7.82,21.4653132,99.0,0,3.1,0,99.0,3.91,99.0,0.1,1192.5174,82858.0,6.0,6.4,0.712,12.1
169,Seychelles,2006,Developing,72.2,185.0,0,8.12,102.373909,99.0,10,3.7,0,99.0,3.73,99.0,0.1,1214.39987,846.0,5.9,6.3,0.728,13.1
168,Seychelles,2007,Developing,72.2,185.0,0,8.12,916.4741775,99.0,1,31.2,0,99.0,3.3,99.0,0.1,12154.82994,8533.0,5.9,6.3,0.733,13.1
167,Seychelles,2008,Developing,72.2,184.0,0,6.33,701.8526364,99.0,0,31.8,0,99.0,2.64,99.0,0.1,11122.8627,86956.0,5.9,6.3,0.739,13.2
166,Seychelles,2009,Developing,72.3,182.0,0,4.94,75.2256582,99.0,0,32.4,0,99.0,2.64,99.0,0.1,976.9566,87298.0,5.8,6.2,0.739,13.2
165,Seychelles,2010,Developing,72.4,18.0,0,6.51,16.49232317,99.0,0,33.5,0,99.0,3.59,99.0,0.1,184.68447,8977.0,5.8,6.2,0.74,13.2
164,Seychelles,2011,Developing,72.6,177.0,0,9.72,1121.475547,99.0,0,34.2,0,99.0,3.38,99.0,0.1,12189.9516,87441.0,5.7,6.1,0.744,13.3
163,Seychelles,2012,Developing,72.7,174.0,0,0.01,177.2633961,99.0,0,34.8,0,98.0,4.8,98.0,0.1,12845.17363,8833.0,5.7,6.1,0.755,13.5
162,Seychelles,2013,Developing,72.9,172.0,0,0.01,1521.672751,99.0,0,35.5,0,98.0,3.58,98.0,0.1,15687.34795,89949.0,5.7,6.1,0.762,13.5
161,Seychelles,2014,Developing,73.0,17.0,0,0.01,151.1045552,99.0,0,36.2,0,99.0,3.37,99.0,0.1,1557.77892,91359.0,5.7,6.0,0.766,13.2
174,Seychelles,2001,Developing,72.0,187.0,0,6.72,643.7035752,96.0,0,27.6,0,96.0,4.45,96.0,0.1,7663.1378,8122.0,6.2,6.6,0.714,12.2
160,Seychelles,2015,Developing,73.2,168.0,0,,0.0,98.0,0,37.4,0,97.0,,97.0,0.1,1539.464,93419.0,5.7,6.0,0.781,14.1
482,Sierra Leone,2013,Developing,54.0,47.0,23,0.01,1.321464076,92.0,15,23.3,33,92.0,11.59,92.0,0.8,71.8186998,692279.0,7.7,7.6,0.413,9.3
481,Sierra Leone,2014,Developing,48.1,463.0,23,0.01,1.443286353,83.0,1006,23.8,32,83.0,11.9,83.0,0.6,78.4394757,779162.0,7.5,7.4,0.426,9.5
483,Sierra Leone,2012,Developing,49.7,411.0,25,0.01,54.56033696,91.0,678,22.7,35,91.0,11.24,91.0,0.9,561.8984239,676613.0,7.9,7.8,0.401,9.1
495,Sierra Leone,2000,Developing,39.0,533.0,29,3.97,20.39568283,,3575,17.2,48,46.0,13.63,44.0,1.2,139.3147734,4564297.0,1.3,1.4,0.292,6.7
494,Sierra Leone,2001,Developing,41.0,519.0,30,4.21,33.34691455,,649,17.5,48,38.0,11.83,38.0,1.5,227.779471,4739147.0,1.1,1.2,0.302,7.0
493,Sierra Leone,2002,Developing,48.0,513.0,30,4.06,36.59114895,,568,17.9,48,54.0,11.96,53.0,1.7,249.939542,4957216.0,9.9,1.0,0.306,7.2
492,Sierra Leone,2003,Developing,41.5,57.0,30,4.07,38.61473209,,586,18.4,47,66.0,11.69,73.0,1.9,263.7618312,5199549.0,9.7,9.8,0.322,7.4
491,Sierra Leone,2004,Developing,42.3,496.0,30,3.99,38.52454761,,7,18.8,47,69.0,11.66,65.0,2.1,263.145817,5439695.0,9.5,9.5,0.332,7.6
490,Sierra Leone,2005,Developing,43.3,48.0,30,3.83,42.08892911,,29,19.2,47,67.0,12.25,65.0,2.2,287.6891942,5658379.0,9.3,9.3,0.341,7.8
489,Sierra Leone,2006,Developing,44.3,464.0,30,3.8,38.00075788,,33,19.7,46,65.0,1.68,64.0,2.2,322.313468,5848692.0,9.1,9.1,0.348,8.0
488,Sierra Leone,2007,Developing,45.3,45.0,29,3.86,45.57108889,63.0,0,2.2,45,63.0,1.12,64.0,2.2,358.8274716,615417.0,8.9,8.9,0.357,8.2
487,Sierra Leone,2008,Developing,46.2,441.0,29,3.91,5.379606465,77.0,44,2.7,44,75.0,1.29,77.0,1.9,46.3759178,6165372.0,8.7,8.7,0.367,8.3
486,Sierra Leone,2009,Developing,47.1,433.0,28,3.97,49.8371267,84.0,31,21.2,42,81.0,13.13,84.0,1.7,394.5932439,63126.0,8.5,8.4,0.375,8.5
485,Sierra Leone,2010,Developing,48.1,424.0,27,3.84,5.347717533,86.0,1089,21.7,40,84.0,1.32,86.0,1.6,45.128418,645872.0,8.3,8.2,0.384,8.7
484,Sierra Leone,2011,Developing,48.9,418.0,26,3.78,54.6659175,89.0,1865,22.2,38,88.0,11.98,89.0,1.3,445.525,6611692.0,8.1,8.0,0.392,8.9
480,Sierra Leone,2015,Developing,51.0,413.0,22,,0.0,86.0,607,24.4,30,86.0,,86.0,0.5,587.538233,723725.0,7.4,7.3,0.431,9.5
191,Somalia,2000,Developing,55.0,355.0,45,0.01,0.0,,3965,17.8,74,37.0,,33.0,0.8,,,8.0,7.9,,
189,Somalia,2002,Developing,58.0,348.0,47,0.01,0.0,,9559,18.6,77,4.0,,4.0,0.9,,,7.8,7.6,,
177,Somalia,2014,Developing,54.3,321.0,51,0.01,0.0,42.0,10229,23.8,80,47.0,,42.0,0.8,417.89143,,6.7,6.5,,
178,Somalia,2013,Developing,54.2,318.0,51,0.01,0.0,42.0,3173,23.3,81,47.0,,42.0,0.8,47.5432354,,6.8,6.6,,
179,Somalia,2012,Developing,53.1,336.0,51,0.01,0.0,,9983,22.9,82,47.0,,42.0,0.8,,,6.8,6.7,,
180,Somalia,2011,Developing,53.1,329.0,51,0.01,0.0,,17298,22.4,82,49.0,,41.0,0.8,,,6.9,6.7,,
181,Somalia,2010,Developing,52.4,336.0,52,0.01,0.0,,115,22.0,83,49.0,,45.0,0.8,,,7.0,6.8,,
182,Somalia,2009,Developing,52.2,335.0,52,0.01,0.0,,13,21.5,84,41.0,,42.0,0.8,,,7.1,6.9,,
183,Somalia,2008,Developing,51.9,336.0,52,0.01,0.0,,1081,21.1,84,4.0,,31.0,0.9,,,7.2,7.0,,
184,Somalia,2007,Developing,51.5,34.0,52,0.01,0.0,,1149,2.7,84,4.0,,4.0,0.9,,,7.3,7.1,,
185,Somalia,2006,Developing,51.5,337.0,51,0.01,0.0,,7,2.2,83,26.0,,26.0,0.9,,,7.4,7.2,,
186,Somalia,2005,Developing,51.6,334.0,50,0.01,0.0,,0,19.8,82,35.0,,35.0,0.9,,,7.5,7.3,,
187,Somalia,2004,Developing,51.2,341.0,49,0.01,0.0,,12008,19.4,80,3.0,,3.0,0.9,,,7.6,7.4,,
188,Somalia,2003,Developing,51.1,344.0,48,0.01,0.0,,8257,19.0,78,4.0,,4.0,0.9,,,7.7,7.5,,
176,Somalia,2015,Developing,55.0,312.0,50,,0.0,42.0,7497,24.3,80,47.0,,42.0,0.7,426.98537,,6.6,6.4,,
190,Somalia,2001,Developing,57.0,352.0,46,0.01,0.0,,3571,18.2,75,33.0,,33.0,0.8,,,7.9,7.7,,
814,South Africa,2001,Developing,56.0,429.0,52,7.38,365.2585722,72.0,1166,4.9,76,71.0,8.31,71.0,24.0,2681.781,45312937.0,15.4,18.1,0.629,13.0
815,South Africa,2000,Developing,57.3,397.0,51,7.3,45.96380839,73.0,1459,4.1,73,71.0,8.7,73.0,21.3,337.2253,44896856.0,16.3,19.1,0.635,13.0
800,South Africa,2015,Developing,62.9,328.0,42,,0.0,75.0,17,51.1,52,75.0,,75.0,3.6,5769.77258,5511976.68,4.4,5.3,0.665,13.0
813,South Africa,2002,Developing,54.9,459.0,54,7.04,346.5316007,72.0,1043,41.6,79,7.0,8.9,7.0,26.6,2518.398261,45855482.88,14.5,17.1,0.62,12.9
812,South Africa,2003,Developing,54.0,485.0,55,6.93,519.1563781,71.0,244,42.2,82,7.0,8.26,69.0,28.9,3775.68275,46418193.9,13.5,16.1,0.613,12.9
811,South Africa,2004,Developing,53.7,497.0,55,6.96,622.043809,76.0,830,42.9,83,73.0,7.93,74.0,29.7,4863.51688,4717.99,12.6,15.0,0.611,12.9
810,South Africa,2005,Developing,53.8,498.0,55,8.69,709.3170967,79.0,615,43.6,84,75.0,7.77,79.0,29.5,5414.634326,476667.24,11.6,13.9,0.609,12.9
808,South Africa,2007,Developing,54.5,486.0,51,8.48,805.490079,83.0,31,45.0,79,79.0,7.53,82.0,26.4,6125.39984,48883844.99,9.7,11.7,0.612,12.9
807,South Africa,2008,Developing,55.3,473.0,50,8.19,780.0336423,76.0,39,45.7,75,77.0,7.75,79.0,23.5,5786.59972,49557573.3,8.9,1.7,0.616,12.9
809,South Africa,2006,Developing,54.0,496.0,54,8.5,732.1255305,83.0,81,44.3,82,79.0,7.57,82.0,28.1,5631.73485,4823384.48,1.6,12.8,0.609,12.9
805,South Africa,2010,Developing,58.0,428.0,43,7.28,1038.885632,71.0,12499,47.2,62,72.0,8.5,72.0,11.0,7362.76139,5979432.36,7.3,8.9,0.63,12.8
804,South Africa,2011,Developing,58.9,413.0,43,7.38,123.753335,76.0,92,47.9,58,69.0,8.61,69.0,8.5,849.954224,51729345.36,6.6,8.0,0.638,12.8
803,South Africa,2012,Developing,59.2,48.0,43,7.38,1089.954838,68.0,32,48.7,56,65.0,8.79,65.0,7.6,7548.163698,5256515.8,6.0,7.3,0.644,12.8
802,South Africa,2013,Developing,69.0,371.0,43,7.34,978.5905287,7.0,25,49.5,54,73.0,8.78,73.0,4.5,6876.953821,53311955.61,5.4,6.5,0.652,12.8
801,South Africa,2014,Developing,62.0,347.0,42,7.38,922.0507313,8.0,66,5.3,52,77.0,8.8,77.0,3.7,6479.625659,54146734.74,4.9,5.9,0.66,13.0
806,South Africa,2009,Developing,56.5,449.0,46,7.6,782.5987144,74.0,5857,46.4,70,75.0,8.39,76.0,19.0,5888.6284,5255813.11,8.1,9.8,0.622,12.8
727,Sudan,2008,Developing,61.8,251.0,64,2.01,128.6362711,78.0,129,,95,85.0,8.17,86.0,0.3,1291.528826,32955496.0,,,0.444,6.3
723,Sudan,2012,Developing,63.2,235.0,61,0.01,220.522192,92.0,8523,,89,92.0,8.2,92.0,0.3,1892.894352,3599192.0,,,0.468,6.8
724,Sudan,2011,Developing,62.7,241.0,61,2.12,196.6892153,93.0,5616,,91,93.0,8.3,93.0,0.3,1666.857757,35167314.0,,,0.463,7.0
725,Sudan,2010,Developing,62.5,243.0,62,1.77,172.0097884,75.0,680,,92,9.0,7.97,9.0,0.3,1476.47887,34385963.0,,,0.461,7.0
726,Sudan,2009,Developing,62.0,248.0,63,1.99,17.0536929,72.0,68,,94,81.0,8.4,81.0,0.3,1226.884381,3365619.0,,,0.456,6.8
728,Sudan,2007,Developing,61.4,254.0,65,2.01,86.13166944,78.0,327,,97,84.0,4.72,84.0,0.3,1115.6952,32282526.0,,,0.44,6.4
735,Sudan,2000,Developing,58.6,284.0,71,1.76,30.86000992,,2875,,109,62.0,3.23,62.0,0.1,361.35843,2725535.0,,,0.394,5.5
730,Sudan,2005,Developing,67.0,261.0,66,1.55,37.59039592,22.0,1374,,101,78.0,3.18,78.0,0.2,679.7539949,3911914.0,,,0.423,6.1
731,Sudan,2004,Developing,59.7,278.0,68,1.59,37.04479956,,9562,,102,74.0,3.39,74.0,0.2,565.569459,3186341.0,,,0.415,5.7
732,Sudan,2003,Developing,59.6,278.0,69,1.74,35.35264737,,4381,,104,69.0,3.18,69.0,0.2,477.738478,29435944.0,,,0.409,5.6
733,Sudan,2002,Developing,59.4,277.0,70,1.59,30.62287548,,4529,,106,6.0,2.95,6.0,0.2,412.1517561,28679565.0,,,0.403,5.6
734,Sudan,2001,Developing,58.9,283.0,71,1.81,28.88069657,,4362,,108,66.0,2.96,66.0,0.2,377.5254454,279455.0,,,0.399,5.6
722,Sudan,2013,Developing,63.5,232.0,60,0.01,227.8353208,93.0,2813,,88,93.0,8.42,93.0,0.3,1955.66799,36849918.0,,,0.478,7.0
729,Sudan,2006,Developing,61.0,26.0,66,1.9,60.3368571,6.0,228,,99,77.0,3.93,78.0,0.2,893.8793645,316764.0,,,0.43,6.2
721,Sudan,2014,Developing,63.8,229.0,59,0.01,253.6086508,94.0,676,,86,94.0,8.43,94.0,0.3,2176.89829,37737913.0,,,0.485,7.2
720,Sudan,2015,Developing,64.1,225.0,58,,0.0,93.0,3585,,85,93.0,,93.0,0.3,2513.884661,3864783.0,,,0.488,7.2
498,Togo,2013,Developing,59.4,287.0,14,0.01,48.73047089,84.0,564,23.1,20,84.0,5.12,84.0,1.5,579.43485,742948.0,6.8,6.6,0.47,12.0
502,Togo,2009,Developing,56.7,336.0,14,1.24,77.09551224,78.0,425,2.9,22,78.0,6.64,78.0,4.3,499.6468713,633472.0,7.5,7.4,0.442,10.6
503,Togo,2008,Developing,56.2,344.0,14,1.33,69.35924758,24.0,187,2.4,22,8.0,5.73,81.0,4.8,513.391914,6161796.0,7.7,7.6,0.441,10.1
504,Togo,2007,Developing,55.9,344.0,14,1.37,0.675682939,,8,19.8,22,72.0,5.55,82.0,5.1,42.764743,5997385.0,7.9,7.8,0.443,10.6
505,Togo,2006,Developing,55.7,345.0,15,1.37,6.226048785,,26,19.3,22,85.0,5.56,84.0,5.0,377.33629,5837792.0,8.1,8.0,0.436,10.2
506,Togo,2005,Developing,55.0,357.0,15,1.14,36.62174288,,38,18.9,22,8.0,5.17,82.0,5.0,372.1721837,5683268.0,8.4,8.3,0.435,10.1
507,Togo,2004,Developing,54.9,355.0,15,1.01,3.989928468,,61,18.4,22,71.0,5.6,71.0,5.1,349.9937253,5534598.0,8.6,8.5,0.432,10.0
508,Togo,2003,Developing,54.7,355.0,15,1.02,2.995959823,,295,17.9,22,72.0,5.0,72.0,5.2,31.437144,539141.0,8.8,8.7,0.428,9.9
509,Togo,2002,Developing,54.7,351.0,15,1.0,1.995182912,,363,17.5,22,58.0,4.7,59.0,5.3,28.832123,5251472.0,9.0,8.9,0.428,9.7
510,Togo,2001,Developing,54.6,345.0,14,0.95,2.048574874,,1833,17.1,22,51.0,4.29,5.0,5.3,26.6394652,511177.0,9.2,9.1,0.426,9.4
511,Togo,2000,Developing,54.6,339.0,14,1.1,2.02964427,,3578,16.6,22,63.0,4.35,64.0,5.1,26.3932935,497367.0,9.4,9.3,0.425,9.3
499,Togo,2012,Developing,58.9,294.0,14,0.01,41.60027954,84.0,238,22.6,21,84.0,5.11,84.0,1.7,563.6894247,6859482.0,7.0,6.8,0.464,12.0
497,Togo,2014,Developing,59.7,285.0,13,0.01,4.877350139,87.0,577,23.7,20,85.0,5.25,87.0,1.0,62.1318489,7228915.0,6.6,6.4,0.475,12.0
501,Togo,2010,Developing,57.4,323.0,14,1.21,41.96145465,83.0,120,21.4,21,83.0,5.37,83.0,3.8,487.9238913,652952.0,7.3,7.2,0.449,11.0
496,Togo,2015,Developing,59.9,287.0,13,,0.0,88.0,20,24.3,20,88.0,,88.0,1.0,551.138346,741682.0,6.5,6.2,0.484,12.0
500,Togo,2011,Developing,58.3,34.0,14,1.44,39.08258546,85.0,187,22.0,21,85.0,5.21,85.0,2.6,562.3393592,6679282.0,7.1,7.0,0.457,11.5
736,Tunisia,2015,Developing,75.3,1.0,3,,0.0,98.0,16,61.2,3,98.0,,98.0,0.1,3828.91589,11273661.0,6.5,6.4,0.723,14.6
751,Tunisia,2000,Developing,72.9,112.0,4,1.21,264.7842196,94.0,47,48.1,5,97.0,5.4,97.0,0.1,2213.91488,9699197.0,6.6,6.5,0.646,12.8
749,Tunisia,2002,Developing,73.5,19.0,4,1.17,262.8184944,93.0,98,49.7,5,96.0,5.32,96.0,0.1,2346.5937,9864326.0,6.5,6.4,0.662,13.3
748,Tunisia,2003,Developing,73.7,17.0,4,1.34,321.7694175,92.0,22,5.6,4,95.0,5.36,95.0,0.1,2761.969249,9939678.0,6.4,6.3,0.667,13.5
747,Tunisia,2004,Developing,74.0,15.0,3,1.36,379.7659054,96.0,1,51.4,4,97.0,5.63,97.0,0.1,3112.83529,11761.0,6.4,6.3,0.673,13.6
746,Tunisia,2005,Developing,74.2,14.0,3,1.37,379.5139945,97.0,15,52.2,4,98.0,5.57,98.0,0.1,3194.562243,112482.0,6.4,6.3,0.683,13.9
745,Tunisia,2006,Developing,74.4,12.0,3,1.46,420.1153538,99.0,3,53.1,4,99.0,5.64,99.0,0.1,3371.71231,1196136.0,6.3,6.3,0.689,14.2
744,Tunisia,2007,Developing,74.6,12.0,3,1.24,469.6282925,98.0,4,53.9,4,98.0,5.64,98.0,0.1,3778.184171,129887.0,6.3,6.3,0.695,14.3
750,Tunisia,2001,Developing,73.2,11.0,4,1.19,257.2878697,94.0,231,48.9,5,98.0,5.29,98.0,0.1,2254.933126,978571.0,6.5,6.4,0.654,13.1
742,Tunisia,2009,Developing,74.7,12.0,3,1.4,585.6307861,99.0,1,55.6,3,99.0,6.18,99.0,0.1,4129.977335,1521834.0,6.3,6.3,0.706,14.4
741,Tunisia,2010,Developing,74.8,12.0,3,1.28,64.85616718,98.0,1,56.5,3,98.0,6.54,98.0,0.1,414.15177,1639931.0,6.3,6.3,0.71,14.4
740,Tunisia,2011,Developing,74.8,13.0,3,1.29,623.2120325,98.0,11,57.4,3,98.0,7.15,98.0,0.1,4256.91279,1761467.0,6.4,6.3,0.714,14.5
739,Tunisia,2012,Developing,74.9,13.0,3,1.3,585.8776761,97.0,48,58.3,3,97.0,7.18,97.0,0.1,4137.55421,1886668.0,6.4,6.3,0.717,14.6
738,Tunisia,2013,Developing,74.9,13.0,3,1.29,594.6453102,98.0,16,59.3,3,98.0,7.26,98.0,0.1,4199.47253,1114558.0,6.4,6.3,0.72,14.7
737,Tunisia,2014,Developing,75.1,12.0,3,1.39,604.8701316,98.0,15,6.2,3,98.0,7.0,98.0,0.1,4271.68172,1114398.0,6.5,6.4,0.722,14.7
743,Tunisia,2008,Developing,74.7,12.0,3,1.37,53.08451654,99.0,2,54.7,3,99.0,5.63,99.0,0.1,431.9326,147336.0,6.3,6.3,0.701,14.3
204,Uganda,2003,Developing,51.0,53.0,109,10.16,4.426792406,44.0,29429,13.9,173,57.0,7.54,59.0,9.4,237.9995917,2662482.0,6.7,6.7,0.418,11.5
203,Uganda,2004,Developing,51.3,485.0,104,9.89,36.60609252,62.0,141,14.2,164,58.0,8.9,62.0,8.9,288.236949,27568436.0,6.6,6.6,0.427,11.6
202,Uganda,2005,Developing,53.2,446.0,99,10.09,44.52614001,64.0,22,14.5,155,59.0,9.36,64.0,8.7,315.788227,2854394.0,6.5,6.5,0.429,10.9
201,Uganda,2006,Developing,54.9,41.0,93,9.81,50.83901418,64.0,5736,14.8,145,62.0,9.86,64.0,8.6,336.4593923,2955662.0,6.4,6.4,0.434,10.6
200,Uganda,2007,Developing,55.5,41.0,88,9.65,6.002527685,73.0,3776,15.2,137,7.0,9.76,73.0,8.4,41.858631,359487.0,6.3,6.3,0.442,10.3
199,Uganda,2008,Developing,56.3,41.0,84,9.79,72.85023656,71.0,1319,15.6,130,69.0,9.1,71.0,8.2,449.6928183,31663896.0,6.2,6.2,0.453,10.6
192,Uganda,2015,Developing,62.3,291.0,66,,0.0,78.0,478,18.5,93,82.0,,78.0,3.1,693.8963829,414487.0,5.6,5.6,0.488,10.0
197,Uganda,2010,Developing,58.4,362.0,79,10.03,116.202964,8.0,1313,16.3,119,79.0,11.2,8.0,8.0,594.9972557,33915133.0,6.0,6.0,0.473,10.9
195,Uganda,2012,Developing,60.0,339.0,73,0.01,92.88697859,78.0,2027,17.2,109,82.0,7.58,78.0,4.6,647.74741,3636796.0,5.8,5.8,0.477,10.0
194,Uganda,2013,Developing,67.0,325.0,71,0.01,90.76144414,78.0,7878,17.6,103,82.0,7.47,78.0,4.0,662.492293,37553726.0,5.7,5.7,0.478,10.0
193,Uganda,2014,Developing,61.5,38.0,68,0.01,14.16770158,78.0,314,18.1,97,82.0,7.22,78.0,3.2,719.172669,38833338.0,5.7,5.6,0.483,10.0
207,Uganda,2000,Developing,46.6,554.0,116,10.47,22.59447461,,42554,13.0,191,55.0,6.77,52.0,11.6,257.63369,2439274.0,7.0,7.0,0.382,9.8
198,Uganda,2009,Developing,57.5,378.0,82,9.63,87.04534954,79.0,1601,15.9,124,78.0,8.43,79.0,8.1,647.17732,32771895.0,6.1,6.1,0.464,10.8
196,Uganda,2011,Developing,59.3,347.0,76,10.22,94.49686776,82.0,3312,16.7,114,82.0,9.9,82.0,6.8,584.3962137,3593648.0,5.9,5.9,0.477,10.7
206,Uganda,2001,Developing,47.7,539.0,115,10.57,26.97625217,,48543,13.3,187,56.0,7.26,55.0,10.8,234.984775,24854892.0,6.9,6.9,0.396,10.8
205,Uganda,2002,Developing,48.8,523.0,112,10.42,2.690897842,29.0,49871,13.6,181,57.0,7.78,57.0,10.0,24.2423229,2571848.0,6.8,6.8,0.404,11.0
208,United Republic of Tanzania,2015,Developing,61.8,279.0,85,,0.0,98.0,30,23.8,119,96.0,,98.0,1.4,,,6.7,6.5,,
209,United Republic of Tanzania,2014,Developing,67.0,34.0,86,0.01,0.0,97.0,88,23.2,121,97.0,5.58,97.0,1.4,,,6.8,6.6,,
210,United Republic of Tanzania,2013,Developing,59.7,323.0,86,4.2,0.0,91.0,185,22.5,124,91.0,5.57,91.0,2.1,,,6.8,6.7,,
211,United Republic of Tanzania,2012,Developing,58.6,348.0,87,3.98,0.0,92.0,1668,21.9,126,9.0,5.72,92.0,2.4,,,6.9,6.8,,
212,United Republic of Tanzania,2011,Developing,58.3,348.0,88,4.04,0.0,9.0,1622,21.3,128,88.0,5.72,9.0,3.1,,,7.0,6.9,,
213,United Republic of Tanzania,2010,Developing,57.5,36.0,89,4.19,0.0,91.0,167,2.7,131,94.0,5.3,91.0,4.6,,,7.1,7.1,,
214,United Republic of Tanzania,2009,Developing,56.9,368.0,91,3.97,0.0,85.0,1574,2.2,135,88.0,3.97,85.0,6.4,,,7.2,7.2,,
215,United Republic of Tanzania,2008,Developing,56.2,376.0,92,3.44,0.0,86.0,3413,19.6,138,89.0,4.21,86.0,7.4,,,7.3,7.3,,
217,United Republic of Tanzania,2006,Developing,53.1,437.0,96,4.07,0.0,9.0,2362,18.6,145,91.0,6.86,9.0,9.4,,,7.6,7.5,,
218,United Republic of Tanzania,2005,Developing,52.2,449.0,97,3.94,0.0,9.0,23,18.1,149,91.0,4.66,9.0,10.0,,,7.7,7.6,,
219,United Republic of Tanzania,2004,Developing,51.5,454.0,100,3.81,0.0,95.0,1419,17.7,154,95.0,4.1,95.0,10.8,,,7.8,7.8,,
220,United Republic of Tanzania,2003,Developing,58.0,459.0,103,2.34,0.0,95.0,1673,17.2,160,97.0,4.6,95.0,11.5,,,7.9,7.9,,
221,United Republic of Tanzania,2002,Developing,52.0,46.0,106,3.37,0.0,89.0,5131,16.8,166,91.0,3.59,89.0,12.1,,,8.0,8.0,,
222,United Republic of Tanzania,2001,Developing,49.6,46.0,110,4.09,0.0,,11847,16.4,173,65.0,3.28,87.0,12.5,,,8.2,8.1,,
223,United Republic of Tanzania,2000,Developing,49.2,457.0,114,3.89,0.0,,14649,16.0,181,64.0,2.64,79.0,12.8,,,8.3,8.3,,
216,United Republic of Tanzania,2007,Developing,54.5,411.0,94,4.4,0.0,83.0,7726,19.1,141,88.0,4.72,83.0,8.5,,,7.5,7.4,,
225,Zambia,2014,Developing,61.1,314.0,28,0.01,196.6675768,86.0,9,22.8,41,78.0,4.99,86.0,4.3,1738.8822,1562974.0,6.3,6.2,0.57,12.5
224,Zambia,2015,Developing,61.8,33.0,27,,0.0,9.0,9,23.4,40,9.0,,9.0,4.1,1313.889646,161587.0,6.3,6.1,0.576,12.5
239,Zambia,2000,Developing,43.8,614.0,44,2.62,45.61688038,,30930,16.8,72,85.0,7.16,85.0,18.7,341.955625,1531221.0,7.5,7.5,0.418,9.6
237,Zambia,2002,Developing,45.5,69.0,41,2.44,54.04348047,,25036,17.3,66,85.0,6.93,84.0,18.4,377.135244,111249.0,7.4,7.3,0.433,10.0
236,Zambia,2003,Developing,46.4,64.0,39,2.33,65.78997404,,881,17.6,62,85.0,8.18,83.0,18.2,429.1583434,11421984.0,7.3,7.2,0.443,10.2
234,Zambia,2005,Developing,49.3,554.0,34,2.33,121.879331,82.0,45,18.4,55,84.0,7.56,82.0,17.0,691.3178164,1252156.0,7.1,7.0,0.467,10.7
233,Zambia,2006,Developing,58.0,526.0,33,2.25,1.860003739,81.0,459,18.8,52,83.0,6.11,81.0,15.9,13.154199,12383446.0,7.0,6.9,0.479,10.9
232,Zambia,2007,Developing,52.6,487.0,32,2.08,10.85148218,8.0,535,19.2,51,77.0,4.37,8.0,13.6,114.587985,12725974.0,6.9,6.8,0.492,11.1
235,Zambia,2004,Developing,47.9,578.0,36,2.46,8.369851529,,35,18.0,59,84.0,7.33,83.0,17.6,53.2772217,11731746.0,7.2,7.1,0.456,10.5
231,Zambia,2008,Developing,55.7,45.0,31,2.12,153.6783754,87.0,140,19.7,49,9.0,4.87,87.0,11.9,1369.68249,1382517.0,6.8,6.7,0.504,11.4
230,Zambia,2009,Developing,57.4,368.0,30,2.3,143.8698873,94.0,26,2.2,47,93.0,4.73,94.0,9.1,1139.11233,13456417.0,6.7,6.6,0.518,11.6
229,Zambia,2010,Developing,58.0,363.0,30,2.47,184.3649102,83.0,15754,2.7,45,8.0,4.41,83.0,6.8,1463.213573,138533.0,6.7,6.5,0.533,11.8
228,Zambia,2011,Developing,58.2,366.0,29,2.57,183.0461695,81.0,13234,21.2,44,83.0,4.26,81.0,6.3,1644.619672,14264756.0,6.6,6.4,0.543,12.0
227,Zambia,2012,Developing,59.2,349.0,29,2.59,196.9152496,78.0,896,21.7,43,7.0,4.91,78.0,5.6,1734.93612,14699937.0,6.5,6.3,0.554,12.3
226,Zambia,2013,Developing,63.0,328.0,29,2.41,20.62306285,79.0,35,22.3,42,74.0,4.99,79.0,4.8,185.793359,1515321.0,6.4,6.2,0.565,12.5
238,Zambia,2001,Developing,44.6,611.0,43,2.61,46.83027463,,16997,17.1,70,86.0,6.56,85.0,18.6,378.2736238,1824125.0,7.4,7.4,0.424,9.8
248,Zimbabwe,2007,Developing,46.6,67.0,29,3.88,29.81456607,72.0,242,28.2,46,73.0,4.47,73.0,23.7,396.9982166,1332999.0,8.2,8.2,0.414,9.6
253,Zimbabwe,2002,Developing,44.8,73.0,25,4.43,0.0,73.0,304,26.3,40,73.0,6.53,71.0,39.8,57.34834,125525.0,1.2,1.3,0.427,10.0
252,Zimbabwe,2003,Developing,44.5,715.0,26,4.06,0.0,7.0,998,26.7,41,7.0,6.52,68.0,36.7,453.3511552,12633897.0,9.8,9.9,0.418,9.5
251,Zimbabwe,2004,Developing,44.3,723.0,27,4.36,0.0,68.0,31,27.1,42,67.0,7.13,65.0,33.6,454.366654,12777511.0,9.4,9.4,0.407,9.2
250,Zimbabwe,2005,Developing,44.6,717.0,28,4.14,8.7174087,65.0,420,27.5,43,69.0,6.44,68.0,30.3,444.76575,129432.0,9.0,9.0,0.406,9.3
249,Zimbabwe,2006,Developing,45.4,7.0,28,4.57,34.26216876,68.0,212,27.9,45,71.0,5.12,7.0,26.8,414.796232,13124267.0,8.6,8.6,0.408,9.5
247,Zimbabwe,2008,Developing,48.2,632.0,30,3.56,20.84342867,75.0,0,28.6,46,75.0,4.96,75.0,20.5,325.678573,13558469.0,7.8,7.8,0.421,9.7
255,Zimbabwe,2000,Developing,46.0,665.0,24,1.68,0.0,79.0,1483,25.5,39,78.0,7.1,78.0,43.5,547.3588785,12222251.0,11.0,11.2,0.434,9.8
245,Zimbabwe,2010,Developing,52.4,527.0,29,5.21,53.30858081,9.0,9696,29.4,44,89.0,5.37,89.0,15.7,713.63562,1486317.0,7.1,7.0,0.436,10.0
244,Zimbabwe,2011,Developing,54.9,464.0,28,6.0,63.75053034,94.0,0,29.9,42,93.0,6.31,93.0,13.3,839.927936,14386649.0,6.8,6.7,0.452,10.1
243,Zimbabwe,2012,Developing,56.6,429.0,26,6.09,92.60233636,97.0,0,3.3,39,95.0,6.69,95.0,8.8,955.648466,1471826.0,6.5,6.4,0.464,9.8
242,Zimbabwe,2013,Developing,58.0,399.0,25,6.39,10.66670728,95.0,0,3.8,36,95.0,6.88,95.0,6.8,111.227396,155456.0,6.2,6.0,0.488,10.4
241,Zimbabwe,2014,Developing,59.2,371.0,23,6.5,10.82259524,91.0,0,31.3,34,92.0,6.44,91.0,6.3,127.47462,15411675.0,5.9,5.7,0.498,10.3
240,Zimbabwe,2015,Developing,67.0,336.0,22,,0.0,87.0,0,31.8,32,88.0,,87.0,6.2,118.69383,15777451.0,5.6,5.5,0.507,10.3
246,Zimbabwe,2009,Developing,50.0,587.0,30,4.64,1.040021112,73.0,853,29.0,45,69.0,6.26,73.0,18.1,65.824121,1381599.0,7.5,7.4,0.419,9.9
254,Zimbabwe,2001,Developing,45.3,686.0,25,1.72,0.0,76.0,529,25.9,39,76.0,6.16,75.0,42.1,548.587312,12366165.0,1.6,1.7,0.427,9.8
